ISO-10303-21;
HEADER;
FILE_DESCRIPTION(('Open CASCADE Model'),'2;1');
FILE_NAME('Open CASCADE Shape Model','2026-07-23T12:04:28',('Author'),(
    'Open CASCADE'),'Open CASCADE STEP processor 7.9','Open CASCADE 7.9'
  ,'Unknown');
FILE_SCHEMA(('AUTOMOTIVE_DESIGN { 1 0 10303 214 1 1 1 1 }'));
ENDSEC;
DATA;
#1 = APPLICATION_PROTOCOL_DEFINITION('international standard',
  'automotive_design',2000,#2);
#2 = APPLICATION_CONTEXT(
  'core data for automotive mechanical design processes');
#3 = SHAPE_DEFINITION_REPRESENTATION(#4,#10);
#4 = PRODUCT_DEFINITION_SHAPE('','',#5);
#5 = PRODUCT_DEFINITION('design','',#6,#9);
#6 = PRODUCT_DEFINITION_FORMATION('','',#7);
#7 = PRODUCT('Open CASCADE STEP translator 7.9 5',
  'Open CASCADE STEP translator 7.9 5','',(#8));
#8 = PRODUCT_CONTEXT('',#2,'mechanical');
#9 = PRODUCT_DEFINITION_CONTEXT('part definition',#2,'design');
#10 = ADVANCED_BREP_SHAPE_REPRESENTATION('',(#11,#15),#2166);
#11 = AXIS2_PLACEMENT_3D('',#12,#13,#14);
#12 = CARTESIAN_POINT('',(0.,0.,0.));
#13 = DIRECTION('',(0.,0.,1.));
#14 = DIRECTION('',(1.,0.,-0.));
#15 = MANIFOLD_SOLID_BREP('',#16);
#16 = CLOSED_SHELL('',(#17,#212,#349,#530,#534,#984,#1041,#1101,#1157,
    #1510,#1565,#1569,#1624,#1628,#1683,#1687,#1742,#1746,#1801,#1805,
    #1860,#1864,#1919,#1923,#1978,#1982,#2037,#2041,#2096,#2100,#2155,
    #2159));
#17 = ADVANCED_FACE('',(#18),#31,.T.);
#18 = FACE_BOUND('',#19,.F.);
#19 = EDGE_LOOP('',(#20,#54,#77,#106,#189,#211));
#20 = ORIENTED_EDGE('',*,*,#21,.F.);
#21 = EDGE_CURVE('',#22,#22,#24,.T.);
#22 = VERTEX_POINT('',#23);
#23 = CARTESIAN_POINT('',(68.5,0.,0.));
#24 = SURFACE_CURVE('',#25,(#30,#42),.PCURVE_S1.);
#25 = CIRCLE('',#26,68.5);
#26 = AXIS2_PLACEMENT_3D('',#27,#28,#29);
#27 = CARTESIAN_POINT('',(0.,0.,0.));
#28 = DIRECTION('',(0.,0.,1.));
#29 = DIRECTION('',(1.,0.,0.));
#30 = PCURVE('',#31,#36);
#31 = CYLINDRICAL_SURFACE('',#32,68.5);
#32 = AXIS2_PLACEMENT_3D('',#33,#34,#35);
#33 = CARTESIAN_POINT('',(0.,0.,0.));
#34 = DIRECTION('',(-0.,-0.,-1.));
#35 = DIRECTION('',(1.,0.,0.));
#36 = DEFINITIONAL_REPRESENTATION('',(#37),#41);
#37 = LINE('',#38,#39);
#38 = CARTESIAN_POINT('',(-0.,0.));
#39 = VECTOR('',#40,1.);
#40 = DIRECTION('',(-1.,0.));
#41 = ( GEOMETRIC_REPRESENTATION_CONTEXT(2) 
PARAMETRIC_REPRESENTATION_CONTEXT() REPRESENTATION_CONTEXT('2D SPACE',''
  ) );
#42 = PCURVE('',#43,#48);
#43 = PLANE('',#44);
#44 = AXIS2_PLACEMENT_3D('',#45,#46,#47);
#45 = CARTESIAN_POINT('',(-3.832824897045E-15,4.869372936036E-15,0.));
#46 = DIRECTION('',(0.,0.,1.));
#47 = DIRECTION('',(1.,0.,-0.));
#48 = DEFINITIONAL_REPRESENTATION('',(#49),#53);
#49 = CIRCLE('',#50,68.5);
#50 = AXIS2_PLACEMENT_2D('',#51,#52);
#51 = CARTESIAN_POINT('',(3.832824897045E-15,-4.869372936036E-15));
#52 = DIRECTION('',(1.,0.));
#53 = ( GEOMETRIC_REPRESENTATION_CONTEXT(2) 
PARAMETRIC_REPRESENTATION_CONTEXT() REPRESENTATION_CONTEXT('2D SPACE',''
  ) );
#54 = ORIENTED_EDGE('',*,*,#55,.T.);
#55 = EDGE_CURVE('',#22,#56,#58,.T.);
#56 = VERTEX_POINT('',#57);
#57 = CARTESIAN_POINT('',(68.5,0.,9.));
#58 = SEAM_CURVE('',#59,(#63,#70),.PCURVE_S1.);
#59 = LINE('',#60,#61);
#60 = CARTESIAN_POINT('',(68.5,0.,0.));
#61 = VECTOR('',#62,1.);
#62 = DIRECTION('',(0.,0.,1.));
#63 = PCURVE('',#31,#64);
#64 = DEFINITIONAL_REPRESENTATION('',(#65),#69);
#65 = LINE('',#66,#67);
#66 = CARTESIAN_POINT('',(-0.,0.));
#67 = VECTOR('',#68,1.);
#68 = DIRECTION('',(-0.,-1.));
#69 = ( GEOMETRIC_REPRESENTATION_CONTEXT(2) 
PARAMETRIC_REPRESENTATION_CONTEXT() REPRESENTATION_CONTEXT('2D SPACE',''
  ) );
#70 = PCURVE('',#31,#71);
#71 = DEFINITIONAL_REPRESENTATION('',(#72),#76);
#72 = LINE('',#73,#74);
#73 = CARTESIAN_POINT('',(-6.28318530718,0.));
#74 = VECTOR('',#75,1.);
#75 = DIRECTION('',(-0.,-1.));
#76 = ( GEOMETRIC_REPRESENTATION_CONTEXT(2) 
PARAMETRIC_REPRESENTATION_CONTEXT() REPRESENTATION_CONTEXT('2D SPACE',''
  ) );
#77 = ORIENTED_EDGE('',*,*,#78,.T.);
#78 = EDGE_CURVE('',#56,#79,#81,.T.);
#79 = VERTEX_POINT('',#80);
#80 = CARTESIAN_POINT('',(1.540292180075,68.482680292173,9.));
#81 = SURFACE_CURVE('',#82,(#87,#94),.PCURVE_S1.);
#82 = CIRCLE('',#83,68.5);
#83 = AXIS2_PLACEMENT_3D('',#84,#85,#86);
#84 = CARTESIAN_POINT('',(0.,0.,9.));
#85 = DIRECTION('',(0.,0.,1.));
#86 = DIRECTION('',(1.,0.,0.));
#87 = PCURVE('',#31,#88);
#88 = DEFINITIONAL_REPRESENTATION('',(#89),#93);
#89 = LINE('',#90,#91);
#90 = CARTESIAN_POINT('',(-0.,-9.));
#91 = VECTOR('',#92,1.);
#92 = DIRECTION('',(-1.,0.));
#93 = ( GEOMETRIC_REPRESENTATION_CONTEXT(2) 
PARAMETRIC_REPRESENTATION_CONTEXT() REPRESENTATION_CONTEXT('2D SPACE',''
  ) );
#94 = PCURVE('',#95,#100);
#95 = PLANE('',#96);
#96 = AXIS2_PLACEMENT_3D('',#97,#98,#99);
#97 = CARTESIAN_POINT('',(-3.832824897045E-15,4.869372936036E-15,9.));
#98 = DIRECTION('',(0.,0.,1.));
#99 = DIRECTION('',(1.,0.,-0.));
#100 = DEFINITIONAL_REPRESENTATION('',(#101),#105);
#101 = CIRCLE('',#102,68.5);
#102 = AXIS2_PLACEMENT_2D('',#103,#104);
#103 = CARTESIAN_POINT('',(3.832824897045E-15,-4.869372936036E-15));
#104 = DIRECTION('',(1.,0.));
#105 = ( GEOMETRIC_REPRESENTATION_CONTEXT(2) 
PARAMETRIC_REPRESENTATION_CONTEXT() REPRESENTATION_CONTEXT('2D SPACE',''
  ) );
#106 = ORIENTED_EDGE('',*,*,#107,.F.);
#107 = EDGE_CURVE('',#108,#79,#110,.T.);
#108 = VERTEX_POINT('',#109);
#109 = CARTESIAN_POINT('',(-1.540292180075,68.482680292173,9.));
#110 = SURFACE_CURVE('',#111,(#126,#155),.PCURVE_S1.);
#111 = B_SPLINE_CURVE_WITH_KNOTS('',7,(#112,#113,#114,#115,#116,#117,
    #118,#119,#120,#121,#122,#123,#124,#125),.UNSPECIFIED.,.F.,.F.,(8,6,
    8),(2.744337896825E-07,0.500000000919,0.999999725566),
  .UNSPECIFIED.);
#112 = CARTESIAN_POINT('',(-1.540292180075,68.482680292173,9.));
#113 = CARTESIAN_POINT('',(-1.388211690927,68.486100841532,8.84383440788
    ));
#114 = CARTESIAN_POINT('',(-1.208970639376,68.489738064236,8.69673500548
    ));
#115 = CARTESIAN_POINT('',(-1.00340308823,68.493319814499,8.567165132163
    ));
#116 = CARTESIAN_POINT('',(-0.77445951107,68.496471674388,8.462416693886
    ));
#117 = CARTESIAN_POINT('',(-0.52679744993,68.49879169545,8.388496580107)
  );
#118 = CARTESIAN_POINT('',(-0.26635347585,68.5,8.35));
#119 = CARTESIAN_POINT('',(0.26635347487,68.5,8.35));
#120 = CARTESIAN_POINT('',(0.526797449804,68.498791695459,8.388496579825
    ));
#121 = CARTESIAN_POINT('',(0.774459511828,68.496471674384,8.462416693996
    ));
#122 = CARTESIAN_POINT('',(1.003403088893,68.493319814483,8.56716513267)
  );
#123 = CARTESIAN_POINT('',(1.208970639227,68.489738064236,8.696735005645
    ));
#124 = CARTESIAN_POINT('',(1.388211690277,68.486100841547,8.843834407212
    ));
#125 = CARTESIAN_POINT('',(1.540292180075,68.482680292173,9.));
#126 = PCURVE('',#31,#127);
#127 = DEFINITIONAL_REPRESENTATION('',(#128),#154);
#128 = B_SPLINE_CURVE_WITH_KNOTS('',3,(#129,#130,#131,#132,#133,#134,
    #135,#136,#137,#138,#139,#140,#141,#142,#143,#144,#145,#146,#147,
    #148,#149,#150,#151,#152,#153),.UNSPECIFIED.,.F.,.F.,(4,1,1,1,1,1,1,
    1,1,1,1,1,1,1,1,1,1,1,1,1,1,1,4),(2.744337896825E-07,
    4.545479493981E-02,9.090931544583E-02,0.136363835952,0.181818356458,
    0.227272876964,0.27272739747,0.318181917976,0.363636438482,
    0.409090958988,0.454545479494,0.5,0.545454520506,0.590909041012,
    0.636363561518,0.681818082024,0.72727260253,0.772727123036,
    0.818181643542,0.863636164048,0.909090684554,0.95454520506,
    0.999999725566),.QUASI_UNIFORM_KNOTS.);
#129 = CARTESIAN_POINT('',(-1.593284239354,-9.));
#130 = CARTESIAN_POINT('',(-1.59281331692,-8.966868184595));
#131 = CARTESIAN_POINT('',(-1.591825071338,-8.901675437881));
#132 = CARTESIAN_POINT('',(-1.59020813047,-8.808324314161));
#133 = CARTESIAN_POINT('',(-1.588460617512,-8.720664165654));
#134 = CARTESIAN_POINT('',(-1.586588735226,-8.639851249437));
#135 = CARTESIAN_POINT('',(-1.584600004087,-8.566976086918));
#136 = CARTESIAN_POINT('',(-1.582503400573,-8.503052805546));
#137 = CARTESIAN_POINT('',(-1.580309122999,-8.449019628392));
#138 = CARTESIAN_POINT('',(-1.578028829901,-8.405736375014));
#139 = CARTESIAN_POINT('',(-1.575674368863,-8.373982773053));
#140 = CARTESIAN_POINT('',(-1.573262081696,-8.35445656481));
#141 = CARTESIAN_POINT('',(-1.570796326846,-8.347771717728));
#142 = CARTESIAN_POINT('',(-1.568330571989,-8.354456564277));
#143 = CARTESIAN_POINT('',(-1.565918284811,-8.373982772127));
#144 = CARTESIAN_POINT('',(-1.563563823759,-8.405736373857));
#145 = CARTESIAN_POINT('',(-1.561283530647,-8.449019627153));
#146 = CARTESIAN_POINT('',(-1.55908925306,-8.50305280433));
#147 = CARTESIAN_POINT('',(-1.556992649536,-8.566976085777));
#148 = CARTESIAN_POINT('',(-1.555003918389,-8.639851248384));
#149 = CARTESIAN_POINT('',(-1.553132036098,-8.720664164687));
#150 = CARTESIAN_POINT('',(-1.551384523136,-8.808324313312));
#151 = CARTESIAN_POINT('',(-1.549767582262,-8.901675437266));
#152 = CARTESIAN_POINT('',(-1.548779336674,-8.966868184339));
#153 = CARTESIAN_POINT('',(-1.548308414236,-9.));
#154 = ( GEOMETRIC_REPRESENTATION_CONTEXT(2) 
PARAMETRIC_REPRESENTATION_CONTEXT() REPRESENTATION_CONTEXT('2D SPACE',''
  ) );
#155 = PCURVE('',#156,#161);
#156 = CYLINDRICAL_SURFACE('',#157,2.15);
#157 = AXIS2_PLACEMENT_3D('',#158,#159,#160);
#158 = CARTESIAN_POINT('',(0.,68.5,10.5));
#159 = DIRECTION('',(-0.,1.,-0.));
#160 = DIRECTION('',(1.,0.,0.));
#161 = DEFINITIONAL_REPRESENTATION('',(#162),#188);
#162 = B_SPLINE_CURVE_WITH_KNOTS('',3,(#163,#164,#165,#166,#167,#168,
    #169,#170,#171,#172,#173,#174,#175,#176,#177,#178,#179,#180,#181,
    #182,#183,#184,#185,#186,#187),.UNSPECIFIED.,.F.,.F.,(4,1,1,1,1,1,1,
    1,1,1,1,1,1,1,1,1,1,1,1,1,1,1,4),(2.744337896825E-07,
    4.545479493981E-02,9.090931544583E-02,0.136363835952,0.181818356458,
    0.227272876964,0.27272739747,0.318181917976,0.363636438482,
    0.409090958988,0.454545479494,0.5,0.545454520506,0.590909041012,
    0.636363561518,0.681818082024,0.72727260253,0.772727123036,
    0.818181643542,0.863636164048,0.909090684554,0.95454520506,
    0.999999725566),.QUASI_UNIFORM_KNOTS.);
#163 = CARTESIAN_POINT('',(-3.913738859928,-1.731970782687E-02));
#164 = CARTESIAN_POINT('',(-3.935247601083,-1.659449549311E-02));
#165 = CARTESIAN_POINT('',(-3.978926054952,-1.511760281352E-02));
#166 = CARTESIAN_POINT('',(-4.046255533307,-1.287333256137E-02));
#167 = CARTESIAN_POINT('',(-4.115215153964,-1.064924522265E-02));
#168 = CARTESIAN_POINT('',(-4.185660145103,-8.499210243892E-03));
#169 = CARTESIAN_POINT('',(-4.257466075329,-6.478260146108E-03));
#170 = CARTESIAN_POINT('',(-4.3305290353,-4.641478293025E-03));
#171 = CARTESIAN_POINT('',(-4.404764952515,-3.042154987355E-03));
#172 = CARTESIAN_POINT('',(-4.480097814201,-1.730125699511E-03));
#173 = CARTESIAN_POINT('',(-4.556495309732,-7.50101193001E-04));
#174 = CARTESIAN_POINT('',(-4.63382801245,-1.40090005364E-04));
#175 = CARTESIAN_POINT('',(-4.712388978755,7.004499850707E-05));
#176 = CARTESIAN_POINT('',(-4.790949945271,-1.400899886643E-04));
#177 = CARTESIAN_POINT('',(-4.868282648329,-7.501011642175E-04));
#178 = CARTESIAN_POINT('',(-4.94468014428,-1.730125664055E-03));
#179 = CARTESIAN_POINT('',(-5.020013006384,-3.042154950257E-03));
#180 = CARTESIAN_POINT('',(-5.094248923973,-4.641478257568E-03));
#181 = CARTESIAN_POINT('',(-5.167311884247,-6.478260113916E-03));
#182 = CARTESIAN_POINT('',(-5.239117814701,-8.499210215248E-03));
#183 = CARTESIAN_POINT('',(-5.309562806012,-1.064924519761E-02));
#184 = CARTESIAN_POINT('',(-5.378522426829,-1.287333254045E-02));
#185 = CARTESIAN_POINT('',(-5.445851905398,-1.511760279938E-02));
#186 = CARTESIAN_POINT('',(-5.489530359518,-1.659449548742E-02));
#187 = CARTESIAN_POINT('',(-5.511039100842,-1.731970782689E-02));
#188 = ( GEOMETRIC_REPRESENTATION_CONTEXT(2) 
PARAMETRIC_REPRESENTATION_CONTEXT() REPRESENTATION_CONTEXT('2D SPACE',''
  ) );
#189 = ORIENTED_EDGE('',*,*,#190,.T.);
#190 = EDGE_CURVE('',#108,#56,#191,.T.);
#191 = SURFACE_CURVE('',#192,(#197,#204),.PCURVE_S1.);
#192 = CIRCLE('',#193,68.5);
#193 = AXIS2_PLACEMENT_3D('',#194,#195,#196);
#194 = CARTESIAN_POINT('',(0.,0.,9.));
#195 = DIRECTION('',(0.,0.,1.));
#196 = DIRECTION('',(1.,0.,0.));
#197 = PCURVE('',#31,#198);
#198 = DEFINITIONAL_REPRESENTATION('',(#199),#203);
#199 = LINE('',#200,#201);
#200 = CARTESIAN_POINT('',(-0.,-9.));
#201 = VECTOR('',#202,1.);
#202 = DIRECTION('',(-1.,0.));
#203 = ( GEOMETRIC_REPRESENTATION_CONTEXT(2) 
PARAMETRIC_REPRESENTATION_CONTEXT() REPRESENTATION_CONTEXT('2D SPACE',''
  ) );
#204 = PCURVE('',#95,#205);
#205 = DEFINITIONAL_REPRESENTATION('',(#206),#210);
#206 = CIRCLE('',#207,68.5);
#207 = AXIS2_PLACEMENT_2D('',#208,#209);
#208 = CARTESIAN_POINT('',(3.832824897045E-15,-4.869372936036E-15));
#209 = DIRECTION('',(1.,0.));
#210 = ( GEOMETRIC_REPRESENTATION_CONTEXT(2) 
PARAMETRIC_REPRESENTATION_CONTEXT() REPRESENTATION_CONTEXT('2D SPACE',''
  ) );
#211 = ORIENTED_EDGE('',*,*,#55,.F.);
#212 = ADVANCED_FACE('',(#213),#156,.F.);
#213 = FACE_BOUND('',#214,.T.);
#214 = EDGE_LOOP('',(#215,#236,#237,#258,#313));
#215 = ORIENTED_EDGE('',*,*,#216,.T.);
#216 = EDGE_CURVE('',#217,#79,#219,.T.);
#217 = VERTEX_POINT('',#218);
#218 = CARTESIAN_POINT('',(1.540292180075,62.442277877102,9.));
#219 = SURFACE_CURVE('',#220,(#224,#230),.PCURVE_S1.);
#220 = LINE('',#221,#222);
#221 = CARTESIAN_POINT('',(1.540292180075,68.5,9.));
#222 = VECTOR('',#223,1.);
#223 = DIRECTION('',(-0.,1.,-0.));
#224 = PCURVE('',#156,#225);
#225 = DEFINITIONAL_REPRESENTATION('',(#226),#229);
#226 = B_SPLINE_CURVE_WITH_KNOTS('',1,(#227,#228),.UNSPECIFIED.,.F.,.F.,
  (2,2),(-68.5000006,6.000000070117E-07),.PIECEWISE_BEZIER_KNOTS.);
#227 = CARTESIAN_POINT('',(-5.511039100842,-68.5000006));
#228 = CARTESIAN_POINT('',(-5.511039100842,6.000000070117E-07));
#229 = ( GEOMETRIC_REPRESENTATION_CONTEXT(2) 
PARAMETRIC_REPRESENTATION_CONTEXT() REPRESENTATION_CONTEXT('2D SPACE',''
  ) );
#230 = PCURVE('',#95,#231);
#231 = DEFINITIONAL_REPRESENTATION('',(#232),#235);
#232 = B_SPLINE_CURVE_WITH_KNOTS('',1,(#233,#234),.UNSPECIFIED.,.F.,.F.,
  (2,2),(-68.5000006,6.000000070117E-07),.PIECEWISE_BEZIER_KNOTS.);
#233 = CARTESIAN_POINT('',(1.540292180075,-6.000000070117E-07));
#234 = CARTESIAN_POINT('',(1.540292180075,68.5000006));
#235 = ( GEOMETRIC_REPRESENTATION_CONTEXT(2) 
PARAMETRIC_REPRESENTATION_CONTEXT() REPRESENTATION_CONTEXT('2D SPACE',''
  ) );
#236 = ORIENTED_EDGE('',*,*,#107,.F.);
#237 = ORIENTED_EDGE('',*,*,#238,.F.);
#238 = EDGE_CURVE('',#239,#108,#241,.T.);
#239 = VERTEX_POINT('',#240);
#240 = CARTESIAN_POINT('',(-1.540292180075,62.442277877102,9.));
#241 = SURFACE_CURVE('',#242,(#246,#252),.PCURVE_S1.);
#242 = LINE('',#243,#244);
#243 = CARTESIAN_POINT('',(-1.540292180075,68.5,9.));
#244 = VECTOR('',#245,1.);
#245 = DIRECTION('',(-0.,1.,-0.));
#246 = PCURVE('',#156,#247);
#247 = DEFINITIONAL_REPRESENTATION('',(#248),#251);
#248 = B_SPLINE_CURVE_WITH_KNOTS('',1,(#249,#250),.UNSPECIFIED.,.F.,.F.,
  (2,2),(-68.5000006,6.000000070117E-07),.PIECEWISE_BEZIER_KNOTS.);
#249 = CARTESIAN_POINT('',(-3.913738859928,-68.5000006));
#250 = CARTESIAN_POINT('',(-3.913738859928,6.000000070117E-07));
#251 = ( GEOMETRIC_REPRESENTATION_CONTEXT(2) 
PARAMETRIC_REPRESENTATION_CONTEXT() REPRESENTATION_CONTEXT('2D SPACE',''
  ) );
#252 = PCURVE('',#95,#253);
#253 = DEFINITIONAL_REPRESENTATION('',(#254),#257);
#254 = B_SPLINE_CURVE_WITH_KNOTS('',1,(#255,#256),.UNSPECIFIED.,.F.,.F.,
  (2,2),(-68.5000006,6.000000070117E-07),.PIECEWISE_BEZIER_KNOTS.);
#255 = CARTESIAN_POINT('',(-1.540292180075,-6.000000070117E-07));
#256 = CARTESIAN_POINT('',(-1.540292180075,68.5000006));
#257 = ( GEOMETRIC_REPRESENTATION_CONTEXT(2) 
PARAMETRIC_REPRESENTATION_CONTEXT() REPRESENTATION_CONTEXT('2D SPACE',''
  ) );
#258 = ORIENTED_EDGE('',*,*,#259,.T.);
#259 = EDGE_CURVE('',#239,#260,#262,.T.);
#260 = VERTEX_POINT('',#261);
#261 = CARTESIAN_POINT('',(4.21154819637E-15,62.6,8.35));
#262 = SURFACE_CURVE('',#263,(#276,#292),.PCURVE_S1.);
#263 = B_SPLINE_CURVE_WITH_KNOTS('',6,(#264,#265,#266,#267,#268,#269,
    #270,#271,#272,#273,#274,#275),.UNSPECIFIED.,.F.,.F.,(7,5,7),(0.,
    0.475867097606,1.),.UNSPECIFIED.);
#264 = CARTESIAN_POINT('',(-1.540292764379,62.442277756171,9.0000006));
#265 = CARTESIAN_POINT('',(-1.455230365761,62.459882715487,
    8.912653233652));
#266 = CARTESIAN_POINT('',(-1.36252695359,62.477852048027,8.829351832498
    ));
#267 = CARTESIAN_POINT('',(-1.262129769485,62.495801705786,
    8.750931315646));
#268 = CARTESIAN_POINT('',(-1.154053205002,62.513271624814,
    8.678306771533));
#269 = CARTESIAN_POINT('',(-1.038407172643,62.529744863119,
    8.612492630474));
#270 = CARTESIAN_POINT('',(-0.779970108184,62.561102096138,
    8.490881378998));
#271 = CARTESIAN_POINT('',(-0.634998518921,62.575730686798,
    8.436486954069));
#272 = CARTESIAN_POINT('',(-0.482258577363,62.587590168047,
    8.393865687924));
#273 = CARTESIAN_POINT('',(-0.32390601999,62.595839237633,8.364708250528
    ));
#274 = CARTESIAN_POINT('',(-0.162333370645,62.6,8.35));
#275 = CARTESIAN_POINT('',(3.774758283726E-15,62.6,8.35));
#276 = PCURVE('',#156,#277);
#277 = DEFINITIONAL_REPRESENTATION('',(#278),#291);
#278 = B_SPLINE_CURVE_WITH_KNOTS('',6,(#279,#280,#281,#282,#283,#284,
    #285,#286,#287,#288,#289,#290),.UNSPECIFIED.,.F.,.F.,(7,5,7),(0.,
    0.475867097606,1.),.UNSPECIFIED.);
#279 = CARTESIAN_POINT('',(-3.913738470391,-6.057722243829));
#280 = CARTESIAN_POINT('',(-3.97044675882,-6.040117284513));
#281 = CARTESIAN_POINT('',(-4.028286082944,-6.022147951973));
#282 = CARTESIAN_POINT('',(-4.087324963369,-6.004198294214));
#283 = CARTESIAN_POINT('',(-4.14764506105,-5.986728375186));
#284 = CARTESIAN_POINT('',(-4.209348636482,-5.970255136881));
#285 = CARTESIAN_POINT('',(-4.342195334055,-5.938897903862));
#286 = CARTESIAN_POINT('',(-4.413978650283,-5.924269313202));
#287 = CARTESIAN_POINT('',(-4.48730765965,-5.912409831953));
#288 = CARTESIAN_POINT('',(-4.561735068118,-5.904160762367));
#289 = CARTESIAN_POINT('',(-4.636885087061,-5.9));
#290 = CARTESIAN_POINT('',(-4.712388980385,-5.9));
#291 = ( GEOMETRIC_REPRESENTATION_CONTEXT(2) 
PARAMETRIC_REPRESENTATION_CONTEXT() REPRESENTATION_CONTEXT('2D SPACE',''
  ) );
#292 = PCURVE('',#293,#298);
#293 = CYLINDRICAL_SURFACE('',#294,7.6);
#294 = AXIS2_PLACEMENT_3D('',#295,#296,#297);
#295 = CARTESIAN_POINT('',(3.367778697655E-15,55.,9.));
#296 = DIRECTION('',(0.,-0.,1.));
#297 = DIRECTION('',(1.110223024625E-16,1.,0.));
#298 = DEFINITIONAL_REPRESENTATION('',(#299),#312);
#299 = B_SPLINE_CURVE_WITH_KNOTS('',6,(#300,#301,#302,#303,#304,#305,
    #306,#307,#308,#309,#310,#311),.UNSPECIFIED.,.F.,.F.,(7,5,7),(0.,
    0.475867097606,1.),.UNSPECIFIED.);
#300 = CARTESIAN_POINT('',(0.204083842542,6.000000000173E-07));
#301 = CARTESIAN_POINT('',(0.192654223626,-8.73467663475E-02));
#302 = CARTESIAN_POINT('',(0.180230349856,-0.170648167502));
#303 = CARTESIAN_POINT('',(0.166813005213,-0.249068684354));
#304 = CARTESIAN_POINT('',(0.15241124811,-0.321693228467));
#305 = CARTESIAN_POINT('',(0.137044377032,-0.387507369526));
#306 = CARTESIAN_POINT('',(0.102790105318,-0.509118621002));
#307 = CARTESIAN_POINT('',(8.362191912721E-02,-0.563513045931));
#308 = CARTESIAN_POINT('',(6.347256392138E-02,-0.606134312076));
#309 = CARTESIAN_POINT('',(4.261922605274E-02,-0.635291749472));
#310 = CARTESIAN_POINT('',(2.135965403225E-02,-0.65));
#311 = CARTESIAN_POINT('',(0.,-0.65));
#312 = ( GEOMETRIC_REPRESENTATION_CONTEXT(2) 
PARAMETRIC_REPRESENTATION_CONTEXT() REPRESENTATION_CONTEXT('2D SPACE',''
  ) );
#313 = ORIENTED_EDGE('',*,*,#314,.T.);
#314 = EDGE_CURVE('',#260,#217,#315,.T.);
#315 = SURFACE_CURVE('',#316,(#325,#337),.PCURVE_S1.);
#316 = B_SPLINE_CURVE_WITH_KNOTS('',7,(#317,#318,#319,#320,#321,#322,
    #323,#324),.UNSPECIFIED.,.F.,.F.,(8,8),(0.,1.),
  .PIECEWISE_BEZIER_KNOTS.);
#317 = CARTESIAN_POINT('',(4.74861497153E-15,62.6,8.35));
#318 = CARTESIAN_POINT('',(0.268308853645,62.6,8.35));
#319 = CARTESIAN_POINT('',(0.529455043325,62.588948468319,8.389063700373
    ));
#320 = CARTESIAN_POINT('',(0.776929692415,62.567911028245,8.463440091439
    ));
#321 = CARTESIAN_POINT('',(1.005263835986,62.539401861966,8.568299638023
    ));
#322 = CARTESIAN_POINT('',(1.210135417726,62.506853609653,8.697673810484
    ));
#323 = CARTESIAN_POINT('',(1.388741576998,62.473643583275,8.84437840618)
  );
#324 = CARTESIAN_POINT('',(1.540292764379,62.442277756171,9.0000006));
#325 = PCURVE('',#156,#326);
#326 = DEFINITIONAL_REPRESENTATION('',(#327),#336);
#327 = B_SPLINE_CURVE_WITH_KNOTS('',7,(#328,#329,#330,#331,#332,#333,
    #334,#335),.UNSPECIFIED.,.F.,.F.,(8,8),(0.,1.),
  .PIECEWISE_BEZIER_KNOTS.);
#328 = CARTESIAN_POINT('',(-4.712388980385,-5.9));
#329 = CARTESIAN_POINT('',(-4.837183796033,-5.9));
#330 = CARTESIAN_POINT('',(-4.958647058902,-5.911051531681));
#331 = CARTESIAN_POINT('',(-5.076926244903,-5.932088971755));
#332 = CARTESIAN_POINT('',(-5.191888825493,-5.960598138034));
#333 = CARTESIAN_POINT('',(-5.303163276061,-5.993146390347));
#334 = CARTESIAN_POINT('',(-5.410005325043,-6.026356416725));
#335 = CARTESIAN_POINT('',(-5.511039490378,-6.057722243829));
#336 = ( GEOMETRIC_REPRESENTATION_CONTEXT(2) 
PARAMETRIC_REPRESENTATION_CONTEXT() REPRESENTATION_CONTEXT('2D SPACE',''
  ) );
#337 = PCURVE('',#293,#338);
#338 = DEFINITIONAL_REPRESENTATION('',(#339),#348);
#339 = B_SPLINE_CURVE_WITH_KNOTS('',7,(#340,#341,#342,#343,#344,#345,
    #346,#347),.UNSPECIFIED.,.F.,.F.,(8,8),(0.,1.),
  .PIECEWISE_BEZIER_KNOTS.);
#340 = CARTESIAN_POINT('',(6.28318530718,-0.65));
#341 = CARTESIAN_POINT('',(6.247881510647,-0.65));
#342 = CARTESIAN_POINT('',(6.213520120588,-0.610936299627));
#343 = CARTESIAN_POINT('',(6.180886063763,-0.536559908561));
#344 = CARTESIAN_POINT('',(6.150643017883,-0.431700361977));
#345 = CARTESIAN_POINT('',(6.123363689727,-0.302326189516));
#346 = CARTESIAN_POINT('',(6.099465013587,-0.15562159382));
#347 = CARTESIAN_POINT('',(6.079101464637,6.000000000173E-07));
#348 = ( GEOMETRIC_REPRESENTATION_CONTEXT(2) 
PARAMETRIC_REPRESENTATION_CONTEXT() REPRESENTATION_CONTEXT('2D SPACE',''
  ) );
#349 = ADVANCED_FACE('',(#350),#293,.F.);
#350 = FACE_BOUND('',#351,.F.);
#351 = EDGE_LOOP('',(#352,#353,#376,#403,#404,#405,#429,#508));
#352 = ORIENTED_EDGE('',*,*,#259,.T.);
#353 = ORIENTED_EDGE('',*,*,#354,.T.);
#354 = EDGE_CURVE('',#260,#355,#357,.T.);
#355 = VERTEX_POINT('',#356);
#356 = CARTESIAN_POINT('',(4.21154819637E-15,62.6,3.));
#357 = SEAM_CURVE('',#358,(#362,#369),.PCURVE_S1.);
#358 = LINE('',#359,#360);
#359 = CARTESIAN_POINT('',(4.21154819637E-15,62.6,9.));
#360 = VECTOR('',#361,1.);
#361 = DIRECTION('',(-0.,-0.,-1.));
#362 = PCURVE('',#293,#363);
#363 = DEFINITIONAL_REPRESENTATION('',(#364),#368);
#364 = LINE('',#365,#366);
#365 = CARTESIAN_POINT('',(6.28318530718,0.));
#366 = VECTOR('',#367,1.);
#367 = DIRECTION('',(0.,-1.));
#368 = ( GEOMETRIC_REPRESENTATION_CONTEXT(2) 
PARAMETRIC_REPRESENTATION_CONTEXT() REPRESENTATION_CONTEXT('2D SPACE',''
  ) );
#369 = PCURVE('',#293,#370);
#370 = DEFINITIONAL_REPRESENTATION('',(#371),#375);
#371 = LINE('',#372,#373);
#372 = CARTESIAN_POINT('',(0.,0.));
#373 = VECTOR('',#374,1.);
#374 = DIRECTION('',(0.,-1.));
#375 = ( GEOMETRIC_REPRESENTATION_CONTEXT(2) 
PARAMETRIC_REPRESENTATION_CONTEXT() REPRESENTATION_CONTEXT('2D SPACE',''
  ) );
#376 = ORIENTED_EDGE('',*,*,#377,.T.);
#377 = EDGE_CURVE('',#355,#355,#378,.T.);
#378 = SURFACE_CURVE('',#379,(#384,#391),.PCURVE_S1.);
#379 = CIRCLE('',#380,7.6);
#380 = AXIS2_PLACEMENT_3D('',#381,#382,#383);
#381 = CARTESIAN_POINT('',(3.367778697655E-15,55.,3.));
#382 = DIRECTION('',(0.,-0.,1.));
#383 = DIRECTION('',(1.110223024625E-16,1.,0.));
#384 = PCURVE('',#293,#385);
#385 = DEFINITIONAL_REPRESENTATION('',(#386),#390);
#386 = LINE('',#387,#388);
#387 = CARTESIAN_POINT('',(0.,-6.));
#388 = VECTOR('',#389,1.);
#389 = DIRECTION('',(1.,0.));
#390 = ( GEOMETRIC_REPRESENTATION_CONTEXT(2) 
PARAMETRIC_REPRESENTATION_CONTEXT() REPRESENTATION_CONTEXT('2D SPACE',''
  ) );
#391 = PCURVE('',#392,#397);
#392 = PLANE('',#393);
#393 = AXIS2_PLACEMENT_3D('',#394,#395,#396);
#394 = CARTESIAN_POINT('',(55.,4.960881067375E-17,3.));
#395 = DIRECTION('',(0.,0.,1.));
#396 = DIRECTION('',(1.,0.,-0.));
#397 = DEFINITIONAL_REPRESENTATION('',(#398),#402);
#398 = CIRCLE('',#399,7.6);
#399 = AXIS2_PLACEMENT_2D('',#400,#401);
#400 = CARTESIAN_POINT('',(-55.,55.));
#401 = DIRECTION('',(1.110223024625E-16,1.));
#402 = ( GEOMETRIC_REPRESENTATION_CONTEXT(2) 
PARAMETRIC_REPRESENTATION_CONTEXT() REPRESENTATION_CONTEXT('2D SPACE',''
  ) );
#403 = ORIENTED_EDGE('',*,*,#354,.F.);
#404 = ORIENTED_EDGE('',*,*,#314,.T.);
#405 = ORIENTED_EDGE('',*,*,#406,.F.);
#406 = EDGE_CURVE('',#407,#217,#409,.T.);
#407 = VERTEX_POINT('',#408);
#408 = CARTESIAN_POINT('',(1.540292180075,47.557722122898,9.));
#409 = SURFACE_CURVE('',#410,(#415,#422),.PCURVE_S1.);
#410 = CIRCLE('',#411,7.6);
#411 = AXIS2_PLACEMENT_3D('',#412,#413,#414);
#412 = CARTESIAN_POINT('',(3.367778697655E-15,55.,9.));
#413 = DIRECTION('',(0.,-0.,1.));
#414 = DIRECTION('',(1.110223024625E-16,1.,0.));
#415 = PCURVE('',#293,#416);
#416 = DEFINITIONAL_REPRESENTATION('',(#417),#421);
#417 = LINE('',#418,#419);
#418 = CARTESIAN_POINT('',(0.,0.));
#419 = VECTOR('',#420,1.);
#420 = DIRECTION('',(1.,0.));
#421 = ( GEOMETRIC_REPRESENTATION_CONTEXT(2) 
PARAMETRIC_REPRESENTATION_CONTEXT() REPRESENTATION_CONTEXT('2D SPACE',''
  ) );
#422 = PCURVE('',#95,#423);
#423 = DEFINITIONAL_REPRESENTATION('',(#424),#428);
#424 = CIRCLE('',#425,7.6);
#425 = AXIS2_PLACEMENT_2D('',#426,#427);
#426 = CARTESIAN_POINT('',(7.2006035947E-15,55.));
#427 = DIRECTION('',(1.110223024625E-16,1.));
#428 = ( GEOMETRIC_REPRESENTATION_CONTEXT(2) 
PARAMETRIC_REPRESENTATION_CONTEXT() REPRESENTATION_CONTEXT('2D SPACE',''
  ) );
#429 = ORIENTED_EDGE('',*,*,#430,.F.);
#430 = EDGE_CURVE('',#431,#407,#433,.T.);
#431 = VERTEX_POINT('',#432);
#432 = CARTESIAN_POINT('',(-1.540292180075,47.557722122898,9.));
#433 = SURFACE_CURVE('',#434,(#455,#479),.PCURVE_S1.);
#434 = B_SPLINE_CURVE_WITH_KNOTS('',7,(#435,#436,#437,#438,#439,#440,
    #441,#442,#443,#444,#445,#446,#447,#448,#449,#450,#451,#452,#453,
    #454),.UNSPECIFIED.,.F.,.F.,(8,6,6,8),(0.,0.236669256093,
    0.49734318116,1.),.UNSPECIFIED.);
#435 = CARTESIAN_POINT('',(-1.540292764379,47.557722243829,9.0000006));
#436 = CARTESIAN_POINT('',(-1.467382136969,47.542632278696,
    8.925131428821));
#437 = CARTESIAN_POINT('',(-1.389013642779,47.527282046985,8.85315223283
    ));
#438 = CARTESIAN_POINT('',(-1.305157134123,47.511891004686,
    8.784540108602));
#439 = CARTESIAN_POINT('',(-1.215811241872,47.496711186062,
    8.719806511039));
#440 = CARTESIAN_POINT('',(-1.121011481468,47.482021735669,
    8.659502731225));
#441 = CARTESIAN_POINT('',(-1.020838358929,47.468123440382,
    8.604225374277));
#442 = CARTESIAN_POINT('',(-0.799320875135,47.441245812084,8.49998715874
    ));
#443 = CARTESIAN_POINT('',(-0.676418972996,47.428448910534,
    8.452028218335));
#444 = CARTESIAN_POINT('',(-0.547718552319,47.417492466774,
    8.412131944844));
#445 = CARTESIAN_POINT('',(-0.414393195634,47.408874516416,
    8.381369643326));
#446 = CARTESIAN_POINT('',(-0.277742405891,47.402971973119,
    8.360505893234));
#447 = CARTESIAN_POINT('',(-0.139142889121,47.4,8.35));
#448 = CARTESIAN_POINT('',(0.268308853645,47.4,8.35));
#449 = CARTESIAN_POINT('',(0.529455043326,47.411051531681,8.389063700373
    ));
#450 = CARTESIAN_POINT('',(0.776929692415,47.432088971755,8.463440091438
    ));
#451 = CARTESIAN_POINT('',(1.005263835986,47.460598138034,8.568299638023
    ));
#452 = CARTESIAN_POINT('',(1.210135417726,47.493146390347,8.697673810484
    ));
#453 = CARTESIAN_POINT('',(1.388741576998,47.526356416725,8.84437840618)
  );
#454 = CARTESIAN_POINT('',(1.540292764379,47.557722243829,9.0000006));
#455 = PCURVE('',#293,#456);
#456 = DEFINITIONAL_REPRESENTATION('',(#457),#478);
#457 = B_SPLINE_CURVE_WITH_KNOTS('',7,(#458,#459,#460,#461,#462,#463,
    #464,#465,#466,#467,#468,#469,#470,#471,#472,#473,#474,#475,#476,
    #477),.UNSPECIFIED.,.F.,.F.,(8,6,6,8),(0.,0.236669256093,
    0.49734318116,1.),.UNSPECIFIED.);
#458 = CARTESIAN_POINT('',(2.937508811048,6.000000000173E-07));
#459 = CARTESIAN_POINT('',(2.947305627264,-7.486857117895E-02));
#460 = CARTESIAN_POINT('',(2.957812625514,-0.14684776717));
#461 = CARTESIAN_POINT('',(2.969029357812,-0.215459891398));
#462 = CARTESIAN_POINT('',(2.980951829989,-0.280193488961));
#463 = CARTESIAN_POINT('',(2.993571940074,-0.340497268775));
#464 = CARTESIAN_POINT('',(3.006876916685,-0.395774625723));
#465 = CARTESIAN_POINT('',(3.036237721008,-0.50001284126));
#466 = CARTESIAN_POINT('',(3.052494109837,-0.547971781665));
#467 = CARTESIAN_POINT('',(3.069484651723,-0.587868055156));
#468 = CARTESIAN_POINT('',(3.087057234469,-0.618630356674));
#469 = CARTESIAN_POINT('',(3.105047590972,-0.639494106766));
#470 = CARTESIAN_POINT('',(3.123284378705,-0.65));
#471 = CARTESIAN_POINT('',(3.176896450122,-0.65));
#472 = CARTESIAN_POINT('',(3.211257840182,-0.610936299627));
#473 = CARTESIAN_POINT('',(3.243891897006,-0.536559908562));
#474 = CARTESIAN_POINT('',(3.274134942887,-0.431700361977));
#475 = CARTESIAN_POINT('',(3.301414271042,-0.302326189516));
#476 = CARTESIAN_POINT('',(3.325312947183,-0.15562159382));
#477 = CARTESIAN_POINT('',(3.345676496132,6.000000000173E-07));
#478 = ( GEOMETRIC_REPRESENTATION_CONTEXT(2) 
PARAMETRIC_REPRESENTATION_CONTEXT() REPRESENTATION_CONTEXT('2D SPACE',''
  ) );
#479 = PCURVE('',#480,#485);
#480 = CYLINDRICAL_SURFACE('',#481,2.15);
#481 = AXIS2_PLACEMENT_3D('',#482,#483,#484);
#482 = CARTESIAN_POINT('',(0.,68.5,10.5));
#483 = DIRECTION('',(-0.,1.,-0.));
#484 = DIRECTION('',(1.,0.,0.));
#485 = DEFINITIONAL_REPRESENTATION('',(#486),#507);
#486 = B_SPLINE_CURVE_WITH_KNOTS('',7,(#487,#488,#489,#490,#491,#492,
    #493,#494,#495,#496,#497,#498,#499,#500,#501,#502,#503,#504,#505,
    #506),.UNSPECIFIED.,.F.,.F.,(8,6,6,8),(2.709518302498E-07,
    0.236669256093,0.49734318116,0.999999723144),.UNSPECIFIED.);
#487 = CARTESIAN_POINT('',(-3.913738859928,-20.9422778771));
#488 = CARTESIAN_POINT('',(-3.962345914212,-20.95736782674));
#489 = CARTESIAN_POINT('',(-4.01176084948,-20.97271804111));
#490 = CARTESIAN_POINT('',(-4.062022820285,-20.98810906482));
#491 = CARTESIAN_POINT('',(-4.113176612726,-21.00328886439));
#492 = CARTESIAN_POINT('',(-4.165274775628,-21.01797829615));
#493 = CARTESIAN_POINT('',(-4.218379751733,-21.03187657426));
#494 = CARTESIAN_POINT('',(-4.332248287603,-21.05875418791));
#495 = CARTESIAN_POINT('',(-4.393469131361,-21.07155108946));
#496 = CARTESIAN_POINT('',(-4.455880941349,-21.08250753322));
#497 = CARTESIAN_POINT('',(-4.519205120421,-21.09112548358));
#498 = CARTESIAN_POINT('',(-4.583206502102,-21.09702802688));
#499 = CARTESIAN_POINT('',(-4.647671357538,-21.1));
#500 = CARTESIAN_POINT('',(-4.837183727298,-21.1));
#501 = CARTESIAN_POINT('',(-4.958646925102,-21.08894848049));
#502 = CARTESIAN_POINT('',(-5.076926049464,-21.067911063));
#503 = CARTESIAN_POINT('',(-5.191888572214,-21.03940192477));
#504 = CARTESIAN_POINT('',(-5.303162969619,-21.00685369928));
#505 = CARTESIAN_POINT('',(-5.410004971962,-20.97364369302));
#506 = CARTESIAN_POINT('',(-5.511039100842,-20.9422778771));
#507 = ( GEOMETRIC_REPRESENTATION_CONTEXT(2) 
PARAMETRIC_REPRESENTATION_CONTEXT() REPRESENTATION_CONTEXT('2D SPACE',''
  ) );
#508 = ORIENTED_EDGE('',*,*,#509,.F.);
#509 = EDGE_CURVE('',#239,#431,#510,.T.);
#510 = SURFACE_CURVE('',#511,(#516,#523),.PCURVE_S1.);
#511 = CIRCLE('',#512,7.6);
#512 = AXIS2_PLACEMENT_3D('',#513,#514,#515);
#513 = CARTESIAN_POINT('',(3.367778697655E-15,55.,9.));
#514 = DIRECTION('',(0.,-0.,1.));
#515 = DIRECTION('',(1.110223024625E-16,1.,0.));
#516 = PCURVE('',#293,#517);
#517 = DEFINITIONAL_REPRESENTATION('',(#518),#522);
#518 = LINE('',#519,#520);
#519 = CARTESIAN_POINT('',(0.,0.));
#520 = VECTOR('',#521,1.);
#521 = DIRECTION('',(1.,0.));
#522 = ( GEOMETRIC_REPRESENTATION_CONTEXT(2) 
PARAMETRIC_REPRESENTATION_CONTEXT() REPRESENTATION_CONTEXT('2D SPACE',''
  ) );
#523 = PCURVE('',#95,#524);
#524 = DEFINITIONAL_REPRESENTATION('',(#525),#529);
#525 = CIRCLE('',#526,7.6);
#526 = AXIS2_PLACEMENT_2D('',#527,#528);
#527 = CARTESIAN_POINT('',(7.2006035947E-15,55.));
#528 = DIRECTION('',(1.110223024625E-16,1.));
#529 = ( GEOMETRIC_REPRESENTATION_CONTEXT(2) 
PARAMETRIC_REPRESENTATION_CONTEXT() REPRESENTATION_CONTEXT('2D SPACE',''
  ) );
#530 = ADVANCED_FACE('',(#531),#392,.T.);
#531 = FACE_BOUND('',#532,.T.);
#532 = EDGE_LOOP('',(#533));
#533 = ORIENTED_EDGE('',*,*,#377,.T.);
#534 = ADVANCED_FACE('',(#535),#480,.F.);
#535 = FACE_BOUND('',#536,.T.);
#536 = EDGE_LOOP('',(#537,#747,#773,#856,#875,#876,#897,#965));
#537 = ORIENTED_EDGE('',*,*,#538,.F.);
#538 = EDGE_CURVE('',#539,#541,#543,.T.);
#539 = VERTEX_POINT('',#540);
#540 = CARTESIAN_POINT('',(1.540292180075,8.003124389887,12.));
#541 = VERTEX_POINT('',#542);
#542 = CARTESIAN_POINT('',(-1.540292180075,8.003124389887,12.));
#543 = SURFACE_CURVE('',#544,(#596,#669),.PCURVE_S1.);
#544 = B_SPLINE_CURVE_WITH_KNOTS('',8,(#545,#546,#547,#548,#549,#550,
    #551,#552,#553,#554,#555,#556,#557,#558,#559,#560,#561,#562,#563,
    #564,#565,#566,#567,#568,#569,#570,#571,#572,#573,#574,#575,#576,
    #577,#578,#579,#580,#581,#582,#583,#584,#585,#586,#587,#588,#589,
    #590,#591,#592,#593,#594,#595),.UNSPECIFIED.,.F.,.F.,(9,7,7,7,7,7,7,
    9),(0.,0.999999531566,1.928344008961,2.856850259119,4.200537075718,
    5.682330007893,6.457870745583,7.031289391249),.UNSPECIFIED.);
#545 = CARTESIAN_POINT('',(1.540292180075,8.003124389887,12.));
#546 = CARTESIAN_POINT('',(1.696211947957,7.973115859782,11.839892000545
    ));
#547 = CARTESIAN_POINT('',(1.828023353817,7.944146970415,11.66648716673)
  );
#548 = CARTESIAN_POINT('',(1.936460186572,7.917971169822,11.483372488356
    ));
#549 = CARTESIAN_POINT('',(2.022300160178,7.895875309187,11.293247279211
    ));
#550 = CARTESIAN_POINT('',(2.086220434365,7.878740873713,11.098218646664
    ));
#551 = CARTESIAN_POINT('',(2.128709037739,7.867120476118,10.900013650996
    ));
#552 = CARTESIAN_POINT('',(2.15,7.861297602813,10.700136609453));
#553 = CARTESIAN_POINT('',(2.15,7.861297602813,10.314204196857));
#554 = CARTESIAN_POINT('',(2.131650280352,7.866316136664,10.128472999992
    ));
#555 = CARTESIAN_POINT('',(2.094974259133,7.876346557848,9.944889923685)
  );
#556 = CARTESIAN_POINT('',(2.040266583349,7.891051211545,9.765514592754)
  );
#557 = CARTESIAN_POINT('',(1.968088032544,7.909761418278,9.592378896373)
  );
#558 = CARTESIAN_POINT('',(1.879275928004,7.931540788315,9.427456239834)
  );
#559 = CARTESIAN_POINT('',(1.774963725807,7.955288597748,9.272611391474)
  );
#560 = CARTESIAN_POINT('',(1.53822259274,8.00443559846,8.986440520795));
#561 = CARTESIAN_POINT('',(1.405676405812,8.029858222736,8.854982597303)
  );
#562 = CARTESIAN_POINT('',(1.260338483845,8.054992494885,8.736857260971)
  );
#563 = CARTESIAN_POINT('',(1.103806419111,8.078665340242,8.633513460674)
  );
#564 = CARTESIAN_POINT('',(0.937849901951,8.099789866702,8.54615186342)
  );
#565 = CARTESIAN_POINT('',(0.764367662393,8.117458461429,8.475717973267)
  );
#566 = CARTESIAN_POINT('',(0.585353274916,8.131005062185,8.422892990482)
  );
#567 = CARTESIAN_POINT('',(0.138789100967,8.153106588257,8.337706318355)
  );
#568 = CARTESIAN_POINT('',(-0.131645726526,8.156676054337,8.325230676653
    ));
#569 = CARTESIAN_POINT('',(-0.400498903107,8.149586640554,8.351727995656
    ));
#570 = CARTESIAN_POINT('',(-0.659718716461,8.132254248592,8.415708748962
    ));
#571 = CARTESIAN_POINT('',(-0.901810726884,8.106809389298,8.513282401891
    ));
#572 = CARTESIAN_POINT('',(-1.120389691245,8.076715258243,8.638200101574
    ));
#573 = CARTESIAN_POINT('',(-1.311029479644,8.04552125748,8.781766160015)
  );
#574 = CARTESIAN_POINT('',(-1.649044869175,7.983460058284,9.099183738713
    ));
#575 = CARTESIAN_POINT('',(-1.798224200101,7.951438689645,9.282392022528
    ));
#576 = CARTESIAN_POINT('',(-1.920175867836,7.922279086733,9.477566573686
    ));
#577 = CARTESIAN_POINT('',(-2.015891385676,7.897677635909,9.681209205114
    ));
#578 = CARTESIAN_POINT('',(-2.086253212603,7.878769811035,9.890655365072
    ));
#579 = CARTESIAN_POINT('',(-2.131896687258,7.866246204219,
    10.103767232386));
#580 = CARTESIAN_POINT('',(-2.15311317787,7.860446292068,10.318711649832
    ));
#581 = CARTESIAN_POINT('',(-2.147966563512,7.861853661977,
    10.646328347918));
#582 = CARTESIAN_POINT('',(-2.139462717555,7.864178767356,
    10.758804205954));
#583 = CARTESIAN_POINT('',(-2.124222552417,7.86833857195,10.870917183288
    ));
#584 = CARTESIAN_POINT('',(-2.102221450794,7.874299015668,
    10.982382213684));
#585 = CARTESIAN_POINT('',(-2.073412651217,7.881997123588,
    11.092901393919));
#586 = CARTESIAN_POINT('',(-2.03772905163,7.89133926804,11.202155089983)
  );
#587 = CARTESIAN_POINT('',(-1.995085012981,7.902199430683,
    11.309793043287));
#588 = CARTESIAN_POINT('',(-1.908625954536,7.923451224012,
    11.493527895032));
#589 = CARTESIAN_POINT('',(-1.868010840978,7.933227624297,11.57053753386
    ));
#590 = CARTESIAN_POINT('',(-1.823486528785,7.943683010791,
    11.646305647082));
#591 = CARTESIAN_POINT('',(-1.775000339442,7.954743264936,11.72066716358
    ));
#592 = CARTESIAN_POINT('',(-1.722495573921,7.966322733548,
    11.793437571846));
#593 = CARTESIAN_POINT('',(-1.665913877337,7.978323158099,
    11.864409804443));
#594 = CARTESIAN_POINT('',(-1.6051976036,7.990632604,11.933351122466));
#595 = CARTESIAN_POINT('',(-1.540292180075,8.003124389887,12.));
#596 = PCURVE('',#480,#597);
#597 = DEFINITIONAL_REPRESENTATION('',(#598),#668);
#598 = B_SPLINE_CURVE_WITH_KNOTS('',3,(#599,#600,#601,#602,#603,#604,
    #605,#606,#607,#608,#609,#610,#611,#612,#613,#614,#615,#616,#617,
    #618,#619,#620,#621,#622,#623,#624,#625,#626,#627,#628,#629,#630,
    #631,#632,#633,#634,#635,#636,#637,#638,#639,#640,#641,#642,#643,
    #644,#645,#646,#647,#648,#649,#650,#651,#652,#653,#654,#655,#656,
    #657,#658,#659,#660,#661,#662,#663,#664,#665,#666,#667),
  .UNSPECIFIED.,.F.,.F.,(4,1,1,1,1,1,1,1,1,1,1,1,1,1,1,1,1,1,1,1,1,1,1,1
    ,1,1,1,1,1,1,1,1,1,1,1,1,1,1,1,1,1,1,1,1,1,1,1,1,1,1,1,1,1,1,1,1,1,1
    ,1,1,1,1,1,1,1,1,4),(0.,0.106534687746,0.213069375492,0.319604063239
    ,0.426138750985,0.532673438731,0.639208126477,0.745742814223,
    0.85227750197,0.958812189716,1.065346877462,1.171881565208,
    1.278416252954,1.384950940701,1.491485628447,1.598020316193,
    1.704555003939,1.811089691685,1.917624379432,2.024159067178,
    2.130693754924,2.23722844267,2.343763130416,2.450297818163,
    2.556832505909,2.663367193655,2.769901881401,2.876436569147,
    2.982971256893,3.08950594464,3.196040632386,3.302575320132,
    3.409110007878,3.515644695624,3.622179383371,3.728714071117,
    3.835248758863,3.941783446609,4.048318134355,4.154852822102,
    4.261387509848,4.367922197594,4.47445688534,4.580991573086,
    4.687526260833,4.794060948579,4.900595636325,5.007130324071,
    5.113665011817,5.220199699564,5.32673438731,5.433269075056,
    5.539803762802,5.646338450548,5.752873138295,5.859407826041,
    5.965942513787,6.072477201533,6.179011889279,6.285546577026,
    6.392081264772,6.498615952518,6.605150640264,6.71168532801,
    6.818220015757,6.924754703503,7.031289391249),
  .QUASI_UNIFORM_KNOTS.);
#599 = CARTESIAN_POINT('',(-7.055331513518,-60.49687561011));
#600 = CARTESIAN_POINT('',(-7.025803049593,-60.50540863835));
#601 = CARTESIAN_POINT('',(-6.967457125776,-60.52222455782));
#602 = CARTESIAN_POINT('',(-6.881806807204,-60.54613865479));
#603 = CARTESIAN_POINT('',(-6.797752925558,-60.56814815918));
#604 = CARTESIAN_POINT('',(-6.715050249131,-60.58778229788));
#605 = CARTESIAN_POINT('',(-6.633464284981,-60.60464384271));
#606 = CARTESIAN_POINT('',(-6.552770022567,-60.61841499555));
#607 = CARTESIAN_POINT('',(-6.472748469969,-60.62884865186));
#608 = CARTESIAN_POINT('',(-6.393180660279,-60.63576389863));
#609 = CARTESIAN_POINT('',(-6.313854918915,-60.63904252785));
#610 = CARTESIAN_POINT('',(-6.234522438875,-60.63862179098));
#611 = CARTESIAN_POINT('',(-6.155207493407,-60.63451131225));
#612 = CARTESIAN_POINT('',(-6.075901289982,-60.62682240919));
#613 = CARTESIAN_POINT('',(-5.996595886296,-60.61575784258));
#614 = CARTESIAN_POINT('',(-5.917285385464,-60.60160797782));
#615 = CARTESIAN_POINT('',(-5.837966912188,-60.58474238492));
#616 = CARTESIAN_POINT('',(-5.758642388177,-60.5656002756));
#617 = CARTESIAN_POINT('',(-5.679316870476,-60.54467798827));
#618 = CARTESIAN_POINT('',(-5.60001041022,-60.52251875486));
#619 = CARTESIAN_POINT('',(-5.520720823936,-60.49968707843));
#620 = CARTESIAN_POINT('',(-5.441412941369,-60.47674917817));
#621 = CARTESIAN_POINT('',(-5.362107293659,-60.45428522667));
#622 = CARTESIAN_POINT('',(-5.282804472643,-60.43285300151));
#623 = CARTESIAN_POINT('',(-5.20350594254,-60.41298039576));
#624 = CARTESIAN_POINT('',(-5.124210691785,-60.39515226589));
#625 = CARTESIAN_POINT('',(-5.044912786617,-60.3798000916));
#626 = CARTESIAN_POINT('',(-4.965618932427,-60.36729455755));
#627 = CARTESIAN_POINT('',(-4.886285100407,-60.35793214285));
#628 = CARTESIAN_POINT('',(-4.807073533712,-60.35195282631));
#629 = CARTESIAN_POINT('',(-4.72815780889,-60.34948366212));
#630 = CARTESIAN_POINT('',(-4.649643765632,-60.35053920039));
#631 = CARTESIAN_POINT('',(-4.571658660541,-60.35503135559));
#632 = CARTESIAN_POINT('',(-4.494332452384,-60.3627719514));
#633 = CARTESIAN_POINT('',(-4.417807966445,-60.3734809915));
#634 = CARTESIAN_POINT('',(-4.342243629945,-60.38679702516));
#635 = CARTESIAN_POINT('',(-4.267818279159,-60.40229049019));
#636 = CARTESIAN_POINT('',(-4.194737452414,-60.41947893765));
#637 = CARTESIAN_POINT('',(-4.123235092953,-60.43784583895));
#638 = CARTESIAN_POINT('',(-4.053596471655,-60.45685486503));
#639 = CARTESIAN_POINT('',(-3.98610579642,-60.47598737127));
#640 = CARTESIAN_POINT('',(-3.921279070314,-60.49469665367));
#641 = CARTESIAN_POINT('',(-3.857436796822,-60.51313438053));
#642 = CARTESIAN_POINT('',(-3.794670745744,-60.53098204371));
#643 = CARTESIAN_POINT('',(-3.732821833925,-60.5480204446));
#644 = CARTESIAN_POINT('',(-3.671805983352,-60.56403682649));
#645 = CARTESIAN_POINT('',(-3.611525190421,-60.5788482226));
#646 = CARTESIAN_POINT('',(-3.551890040103,-60.59229363361));
#647 = CARTESIAN_POINT('',(-3.492812578703,-60.60423455724));
#648 = CARTESIAN_POINT('',(-3.434207276674,-60.61455330969));
#649 = CARTESIAN_POINT('',(-3.375989902956,-60.62315200098));
#650 = CARTESIAN_POINT('',(-3.31807699708,-60.6299514196));
#651 = CARTESIAN_POINT('',(-3.26038511726,-60.63489008662));
#652 = CARTESIAN_POINT('',(-3.202830248285,-60.63792332677));
#653 = CARTESIAN_POINT('',(-3.145326473576,-60.63902285001));
#654 = CARTESIAN_POINT('',(-3.087786959759,-60.63817516559));
#655 = CARTESIAN_POINT('',(-3.030193362954,-60.63538731242));
#656 = CARTESIAN_POINT('',(-2.972458962213,-60.6306849248));
#657 = CARTESIAN_POINT('',(-2.914510396154,-60.62411035934));
#658 = CARTESIAN_POINT('',(-2.856269999175,-60.615723874));
#659 = CARTESIAN_POINT('',(-2.797659952714,-60.60560406898));
#660 = CARTESIAN_POINT('',(-2.73859970346,-60.59384837172));
#661 = CARTESIAN_POINT('',(-2.679007906238,-60.58057408345));
#662 = CARTESIAN_POINT('',(-2.618790054876,-60.56591673942));
#663 = CARTESIAN_POINT('',(-2.557846317985,-60.55003211454));
#664 = CARTESIAN_POINT('',(-2.496076120702,-60.5331002061));
#665 = CARTESIAN_POINT('',(-2.433376163588,-60.51532290456));
#666 = CARTESIAN_POINT('',(-2.39088369727,-60.50306679676));
#667 = CARTESIAN_POINT('',(-2.369446447252,-60.49687561011));
#668 = ( GEOMETRIC_REPRESENTATION_CONTEXT(2) 
PARAMETRIC_REPRESENTATION_CONTEXT() REPRESENTATION_CONTEXT('2D SPACE',''
  ) );
#669 = PCURVE('',#670,#675);
#670 = CYLINDRICAL_SURFACE('',#671,8.15);
#671 = AXIS2_PLACEMENT_3D('',#672,#673,#674);
#672 = CARTESIAN_POINT('',(0.,0.,12.));
#673 = DIRECTION('',(0.,0.,-1.));
#674 = DIRECTION('',(-1.,0.,0.));
#675 = DEFINITIONAL_REPRESENTATION('',(#676),#746);
#676 = B_SPLINE_CURVE_WITH_KNOTS('',3,(#677,#678,#679,#680,#681,#682,
    #683,#684,#685,#686,#687,#688,#689,#690,#691,#692,#693,#694,#695,
    #696,#697,#698,#699,#700,#701,#702,#703,#704,#705,#706,#707,#708,
    #709,#710,#711,#712,#713,#714,#715,#716,#717,#718,#719,#720,#721,
    #722,#723,#724,#725,#726,#727,#728,#729,#730,#731,#732,#733,#734,
    #735,#736,#737,#738,#739,#740,#741,#742,#743,#744,#745),
  .UNSPECIFIED.,.F.,.F.,(4,1,1,1,1,1,1,1,1,1,1,1,1,1,1,1,1,1,1,1,1,1,1,1
    ,1,1,1,1,1,1,1,1,1,1,1,1,1,1,1,1,1,1,1,1,1,1,1,1,1,1,1,1,1,1,1,1,1,1
    ,1,1,1,1,1,1,1,1,4),(0.,0.106534687746,0.213069375492,0.319604063239
    ,0.426138750985,0.532673438731,0.639208126477,0.745742814223,
    0.85227750197,0.958812189716,1.065346877462,1.171881565208,
    1.278416252954,1.384950940701,1.491485628447,1.598020316193,
    1.704555003939,1.811089691685,1.917624379432,2.024159067178,
    2.130693754924,2.23722844267,2.343763130416,2.450297818163,
    2.556832505909,2.663367193655,2.769901881401,2.876436569147,
    2.982971256893,3.08950594464,3.196040632386,3.302575320132,
    3.409110007878,3.515644695624,3.622179383371,3.728714071117,
    3.835248758863,3.941783446609,4.048318134355,4.154852822102,
    4.261387509848,4.367922197594,4.47445688534,4.580991573086,
    4.687526260833,4.794060948579,4.900595636325,5.007130324071,
    5.113665011817,5.220199699564,5.32673438731,5.433269075056,
    5.539803762802,5.646338450548,5.752873138295,5.859407826041,
    5.965942513787,6.072477201533,6.179011889279,6.285546577026,
    6.392081264772,6.498615952518,6.605150640264,6.71168532801,
    6.818220015757,6.924754703503,7.031289391249),
  .QUASI_UNIFORM_KNOTS.);
#677 = CARTESIAN_POINT('',(1.760932794957,-1.7763568394E-15));
#678 = CARTESIAN_POINT('',(1.766467546608,4.549895094542E-02));
#679 = CARTESIAN_POINT('',(1.776916682956,0.139262178429));
#680 = CARTESIAN_POINT('',(1.790752802286,0.287016032693));
#681 = CARTESIAN_POINT('',(1.802775232868,0.440634142166));
#682 = CARTESIAN_POINT('',(1.813006538426,0.599074028329));
#683 = CARTESIAN_POINT('',(1.821467483037,0.761397648665));
#684 = CARTESIAN_POINT('',(1.828176238988,0.926772465394));
#685 = CARTESIAN_POINT('',(1.833147731448,1.094446299046));
#686 = CARTESIAN_POINT('',(1.836392788994,1.263738574839));
#687 = CARTESIAN_POINT('',(1.837917907959,1.434001584923));
#688 = CARTESIAN_POINT('',(1.837722672792,1.604693594173));
#689 = CARTESIAN_POINT('',(1.835807860234,1.774689651287));
#690 = CARTESIAN_POINT('',(1.832189315085,1.942940111185));
#691 = CARTESIAN_POINT('',(1.82689447998,2.108404597992));
#692 = CARTESIAN_POINT('',(1.819962960033,2.270054988113));
#693 = CARTESIAN_POINT('',(1.811445965,2.426879706764));
#694 = CARTESIAN_POINT('',(1.801406143305,2.577887381601));
#695 = CARTESIAN_POINT('',(1.789916745535,2.722117468949));
#696 = CARTESIAN_POINT('',(1.777063002297,2.858628871607));
#697 = CARTESIAN_POINT('',(1.762935403913,2.986574381465));
#698 = CARTESIAN_POINT('',(1.747624040398,3.105205537317));
#699 = CARTESIAN_POINT('',(1.731234730666,3.21374198405));
#700 = CARTESIAN_POINT('',(1.713875019899,3.311502548414));
#701 = CARTESIAN_POINT('',(1.695656502711,3.397872112964));
#702 = CARTESIAN_POINT('',(1.676693471906,3.472311290938));
#703 = CARTESIAN_POINT('',(1.657101363891,3.534356678087));
#704 = CARTESIAN_POINT('',(1.637000775093,3.583616619407));
#705 = CARTESIAN_POINT('',(1.616500428003,3.619794962951));
#706 = CARTESIAN_POINT('',(1.595763933073,3.642601952553));
#707 = CARTESIAN_POINT('',(1.574960005798,3.651954845429));
#708 = CARTESIAN_POINT('',(1.554238244957,3.64796124253));
#709 = CARTESIAN_POINT('',(1.533750370061,3.630886456359));
#710 = CARTESIAN_POINT('',(1.513643239281,3.601159840223));
#711 = CARTESIAN_POINT('',(1.494059332782,3.559371378302));
#712 = CARTESIAN_POINT('',(1.475135094726,3.506271796922));
#713 = CARTESIAN_POINT('',(1.456999591983,3.442771761562));
#714 = CARTESIAN_POINT('',(1.439773066409,3.369944504287));
#715 = CARTESIAN_POINT('',(1.423564519664,3.289018759119));
#716 = CARTESIAN_POINT('',(1.408472215836,3.201409929194));
#717 = CARTESIAN_POINT('',(1.394572559948,3.108610649037));
#718 = CARTESIAN_POINT('',(1.381951895269,3.01260785872));
#719 = CARTESIAN_POINT('',(1.370275906924,2.911891349313));
#720 = CARTESIAN_POINT('',(1.359580098514,2.807256985249));
#721 = CARTESIAN_POINT('',(1.349843598966,2.699124739476));
#722 = CARTESIAN_POINT('',(1.341060706256,2.587958415585));
#723 = CARTESIAN_POINT('',(1.333221934442,2.474159177727));
#724 = CARTESIAN_POINT('',(1.326319302372,2.35809967874));
#725 = CARTESIAN_POINT('',(1.320345121705,2.240120146403));
#726 = CARTESIAN_POINT('',(1.315292523516,2.120534323089));
#727 = CARTESIAN_POINT('',(1.311155516374,1.999632443066));
#728 = CARTESIAN_POINT('',(1.307929172343,1.877684740488));
#729 = CARTESIAN_POINT('',(1.305609769222,1.754944457006));
#730 = CARTESIAN_POINT('',(1.30419498654,1.631651105475));
#731 = CARTESIAN_POINT('',(1.303683944447,1.508032120285));
#732 = CARTESIAN_POINT('',(1.304077839804,1.384309740993));
#733 = CARTESIAN_POINT('',(1.305377321058,1.260854211585));
#734 = CARTESIAN_POINT('',(1.307583422952,1.137892114255));
#735 = CARTESIAN_POINT('',(1.310698409486,1.015686246605));
#736 = CARTESIAN_POINT('',(1.314725480673,0.894501712933));
#737 = CARTESIAN_POINT('',(1.319668764637,0.774619023921));
#738 = CARTESIAN_POINT('',(1.32553334751,0.656333147029));
#739 = CARTESIAN_POINT('',(1.332324941044,0.539961745639));
#740 = CARTESIAN_POINT('',(1.340051302889,0.425826645596));
#741 = CARTESIAN_POINT('',(1.348721677018,0.314276256518));
#742 = CARTESIAN_POINT('',(1.358345806436,0.205702321697));
#743 = CARTESIAN_POINT('',(1.368933839897,0.100534342335));
#744 = CARTESIAN_POINT('',(1.376641844973,3.302462189638E-02));
#745 = CARTESIAN_POINT('',(1.380659858633,0.));
#746 = ( GEOMETRIC_REPRESENTATION_CONTEXT(2) 
PARAMETRIC_REPRESENTATION_CONTEXT() REPRESENTATION_CONTEXT('2D SPACE',''
  ) );
#747 = ORIENTED_EDGE('',*,*,#748,.T.);
#748 = EDGE_CURVE('',#539,#749,#751,.T.);
#749 = VERTEX_POINT('',#750);
#750 = CARTESIAN_POINT('',(1.540292180075,19.940599288888,12.));
#751 = SURFACE_CURVE('',#752,(#756,#762),.PCURVE_S1.);
#752 = LINE('',#753,#754);
#753 = CARTESIAN_POINT('',(1.540292180075,68.5,12.));
#754 = VECTOR('',#755,1.);
#755 = DIRECTION('',(-0.,1.,-0.));
#756 = PCURVE('',#480,#757);
#757 = DEFINITIONAL_REPRESENTATION('',(#758),#761);
#758 = B_SPLINE_CURVE_WITH_KNOTS('',1,(#759,#760),.UNSPECIFIED.,.F.,.F.,
  (2,2),(-60.49687561011,-48.55940071111),.PIECEWISE_BEZIER_KNOTS.);
#759 = CARTESIAN_POINT('',(-7.055331513518,-60.49687561011));
#760 = CARTESIAN_POINT('',(-7.055331513518,-48.55940071111));
#761 = ( GEOMETRIC_REPRESENTATION_CONTEXT(2) 
PARAMETRIC_REPRESENTATION_CONTEXT() REPRESENTATION_CONTEXT('2D SPACE',''
  ) );
#762 = PCURVE('',#763,#768);
#763 = PLANE('',#764);
#764 = AXIS2_PLACEMENT_3D('',#765,#766,#767);
#765 = CARTESIAN_POINT('',(-1.093952106032E-15,1.371473012632E-15,12.));
#766 = DIRECTION('',(0.,0.,1.));
#767 = DIRECTION('',(1.,0.,-0.));
#768 = DEFINITIONAL_REPRESENTATION('',(#769),#772);
#769 = B_SPLINE_CURVE_WITH_KNOTS('',1,(#770,#771),.UNSPECIFIED.,.F.,.F.,
  (2,2),(-68.5000006,-44.5),.PIECEWISE_BEZIER_KNOTS.);
#770 = CARTESIAN_POINT('',(1.540292180075,-6.000000070117E-07));
#771 = CARTESIAN_POINT('',(1.540292180075,24.));
#772 = ( GEOMETRIC_REPRESENTATION_CONTEXT(2) 
PARAMETRIC_REPRESENTATION_CONTEXT() REPRESENTATION_CONTEXT('2D SPACE',''
  ) );
#773 = ORIENTED_EDGE('',*,*,#774,.T.);
#774 = EDGE_CURVE('',#749,#775,#777,.T.);
#775 = VERTEX_POINT('',#776);
#776 = CARTESIAN_POINT('',(1.540292180075,19.940599288888,9.));
#777 = SURFACE_CURVE('',#778,(#793,#822),.PCURVE_S1.);
#778 = B_SPLINE_CURVE_WITH_KNOTS('',7,(#779,#780,#781,#782,#783,#784,
    #785,#786,#787,#788,#789,#790,#791,#792),.UNSPECIFIED.,.F.,.F.,(8,6,
    8),(0.,0.999999534625,1.999999069249),.UNSPECIFIED.);
#779 = CARTESIAN_POINT('',(1.540292180075,19.940599288888,12.));
#780 = CARTESIAN_POINT('',(1.719657246301,19.926744408957,
    11.815816927413));
#781 = CARTESIAN_POINT('',(1.866029627009,19.913544439924,
    11.614106850133));
#782 = CARTESIAN_POINT('',(1.980863816301,19.90213586734,11.400895388759
    ));
#783 = CARTESIAN_POINT('',(2.065729702399,19.893213745843,
    11.180247425134));
#784 = CARTESIAN_POINT('',(2.1218771812,19.887142466846,10.955080475241)
  );
#785 = CARTESIAN_POINT('',(2.15,19.884101689541,10.727657375927));
#786 = CARTESIAN_POINT('',(2.15,19.884101689541,10.272342624073));
#787 = CARTESIAN_POINT('',(2.1218771812,19.887142466846,10.044919524759)
  );
#788 = CARTESIAN_POINT('',(2.065729702398,19.893213745843,9.819752574866
    ));
#789 = CARTESIAN_POINT('',(1.980863816302,19.90213586734,9.599104611242)
  );
#790 = CARTESIAN_POINT('',(1.866029627009,19.913544439924,9.385893149867
    ));
#791 = CARTESIAN_POINT('',(1.719657246301,19.926744408957,9.184183072587
    ));
#792 = CARTESIAN_POINT('',(1.540292180075,19.940599288888,9.));
#793 = PCURVE('',#480,#794);
#794 = DEFINITIONAL_REPRESENTATION('',(#795),#821);
#795 = B_SPLINE_CURVE_WITH_KNOTS('',3,(#796,#797,#798,#799,#800,#801,
    #802,#803,#804,#805,#806,#807,#808,#809,#810,#811,#812,#813,#814,
    #815,#816,#817,#818,#819,#820),.UNSPECIFIED.,.F.,.F.,(4,1,1,1,1,1,1,
    1,1,1,1,1,1,1,1,1,1,1,1,1,1,1,4),(0.,9.090904860224E-02,
    0.181818097204,0.272727145807,0.363636194409,0.454545243011,
    0.545454291613,0.636363340216,0.727272388818,0.81818143742,
    0.909090486022,0.999999534625,1.090908583227,1.181817631829,
    1.272726680431,1.363635729034,1.454544777636,1.545453826238,
    1.63636287484,1.727271923443,1.818180972045,1.909090020647,
    1.999999069249),.QUASI_UNIFORM_KNOTS.);
#796 = CARTESIAN_POINT('',(-7.055331513518,-48.55940071111));
#797 = CARTESIAN_POINT('',(-7.029967879623,-48.56234155682));
#798 = CARTESIAN_POINT('',(-6.979799222079,-48.56814008907));
#799 = CARTESIAN_POINT('',(-6.906047471316,-48.57644703083));
#800 = CARTESIAN_POINT('',(-6.83361792689,-48.58421306521));
#801 = CARTESIAN_POINT('',(-6.762347078698,-48.59131849218));
#802 = CARTESIAN_POINT('',(-6.69207780471,-48.59766116771));
#803 = CARTESIAN_POINT('',(-6.622658882098,-48.60315761803));
#804 = CARTESIAN_POINT('',(-6.553942605051,-48.6077405061));
#805 = CARTESIAN_POINT('',(-6.485783678825,-48.61135720894));
#806 = CARTESIAN_POINT('',(-6.418036162075,-48.61396828526));
#807 = CARTESIAN_POINT('',(-6.3505572839,-48.61554621381));
#808 = CARTESIAN_POINT('',(-6.28318530718,-48.61607435878));
#809 = CARTESIAN_POINT('',(-6.215813330459,-48.61554621381));
#810 = CARTESIAN_POINT('',(-6.148334452284,-48.61396828526));
#811 = CARTESIAN_POINT('',(-6.080586935534,-48.61135720894));
#812 = CARTESIAN_POINT('',(-6.012428009308,-48.6077405061));
#813 = CARTESIAN_POINT('',(-5.943711732261,-48.60315761803));
#814 = CARTESIAN_POINT('',(-5.874292809649,-48.59766116771));
#815 = CARTESIAN_POINT('',(-5.804023535661,-48.59131849218));
#816 = CARTESIAN_POINT('',(-5.732752687469,-48.58421306521));
#817 = CARTESIAN_POINT('',(-5.660323143044,-48.57644703083));
#818 = CARTESIAN_POINT('',(-5.58657139228,-48.56814008907));
#819 = CARTESIAN_POINT('',(-5.536402734736,-48.56234155682));
#820 = CARTESIAN_POINT('',(-5.511039100842,-48.55940071111));
#821 = ( GEOMETRIC_REPRESENTATION_CONTEXT(2) 
PARAMETRIC_REPRESENTATION_CONTEXT() REPRESENTATION_CONTEXT('2D SPACE',''
  ) );
#822 = PCURVE('',#823,#828);
#823 = CYLINDRICAL_SURFACE('',#824,20.);
#824 = AXIS2_PLACEMENT_3D('',#825,#826,#827);
#825 = CARTESIAN_POINT('',(0.,0.,9.));
#826 = DIRECTION('',(-0.,-0.,-1.));
#827 = DIRECTION('',(1.,0.,0.));
#828 = DEFINITIONAL_REPRESENTATION('',(#829),#855);
#829 = B_SPLINE_CURVE_WITH_KNOTS('',3,(#830,#831,#832,#833,#834,#835,
    #836,#837,#838,#839,#840,#841,#842,#843,#844,#845,#846,#847,#848,
    #849,#850,#851,#852,#853,#854),.UNSPECIFIED.,.F.,.F.,(4,1,1,1,1,1,1,
    1,1,1,1,1,1,1,1,1,1,1,1,1,1,1,4),(0.,9.090904860224E-02,
    0.181818097204,0.272727145807,0.363636194409,0.454545243011,
    0.545454291613,0.636363340216,0.727272388818,0.81818143742,
    0.909090486022,0.999999534625,1.090908583227,1.181817631829,
    1.272726680431,1.363635729034,1.454544777636,1.545453826238,
    1.63636287484,1.727271923443,1.818180972045,1.909090020647,
    1.999999069249),.QUASI_UNIFORM_KNOTS.);
#830 = CARTESIAN_POINT('',(-7.776890688899,-3.));
#831 = CARTESIAN_POINT('',(-7.774982668915,-2.960922700492));
#832 = CARTESIAN_POINT('',(-7.771357214607,-2.880771503045));
#833 = CARTESIAN_POINT('',(-7.766479777674,-2.75534317291));
#834 = CARTESIAN_POINT('',(-7.762151989965,-2.62553734608));
#835 = CARTESIAN_POINT('',(-7.758363046154,-2.492052844035));
#836 = CARTESIAN_POINT('',(-7.755102670534,-2.355520102217));
#837 = CARTESIAN_POINT('',(-7.752361370489,-2.216498770136));
#838 = CARTESIAN_POINT('',(-7.750130666897,-2.075490059869));
#839 = CARTESIAN_POINT('',(-7.748403313875,-1.932945356953));
#840 = CARTESIAN_POINT('',(-7.747173506841,-1.78927143476));
#841 = CARTESIAN_POINT('',(-7.746437082461,-1.644849769064));
#842 = CARTESIAN_POINT('',(-7.746191709231,-1.5));
#843 = CARTESIAN_POINT('',(-7.746437082461,-1.355150230936));
#844 = CARTESIAN_POINT('',(-7.747173506841,-1.21072856524));
#845 = CARTESIAN_POINT('',(-7.748403313875,-1.067054643047));
#846 = CARTESIAN_POINT('',(-7.750130666897,-0.924509940131));
#847 = CARTESIAN_POINT('',(-7.752361370489,-0.783501229864));
#848 = CARTESIAN_POINT('',(-7.755102670534,-0.644479897783));
#849 = CARTESIAN_POINT('',(-7.758363046154,-0.507947155965));
#850 = CARTESIAN_POINT('',(-7.762151989965,-0.37446265392));
#851 = CARTESIAN_POINT('',(-7.766479777674,-0.24465682709));
#852 = CARTESIAN_POINT('',(-7.771357214607,-0.119228496955));
#853 = CARTESIAN_POINT('',(-7.774982668915,-3.907729950769E-02));
#854 = CARTESIAN_POINT('',(-7.776890688899,0.));
#855 = ( GEOMETRIC_REPRESENTATION_CONTEXT(2) 
PARAMETRIC_REPRESENTATION_CONTEXT() REPRESENTATION_CONTEXT('2D SPACE',''
  ) );
#856 = ORIENTED_EDGE('',*,*,#857,.T.);
#857 = EDGE_CURVE('',#775,#407,#858,.T.);
#858 = SURFACE_CURVE('',#859,(#863,#869),.PCURVE_S1.);
#859 = LINE('',#860,#861);
#860 = CARTESIAN_POINT('',(1.540292180075,68.5,9.));
#861 = VECTOR('',#862,1.);
#862 = DIRECTION('',(-0.,1.,-0.));
#863 = PCURVE('',#480,#864);
#864 = DEFINITIONAL_REPRESENTATION('',(#865),#868);
#865 = B_SPLINE_CURVE_WITH_KNOTS('',1,(#866,#867),.UNSPECIFIED.,.F.,.F.,
  (2,2),(-48.55940071111,-20.9422778771),.PIECEWISE_BEZIER_KNOTS.);
#866 = CARTESIAN_POINT('',(-5.511039100842,-48.55940071111));
#867 = CARTESIAN_POINT('',(-5.511039100842,-20.9422778771));
#868 = ( GEOMETRIC_REPRESENTATION_CONTEXT(2) 
PARAMETRIC_REPRESENTATION_CONTEXT() REPRESENTATION_CONTEXT('2D SPACE',''
  ) );
#869 = PCURVE('',#95,#870);
#870 = DEFINITIONAL_REPRESENTATION('',(#871),#874);
#871 = B_SPLINE_CURVE_WITH_KNOTS('',1,(#872,#873),.UNSPECIFIED.,.F.,.F.,
  (2,2),(-68.5000006,6.000000070117E-07),.PIECEWISE_BEZIER_KNOTS.);
#872 = CARTESIAN_POINT('',(1.540292180075,-6.000000070117E-07));
#873 = CARTESIAN_POINT('',(1.540292180075,68.5000006));
#874 = ( GEOMETRIC_REPRESENTATION_CONTEXT(2) 
PARAMETRIC_REPRESENTATION_CONTEXT() REPRESENTATION_CONTEXT('2D SPACE',''
  ) );
#875 = ORIENTED_EDGE('',*,*,#430,.F.);
#876 = ORIENTED_EDGE('',*,*,#877,.F.);
#877 = EDGE_CURVE('',#878,#431,#880,.T.);
#878 = VERTEX_POINT('',#879);
#879 = CARTESIAN_POINT('',(-1.540292180075,19.940599288888,9.));
#880 = SURFACE_CURVE('',#881,(#885,#891),.PCURVE_S1.);
#881 = LINE('',#882,#883);
#882 = CARTESIAN_POINT('',(-1.540292180075,68.5,9.));
#883 = VECTOR('',#884,1.);
#884 = DIRECTION('',(-0.,1.,-0.));
#885 = PCURVE('',#480,#886);
#886 = DEFINITIONAL_REPRESENTATION('',(#887),#890);
#887 = B_SPLINE_CURVE_WITH_KNOTS('',1,(#888,#889),.UNSPECIFIED.,.F.,.F.,
  (2,2),(-48.55940071111,-20.9422778771),.PIECEWISE_BEZIER_KNOTS.);
#888 = CARTESIAN_POINT('',(-3.913738859928,-48.55940071111));
#889 = CARTESIAN_POINT('',(-3.913738859928,-20.9422778771));
#890 = ( GEOMETRIC_REPRESENTATION_CONTEXT(2) 
PARAMETRIC_REPRESENTATION_CONTEXT() REPRESENTATION_CONTEXT('2D SPACE',''
  ) );
#891 = PCURVE('',#95,#892);
#892 = DEFINITIONAL_REPRESENTATION('',(#893),#896);
#893 = B_SPLINE_CURVE_WITH_KNOTS('',1,(#894,#895),.UNSPECIFIED.,.F.,.F.,
  (2,2),(-68.5000006,6.000000070117E-07),.PIECEWISE_BEZIER_KNOTS.);
#894 = CARTESIAN_POINT('',(-1.540292180075,-6.000000070117E-07));
#895 = CARTESIAN_POINT('',(-1.540292180075,68.5000006));
#896 = ( GEOMETRIC_REPRESENTATION_CONTEXT(2) 
PARAMETRIC_REPRESENTATION_CONTEXT() REPRESENTATION_CONTEXT('2D SPACE',''
  ) );
#897 = ORIENTED_EDGE('',*,*,#898,.F.);
#898 = EDGE_CURVE('',#899,#878,#901,.T.);
#899 = VERTEX_POINT('',#900);
#900 = CARTESIAN_POINT('',(-1.540292180075,19.940599288888,12.));
#901 = SURFACE_CURVE('',#902,(#921,#943),.PCURVE_S1.);
#902 = B_SPLINE_CURVE_WITH_KNOTS('',5,(#903,#904,#905,#906,#907,#908,
    #909,#910,#911,#912,#913,#914,#915,#916,#917,#918,#919,#920),
  .UNSPECIFIED.,.F.,.F.,(6,4,4,4,6),(0.,0.23792242241,0.49999999126,
    0.762077577721,1.),.UNSPECIFIED.);
#903 = CARTESIAN_POINT('',(-1.54029159577,19.940599334022,12.0000006));
#904 = CARTESIAN_POINT('',(-1.659789433281,19.931368843416,
    11.877292972529));
#905 = CARTESIAN_POINT('',(-1.763608254258,19.922448878429,
    11.746238225411));
#906 = CARTESIAN_POINT('',(-1.852263292514,19.914270855522,
    11.609137091831));
#907 = CARTESIAN_POINT('',(-1.926359406075,19.907103583177,
    11.467577744818));
#908 = CARTESIAN_POINT('',(-2.052412232808,19.894522183855,
    11.163259300944));
#909 = CARTESIAN_POINT('',(-2.101367161458,19.889359291056,
    10.999784521498));
#910 = CARTESIAN_POINT('',(-2.133786387142,19.885855073209,
    10.833970230803));
#911 = CARTESIAN_POINT('',(-2.15,19.884101689541,10.666995175947));
#912 = CARTESIAN_POINT('',(-2.15,19.884101689541,10.333004812832));
#913 = CARTESIAN_POINT('',(-2.133786391026,19.885855072817,
    10.166029797032));
#914 = CARTESIAN_POINT('',(-2.10136715411,19.889359291794,
    10.000215450982));
#915 = CARTESIAN_POINT('',(-2.052412237284,19.894522183409,
    9.836740709863));
#916 = CARTESIAN_POINT('',(-1.926359406075,19.907103583177,
    9.532422255183));
#917 = CARTESIAN_POINT('',(-1.852263292514,19.914270855522,
    9.390862908169));
#918 = CARTESIAN_POINT('',(-1.763608254258,19.922448878429,
    9.253761774589));
#919 = CARTESIAN_POINT('',(-1.659789433281,19.931368843416,
    9.122707027471));
#920 = CARTESIAN_POINT('',(-1.54029159577,19.940599334022,8.9999994));
#921 = PCURVE('',#480,#922);
#922 = DEFINITIONAL_REPRESENTATION('',(#923),#942);
#923 = B_SPLINE_CURVE_WITH_KNOTS('',5,(#924,#925,#926,#927,#928,#929,
    #930,#931,#932,#933,#934,#935,#936,#937,#938,#939,#940,#941),
  .UNSPECIFIED.,.F.,.F.,(6,4,4,4,6),(2.326724713064E-07,0.23792242241,
    0.49999999126,0.762077577721,0.999999767328),.UNSPECIFIED.);
#924 = CARTESIAN_POINT('',(-2.369446447252,-48.55940071111));
#925 = CARTESIAN_POINT('',(-2.449111553466,-48.56863119147));
#926 = CARTESIAN_POINT('',(-2.526470861958,-48.57755114556));
#927 = CARTESIAN_POINT('',(-2.601973969543,-48.58572915849));
#928 = CARTESIAN_POINT('',(-2.675991575712,-48.59289642267));
#929 = CARTESIAN_POINT('',(-2.829197043979,-48.60547781614));
#930 = CARTESIAN_POINT('',(-2.908157942755,-48.61064070894));
#931 = CARTESIAN_POINT('',(-2.986257873308,-48.61414492679));
#932 = CARTESIAN_POINT('',(-3.063920478731,-48.61589831045));
#933 = CARTESIAN_POINT('',(-3.219264833668,-48.61589831045));
#934 = CARTESIAN_POINT('',(-3.296927420598,-48.61414492718));
#935 = CARTESIAN_POINT('',(-3.375027377872,-48.6106407082));
#936 = CARTESIAN_POINT('',(-3.45398825776,-48.60547781659));
#937 = CARTESIAN_POINT('',(-3.607193731467,-48.59289642267));
#938 = CARTESIAN_POINT('',(-3.681211337636,-48.58572915849));
#939 = CARTESIAN_POINT('',(-3.756714445222,-48.57755114556));
#940 = CARTESIAN_POINT('',(-3.834073753713,-48.56863119147));
#941 = CARTESIAN_POINT('',(-3.913738859928,-48.55940071111));
#942 = ( GEOMETRIC_REPRESENTATION_CONTEXT(2) 
PARAMETRIC_REPRESENTATION_CONTEXT() REPRESENTATION_CONTEXT('2D SPACE',''
  ) );
#943 = PCURVE('',#823,#944);
#944 = DEFINITIONAL_REPRESENTATION('',(#945),#964);
#945 = B_SPLINE_CURVE_WITH_KNOTS('',5,(#946,#947,#948,#949,#950,#951,
    #952,#953,#954,#955,#956,#957,#958,#959,#960,#961,#962,#963),
  .UNSPECIFIED.,.F.,.F.,(6,4,4,4,6),(2.326724713064E-07,0.23792242241,
    0.49999999126,0.762077577721,0.999999767328),.UNSPECIFIED.);
#946 = CARTESIAN_POINT('',(-1.64788727187,-3.));
#947 = CARTESIAN_POINT('',(-1.653879953313,-2.877292459877));
#948 = CARTESIAN_POINT('',(-1.659089820803,-2.746237823183));
#949 = CARTESIAN_POINT('',(-1.66354132932,-2.609136814959));
#950 = CARTESIAN_POINT('',(-1.667263402644,-2.467577603205));
#951 = CARTESIAN_POINT('',(-1.673597357136,-2.163259300944));
#952 = CARTESIAN_POINT('',(-1.676058642151,-1.999784521498));
#953 = CARTESIAN_POINT('',(-1.677689055606,-1.833970230803));
#954 = CARTESIAN_POINT('',(-1.678504460461,-1.666995175947));
#955 = CARTESIAN_POINT('',(-1.678504460461,-1.333004812832));
#956 = CARTESIAN_POINT('',(-1.677689055801,-1.166029797032));
#957 = CARTESIAN_POINT('',(-1.676058641782,-1.000215450982));
#958 = CARTESIAN_POINT('',(-1.673597357361,-0.836740709863));
#959 = CARTESIAN_POINT('',(-1.667263402644,-0.532422396796));
#960 = CARTESIAN_POINT('',(-1.66354132932,-0.390863185041));
#961 = CARTESIAN_POINT('',(-1.659089820803,-0.253762176817));
#962 = CARTESIAN_POINT('',(-1.653879953313,-0.122707540123));
#963 = CARTESIAN_POINT('',(-1.64788727187,-3.251129503755E-15));
#964 = ( GEOMETRIC_REPRESENTATION_CONTEXT(2) 
PARAMETRIC_REPRESENTATION_CONTEXT() REPRESENTATION_CONTEXT('2D SPACE',''
  ) );
#965 = ORIENTED_EDGE('',*,*,#966,.F.);
#966 = EDGE_CURVE('',#541,#899,#967,.T.);
#967 = SURFACE_CURVE('',#968,(#972,#978),.PCURVE_S1.);
#968 = LINE('',#969,#970);
#969 = CARTESIAN_POINT('',(-1.540292180075,68.5,12.));
#970 = VECTOR('',#971,1.);
#971 = DIRECTION('',(-0.,1.,-0.));
#972 = PCURVE('',#480,#973);
#973 = DEFINITIONAL_REPRESENTATION('',(#974),#977);
#974 = B_SPLINE_CURVE_WITH_KNOTS('',1,(#975,#976),.UNSPECIFIED.,.F.,.F.,
  (2,2),(-60.49687561011,-48.55940071111),.PIECEWISE_BEZIER_KNOTS.);
#975 = CARTESIAN_POINT('',(-2.369446447252,-60.49687561011));
#976 = CARTESIAN_POINT('',(-2.369446447252,-48.55940071111));
#977 = ( GEOMETRIC_REPRESENTATION_CONTEXT(2) 
PARAMETRIC_REPRESENTATION_CONTEXT() REPRESENTATION_CONTEXT('2D SPACE',''
  ) );
#978 = PCURVE('',#763,#979);
#979 = DEFINITIONAL_REPRESENTATION('',(#980),#983);
#980 = B_SPLINE_CURVE_WITH_KNOTS('',1,(#981,#982),.UNSPECIFIED.,.F.,.F.,
  (2,2),(-68.5000006,-44.5),.PIECEWISE_BEZIER_KNOTS.);
#981 = CARTESIAN_POINT('',(-1.540292180075,-6.000000070117E-07));
#982 = CARTESIAN_POINT('',(-1.540292180075,24.));
#983 = ( GEOMETRIC_REPRESENTATION_CONTEXT(2) 
PARAMETRIC_REPRESENTATION_CONTEXT() REPRESENTATION_CONTEXT('2D SPACE',''
  ) );
#984 = ADVANCED_FACE('',(#985),#823,.T.);
#985 = FACE_BOUND('',#986,.F.);
#986 = EDGE_LOOP('',(#987,#1013,#1014,#1040));
#987 = ORIENTED_EDGE('',*,*,#988,.F.);
#988 = EDGE_CURVE('',#749,#899,#989,.T.);
#989 = SURFACE_CURVE('',#990,(#995,#1002),.PCURVE_S1.);
#990 = CIRCLE('',#991,20.);
#991 = AXIS2_PLACEMENT_3D('',#992,#993,#994);
#992 = CARTESIAN_POINT('',(0.,0.,12.));
#993 = DIRECTION('',(0.,0.,-1.));
#994 = DIRECTION('',(7.701460900375E-02,0.997029964444,0.));
#995 = PCURVE('',#823,#996);
#996 = DEFINITIONAL_REPRESENTATION('',(#997),#1001);
#997 = LINE('',#998,#999);
#998 = CARTESIAN_POINT('',(-7.776890688899,-3.));
#999 = VECTOR('',#1000,1.);
#1000 = DIRECTION('',(1.,-0.));
#1001 = ( GEOMETRIC_REPRESENTATION_CONTEXT(2) 
PARAMETRIC_REPRESENTATION_CONTEXT() REPRESENTATION_CONTEXT('2D SPACE',''
  ) );
#1002 = PCURVE('',#763,#1003);
#1003 = DEFINITIONAL_REPRESENTATION('',(#1004),#1012);
#1004 = ( BOUNDED_CURVE() B_SPLINE_CURVE(2,(#1005,#1006,#1007,#1008,
#1009,#1010,#1011),.UNSPECIFIED.,.T.,.F.) B_SPLINE_CURVE_WITH_KNOTS((1,2
    ,2,2,2,1),(-2.094395102393,0.,2.094395102393,4.188790204786,
6.28318530718,8.377580409573),.UNSPECIFIED.) CURVE() 
GEOMETRIC_REPRESENTATION_ITEM() RATIONAL_B_SPLINE_CURVE((1.,0.5,1.,0.5,
1.,0.5,1.)) REPRESENTATION_ITEM('') );
#1005 = CARTESIAN_POINT('',(1.540292180075,19.940599288888));
#1006 = CARTESIAN_POINT('',(36.078423281801,17.272734974497));
#1007 = CARTESIAN_POINT('',(16.498919460825,-11.30423180163));
#1008 = CARTESIAN_POINT('',(-3.08058436015,-39.88119857777));
#1009 = CARTESIAN_POINT('',(-18.0392116409,-8.636367487249));
#1010 = CARTESIAN_POINT('',(-32.99783892165,22.608463603279));
#1011 = CARTESIAN_POINT('',(1.540292180075,19.940599288888));
#1012 = ( GEOMETRIC_REPRESENTATION_CONTEXT(2) 
PARAMETRIC_REPRESENTATION_CONTEXT() REPRESENTATION_CONTEXT('2D SPACE',''
  ) );
#1013 = ORIENTED_EDGE('',*,*,#774,.T.);
#1014 = ORIENTED_EDGE('',*,*,#1015,.T.);
#1015 = EDGE_CURVE('',#775,#878,#1016,.T.);
#1016 = SURFACE_CURVE('',#1017,(#1022,#1029),.PCURVE_S1.);
#1017 = CIRCLE('',#1018,20.);
#1018 = AXIS2_PLACEMENT_3D('',#1019,#1020,#1021);
#1019 = CARTESIAN_POINT('',(0.,0.,9.));
#1020 = DIRECTION('',(0.,0.,-1.));
#1021 = DIRECTION('',(7.701460900375E-02,0.997029964444,0.));
#1022 = PCURVE('',#823,#1023);
#1023 = DEFINITIONAL_REPRESENTATION('',(#1024),#1028);
#1024 = LINE('',#1025,#1026);
#1025 = CARTESIAN_POINT('',(-7.776890688899,0.));
#1026 = VECTOR('',#1027,1.);
#1027 = DIRECTION('',(1.,-0.));
#1028 = ( GEOMETRIC_REPRESENTATION_CONTEXT(2) 
PARAMETRIC_REPRESENTATION_CONTEXT() REPRESENTATION_CONTEXT('2D SPACE',''
  ) );
#1029 = PCURVE('',#95,#1030);
#1030 = DEFINITIONAL_REPRESENTATION('',(#1031),#1039);
#1031 = ( BOUNDED_CURVE() B_SPLINE_CURVE(2,(#1032,#1033,#1034,#1035,
#1036,#1037,#1038),.UNSPECIFIED.,.T.,.F.) B_SPLINE_CURVE_WITH_KNOTS((1,2
    ,2,2,2,1),(-2.094395102393,0.,2.094395102393,4.188790204786,
6.28318530718,8.377580409573),.UNSPECIFIED.) CURVE() 
GEOMETRIC_REPRESENTATION_ITEM() RATIONAL_B_SPLINE_CURVE((1.,0.5,1.,0.5,
1.,0.5,1.)) REPRESENTATION_ITEM('') );
#1032 = CARTESIAN_POINT('',(1.540292180075,19.940599288888));
#1033 = CARTESIAN_POINT('',(36.078423281801,17.272734974497));
#1034 = CARTESIAN_POINT('',(16.498919460825,-11.30423180163));
#1035 = CARTESIAN_POINT('',(-3.08058436015,-39.88119857777));
#1036 = CARTESIAN_POINT('',(-18.0392116409,-8.636367487249));
#1037 = CARTESIAN_POINT('',(-32.99783892165,22.608463603279));
#1038 = CARTESIAN_POINT('',(1.540292180075,19.940599288888));
#1039 = ( GEOMETRIC_REPRESENTATION_CONTEXT(2) 
PARAMETRIC_REPRESENTATION_CONTEXT() REPRESENTATION_CONTEXT('2D SPACE',''
  ) );
#1040 = ORIENTED_EDGE('',*,*,#898,.F.);
#1041 = ADVANCED_FACE('',(#1042),#763,.T.);
#1042 = FACE_BOUND('',#1043,.T.);
#1043 = EDGE_LOOP('',(#1044,#1045,#1046,#1047,#1075));
#1044 = ORIENTED_EDGE('',*,*,#966,.T.);
#1045 = ORIENTED_EDGE('',*,*,#988,.F.);
#1046 = ORIENTED_EDGE('',*,*,#748,.F.);
#1047 = ORIENTED_EDGE('',*,*,#1048,.T.);
#1048 = EDGE_CURVE('',#539,#1049,#1051,.T.);
#1049 = VERTEX_POINT('',#1050);
#1050 = CARTESIAN_POINT('',(-8.15,-1.99617428261E-15,12.));
#1051 = SURFACE_CURVE('',#1052,(#1057,#1068),.PCURVE_S1.);
#1052 = CIRCLE('',#1053,8.15);
#1053 = AXIS2_PLACEMENT_3D('',#1054,#1055,#1056);
#1054 = CARTESIAN_POINT('',(0.,0.,12.));
#1055 = DIRECTION('',(0.,0.,-1.));
#1056 = DIRECTION('',(-1.,0.,0.));
#1057 = PCURVE('',#763,#1058);
#1058 = DEFINITIONAL_REPRESENTATION('',(#1059),#1067);
#1059 = ( BOUNDED_CURVE() B_SPLINE_CURVE(2,(#1060,#1061,#1062,#1063,
#1064,#1065,#1066),.UNSPECIFIED.,.T.,.F.) B_SPLINE_CURVE_WITH_KNOTS((1,2
    ,2,2,2,1),(-2.094395102393,0.,2.094395102393,4.188790204786,
6.28318530718,8.377580409573),.UNSPECIFIED.) CURVE() 
GEOMETRIC_REPRESENTATION_ITEM() RATIONAL_B_SPLINE_CURVE((1.,0.5,1.,0.5,
1.,0.5,1.)) REPRESENTATION_ITEM('') );
#1060 = CARTESIAN_POINT('',(-8.15,-1.371473012632E-15));
#1061 = CARTESIAN_POINT('',(-8.15,14.116214081686));
#1062 = CARTESIAN_POINT('',(4.075,7.058107040843));
#1063 = CARTESIAN_POINT('',(16.3,6.247012699787E-16));
#1064 = CARTESIAN_POINT('',(4.075,-7.058107040843));
#1065 = CARTESIAN_POINT('',(-8.15,-14.11621408168));
#1066 = CARTESIAN_POINT('',(-8.15,-1.371473012632E-15));
#1067 = ( GEOMETRIC_REPRESENTATION_CONTEXT(2) 
PARAMETRIC_REPRESENTATION_CONTEXT() REPRESENTATION_CONTEXT('2D SPACE',''
  ) );
#1068 = PCURVE('',#670,#1069);
#1069 = DEFINITIONAL_REPRESENTATION('',(#1070),#1074);
#1070 = LINE('',#1071,#1072);
#1071 = CARTESIAN_POINT('',(0.,0.));
#1072 = VECTOR('',#1073,1.);
#1073 = DIRECTION('',(1.,0.));
#1074 = ( GEOMETRIC_REPRESENTATION_CONTEXT(2) 
PARAMETRIC_REPRESENTATION_CONTEXT() REPRESENTATION_CONTEXT('2D SPACE',''
  ) );
#1075 = ORIENTED_EDGE('',*,*,#1076,.T.);
#1076 = EDGE_CURVE('',#1049,#541,#1077,.T.);
#1077 = SURFACE_CURVE('',#1078,(#1083,#1094),.PCURVE_S1.);
#1078 = CIRCLE('',#1079,8.15);
#1079 = AXIS2_PLACEMENT_3D('',#1080,#1081,#1082);
#1080 = CARTESIAN_POINT('',(0.,0.,12.));
#1081 = DIRECTION('',(0.,0.,-1.));
#1082 = DIRECTION('',(-1.,0.,0.));
#1083 = PCURVE('',#763,#1084);
#1084 = DEFINITIONAL_REPRESENTATION('',(#1085),#1093);
#1085 = ( BOUNDED_CURVE() B_SPLINE_CURVE(2,(#1086,#1087,#1088,#1089,
#1090,#1091,#1092),.UNSPECIFIED.,.T.,.F.) B_SPLINE_CURVE_WITH_KNOTS((1,2
    ,2,2,2,1),(-2.094395102393,0.,2.094395102393,4.188790204786,
6.28318530718,8.377580409573),.UNSPECIFIED.) CURVE() 
GEOMETRIC_REPRESENTATION_ITEM() RATIONAL_B_SPLINE_CURVE((1.,0.5,1.,0.5,
1.,0.5,1.)) REPRESENTATION_ITEM('') );
#1086 = CARTESIAN_POINT('',(-8.15,-1.371473012632E-15));
#1087 = CARTESIAN_POINT('',(-8.15,14.116214081686));
#1088 = CARTESIAN_POINT('',(4.075,7.058107040843));
#1089 = CARTESIAN_POINT('',(16.3,6.247012699787E-16));
#1090 = CARTESIAN_POINT('',(4.075,-7.058107040843));
#1091 = CARTESIAN_POINT('',(-8.15,-14.11621408168));
#1092 = CARTESIAN_POINT('',(-8.15,-1.371473012632E-15));
#1093 = ( GEOMETRIC_REPRESENTATION_CONTEXT(2) 
PARAMETRIC_REPRESENTATION_CONTEXT() REPRESENTATION_CONTEXT('2D SPACE',''
  ) );
#1094 = PCURVE('',#670,#1095);
#1095 = DEFINITIONAL_REPRESENTATION('',(#1096),#1100);
#1096 = LINE('',#1097,#1098);
#1097 = CARTESIAN_POINT('',(0.,0.));
#1098 = VECTOR('',#1099,1.);
#1099 = DIRECTION('',(1.,0.));
#1100 = ( GEOMETRIC_REPRESENTATION_CONTEXT(2) 
PARAMETRIC_REPRESENTATION_CONTEXT() REPRESENTATION_CONTEXT('2D SPACE',''
  ) );
#1101 = ADVANCED_FACE('',(#1102),#670,.F.);
#1102 = FACE_BOUND('',#1103,.F.);
#1103 = EDGE_LOOP('',(#1104,#1127,#1153,#1154,#1155,#1156));
#1104 = ORIENTED_EDGE('',*,*,#1105,.T.);
#1105 = EDGE_CURVE('',#1049,#1106,#1108,.T.);
#1106 = VERTEX_POINT('',#1107);
#1107 = CARTESIAN_POINT('',(-8.15,-1.99617428261E-15,0.));
#1108 = SEAM_CURVE('',#1109,(#1113,#1120),.PCURVE_S1.);
#1109 = LINE('',#1110,#1111);
#1110 = CARTESIAN_POINT('',(-8.15,-1.99617428261E-15,12.));
#1111 = VECTOR('',#1112,1.);
#1112 = DIRECTION('',(0.,0.,-1.));
#1113 = PCURVE('',#670,#1114);
#1114 = DEFINITIONAL_REPRESENTATION('',(#1115),#1119);
#1115 = LINE('',#1116,#1117);
#1116 = CARTESIAN_POINT('',(6.28318530718,-0.));
#1117 = VECTOR('',#1118,1.);
#1118 = DIRECTION('',(0.,1.));
#1119 = ( GEOMETRIC_REPRESENTATION_CONTEXT(2) 
PARAMETRIC_REPRESENTATION_CONTEXT() REPRESENTATION_CONTEXT('2D SPACE',''
  ) );
#1120 = PCURVE('',#670,#1121);
#1121 = DEFINITIONAL_REPRESENTATION('',(#1122),#1126);
#1122 = LINE('',#1123,#1124);
#1123 = CARTESIAN_POINT('',(0.,-0.));
#1124 = VECTOR('',#1125,1.);
#1125 = DIRECTION('',(0.,1.));
#1126 = ( GEOMETRIC_REPRESENTATION_CONTEXT(2) 
PARAMETRIC_REPRESENTATION_CONTEXT() REPRESENTATION_CONTEXT('2D SPACE',''
  ) );
#1127 = ORIENTED_EDGE('',*,*,#1128,.F.);
#1128 = EDGE_CURVE('',#1106,#1106,#1129,.T.);
#1129 = SURFACE_CURVE('',#1130,(#1135,#1142),.PCURVE_S1.);
#1130 = CIRCLE('',#1131,8.15);
#1131 = AXIS2_PLACEMENT_3D('',#1132,#1133,#1134);
#1132 = CARTESIAN_POINT('',(0.,0.,0.));
#1133 = DIRECTION('',(0.,0.,-1.));
#1134 = DIRECTION('',(-1.,0.,0.));
#1135 = PCURVE('',#670,#1136);
#1136 = DEFINITIONAL_REPRESENTATION('',(#1137),#1141);
#1137 = LINE('',#1138,#1139);
#1138 = CARTESIAN_POINT('',(0.,12.));
#1139 = VECTOR('',#1140,1.);
#1140 = DIRECTION('',(1.,0.));
#1141 = ( GEOMETRIC_REPRESENTATION_CONTEXT(2) 
PARAMETRIC_REPRESENTATION_CONTEXT() REPRESENTATION_CONTEXT('2D SPACE',''
  ) );
#1142 = PCURVE('',#43,#1143);
#1143 = DEFINITIONAL_REPRESENTATION('',(#1144),#1152);
#1144 = ( BOUNDED_CURVE() B_SPLINE_CURVE(2,(#1145,#1146,#1147,#1148,
#1149,#1150,#1151),.UNSPECIFIED.,.T.,.F.) B_SPLINE_CURVE_WITH_KNOTS((1,2
    ,2,2,2,1),(-2.094395102393,0.,2.094395102393,4.188790204786,
6.28318530718,8.377580409573),.UNSPECIFIED.) CURVE() 
GEOMETRIC_REPRESENTATION_ITEM() RATIONAL_B_SPLINE_CURVE((1.,0.5,1.,0.5,
1.,0.5,1.)) REPRESENTATION_ITEM('') );
#1145 = CARTESIAN_POINT('',(-8.15,-4.869372936036E-15));
#1146 = CARTESIAN_POINT('',(-8.15,14.116214081686));
#1147 = CARTESIAN_POINT('',(4.075,7.058107040843));
#1148 = CARTESIAN_POINT('',(16.3,-2.873198653426E-15));
#1149 = CARTESIAN_POINT('',(4.075,-7.058107040843));
#1150 = CARTESIAN_POINT('',(-8.15,-14.11621408168));
#1151 = CARTESIAN_POINT('',(-8.15,-4.869372936036E-15));
#1152 = ( GEOMETRIC_REPRESENTATION_CONTEXT(2) 
PARAMETRIC_REPRESENTATION_CONTEXT() REPRESENTATION_CONTEXT('2D SPACE',''
  ) );
#1153 = ORIENTED_EDGE('',*,*,#1105,.F.);
#1154 = ORIENTED_EDGE('',*,*,#1076,.T.);
#1155 = ORIENTED_EDGE('',*,*,#538,.F.);
#1156 = ORIENTED_EDGE('',*,*,#1048,.T.);
#1157 = ADVANCED_FACE('',(#1158,#1169,#1200,#1231,#1262,#1293,#1324,
    #1355,#1386,#1417,#1448,#1479),#95,.T.);
#1158 = FACE_BOUND('',#1159,.T.);
#1159 = EDGE_LOOP('',(#1160,#1161,#1162,#1163,#1164,#1165,#1166,#1167,
    #1168));
#1160 = ORIENTED_EDGE('',*,*,#190,.T.);
#1161 = ORIENTED_EDGE('',*,*,#78,.T.);
#1162 = ORIENTED_EDGE('',*,*,#216,.F.);
#1163 = ORIENTED_EDGE('',*,*,#406,.F.);
#1164 = ORIENTED_EDGE('',*,*,#857,.F.);
#1165 = ORIENTED_EDGE('',*,*,#1015,.T.);
#1166 = ORIENTED_EDGE('',*,*,#877,.T.);
#1167 = ORIENTED_EDGE('',*,*,#509,.F.);
#1168 = ORIENTED_EDGE('',*,*,#238,.T.);
#1169 = FACE_BOUND('',#1170,.T.);
#1170 = EDGE_LOOP('',(#1171));
#1171 = ORIENTED_EDGE('',*,*,#1172,.F.);
#1172 = EDGE_CURVE('',#1173,#1173,#1175,.T.);
#1173 = VERTEX_POINT('',#1174);
#1174 = CARTESIAN_POINT('',(-1.17908750904E-14,-62.6,9.));
#1175 = SURFACE_CURVE('',#1176,(#1181,#1188),.PCURVE_S1.);
#1176 = CIRCLE('',#1177,7.6);
#1177 = AXIS2_PLACEMENT_3D('',#1178,#1179,#1180);
#1178 = CARTESIAN_POINT('',(-1.010333609297E-14,-55.,9.));
#1179 = DIRECTION('',(0.,0.,1.));
#1180 = DIRECTION('',(-2.22044604925E-16,-1.,0.));
#1181 = PCURVE('',#95,#1182);
#1182 = DEFINITIONAL_REPRESENTATION('',(#1183),#1187);
#1183 = CIRCLE('',#1184,7.6);
#1184 = AXIS2_PLACEMENT_2D('',#1185,#1186);
#1185 = CARTESIAN_POINT('',(-6.270511195921E-15,-55.));
#1186 = DIRECTION('',(-2.22044604925E-16,-1.));
#1187 = ( GEOMETRIC_REPRESENTATION_CONTEXT(2) 
PARAMETRIC_REPRESENTATION_CONTEXT() REPRESENTATION_CONTEXT('2D SPACE',''
  ) );
#1188 = PCURVE('',#1189,#1194);
#1189 = CYLINDRICAL_SURFACE('',#1190,7.6);
#1190 = AXIS2_PLACEMENT_3D('',#1191,#1192,#1193);
#1191 = CARTESIAN_POINT('',(-1.010333609297E-14,-55.,9.));
#1192 = DIRECTION('',(0.,0.,1.));
#1193 = DIRECTION('',(-2.22044604925E-16,-1.,0.));
#1194 = DEFINITIONAL_REPRESENTATION('',(#1195),#1199);
#1195 = LINE('',#1196,#1197);
#1196 = CARTESIAN_POINT('',(0.,0.));
#1197 = VECTOR('',#1198,1.);
#1198 = DIRECTION('',(1.,0.));
#1199 = ( GEOMETRIC_REPRESENTATION_CONTEXT(2) 
PARAMETRIC_REPRESENTATION_CONTEXT() REPRESENTATION_CONTEXT('2D SPACE',''
  ) );
#1200 = FACE_BOUND('',#1201,.T.);
#1201 = EDGE_LOOP('',(#1202));
#1202 = ORIENTED_EDGE('',*,*,#1203,.F.);
#1203 = EDGE_CURVE('',#1204,#1204,#1206,.T.);
#1204 = VERTEX_POINT('',#1205);
#1205 = CARTESIAN_POINT('',(-31.3,-54.2131902769,9.));
#1206 = SURFACE_CURVE('',#1207,(#1212,#1219),.PCURVE_S1.);
#1207 = CIRCLE('',#1208,7.6);
#1208 = AXIS2_PLACEMENT_3D('',#1209,#1210,#1211);
#1209 = CARTESIAN_POINT('',(-27.5,-47.63139720814,9.));
#1210 = DIRECTION('',(0.,0.,1.));
#1211 = DIRECTION('',(-0.5,-0.866025403784,0.));
#1212 = PCURVE('',#95,#1213);
#1213 = DEFINITIONAL_REPRESENTATION('',(#1214),#1218);
#1214 = CIRCLE('',#1215,7.6);
#1215 = AXIS2_PLACEMENT_2D('',#1216,#1217);
#1216 = CARTESIAN_POINT('',(-27.5,-47.63139720814));
#1217 = DIRECTION('',(-0.5,-0.866025403784));
#1218 = ( GEOMETRIC_REPRESENTATION_CONTEXT(2) 
PARAMETRIC_REPRESENTATION_CONTEXT() REPRESENTATION_CONTEXT('2D SPACE',''
  ) );
#1219 = PCURVE('',#1220,#1225);
#1220 = CYLINDRICAL_SURFACE('',#1221,7.6);
#1221 = AXIS2_PLACEMENT_3D('',#1222,#1223,#1224);
#1222 = CARTESIAN_POINT('',(-27.5,-47.63139720814,9.));
#1223 = DIRECTION('',(0.,0.,1.));
#1224 = DIRECTION('',(-0.5,-0.866025403784,0.));
#1225 = DEFINITIONAL_REPRESENTATION('',(#1226),#1230);
#1226 = LINE('',#1227,#1228);
#1227 = CARTESIAN_POINT('',(0.,0.));
#1228 = VECTOR('',#1229,1.);
#1229 = DIRECTION('',(1.,0.));
#1230 = ( GEOMETRIC_REPRESENTATION_CONTEXT(2) 
PARAMETRIC_REPRESENTATION_CONTEXT() REPRESENTATION_CONTEXT('2D SPACE',''
  ) );
#1231 = FACE_BOUND('',#1232,.T.);
#1232 = EDGE_LOOP('',(#1233));
#1233 = ORIENTED_EDGE('',*,*,#1234,.F.);
#1234 = EDGE_CURVE('',#1235,#1235,#1237,.T.);
#1235 = VERTEX_POINT('',#1236);
#1236 = CARTESIAN_POINT('',(-54.2131902769,-31.3,9.));
#1237 = SURFACE_CURVE('',#1238,(#1243,#1250),.PCURVE_S1.);
#1238 = CIRCLE('',#1239,7.6);
#1239 = AXIS2_PLACEMENT_3D('',#1240,#1241,#1242);
#1240 = CARTESIAN_POINT('',(-47.63139720814,-27.5,9.));
#1241 = DIRECTION('',(0.,0.,1.));
#1242 = DIRECTION('',(-0.866025403784,-0.5,0.));
#1243 = PCURVE('',#95,#1244);
#1244 = DEFINITIONAL_REPRESENTATION('',(#1245),#1249);
#1245 = CIRCLE('',#1246,7.6);
#1246 = AXIS2_PLACEMENT_2D('',#1247,#1248);
#1247 = CARTESIAN_POINT('',(-47.63139720814,-27.5));
#1248 = DIRECTION('',(-0.866025403784,-0.5));
#1249 = ( GEOMETRIC_REPRESENTATION_CONTEXT(2) 
PARAMETRIC_REPRESENTATION_CONTEXT() REPRESENTATION_CONTEXT('2D SPACE',''
  ) );
#1250 = PCURVE('',#1251,#1256);
#1251 = CYLINDRICAL_SURFACE('',#1252,7.6);
#1252 = AXIS2_PLACEMENT_3D('',#1253,#1254,#1255);
#1253 = CARTESIAN_POINT('',(-47.63139720814,-27.5,9.));
#1254 = DIRECTION('',(0.,0.,1.));
#1255 = DIRECTION('',(-0.866025403784,-0.5,0.));
#1256 = DEFINITIONAL_REPRESENTATION('',(#1257),#1261);
#1257 = LINE('',#1258,#1259);
#1258 = CARTESIAN_POINT('',(0.,0.));
#1259 = VECTOR('',#1260,1.);
#1260 = DIRECTION('',(1.,0.));
#1261 = ( GEOMETRIC_REPRESENTATION_CONTEXT(2) 
PARAMETRIC_REPRESENTATION_CONTEXT() REPRESENTATION_CONTEXT('2D SPACE',''
  ) );
#1262 = FACE_BOUND('',#1263,.T.);
#1263 = EDGE_LOOP('',(#1264));
#1264 = ORIENTED_EDGE('',*,*,#1265,.F.);
#1265 = EDGE_CURVE('',#1266,#1266,#1268,.T.);
#1266 = VERTEX_POINT('',#1267);
#1267 = CARTESIAN_POINT('',(31.3,-54.2131902769,9.));
#1268 = SURFACE_CURVE('',#1269,(#1274,#1281),.PCURVE_S1.);
#1269 = CIRCLE('',#1270,7.6);
#1270 = AXIS2_PLACEMENT_3D('',#1271,#1272,#1273);
#1271 = CARTESIAN_POINT('',(27.5,-47.63139720814,9.));
#1272 = DIRECTION('',(-0.,0.,1.));
#1273 = DIRECTION('',(0.5,-0.866025403784,0.));
#1274 = PCURVE('',#95,#1275);
#1275 = DEFINITIONAL_REPRESENTATION('',(#1276),#1280);
#1276 = CIRCLE('',#1277,7.6);
#1277 = AXIS2_PLACEMENT_2D('',#1278,#1279);
#1278 = CARTESIAN_POINT('',(27.5,-47.63139720814));
#1279 = DIRECTION('',(0.5,-0.866025403784));
#1280 = ( GEOMETRIC_REPRESENTATION_CONTEXT(2) 
PARAMETRIC_REPRESENTATION_CONTEXT() REPRESENTATION_CONTEXT('2D SPACE',''
  ) );
#1281 = PCURVE('',#1282,#1287);
#1282 = CYLINDRICAL_SURFACE('',#1283,7.6);
#1283 = AXIS2_PLACEMENT_3D('',#1284,#1285,#1286);
#1284 = CARTESIAN_POINT('',(27.5,-47.63139720814,9.));
#1285 = DIRECTION('',(-0.,0.,1.));
#1286 = DIRECTION('',(0.5,-0.866025403784,0.));
#1287 = DEFINITIONAL_REPRESENTATION('',(#1288),#1292);
#1288 = LINE('',#1289,#1290);
#1289 = CARTESIAN_POINT('',(0.,0.));
#1290 = VECTOR('',#1291,1.);
#1291 = DIRECTION('',(1.,0.));
#1292 = ( GEOMETRIC_REPRESENTATION_CONTEXT(2) 
PARAMETRIC_REPRESENTATION_CONTEXT() REPRESENTATION_CONTEXT('2D SPACE',''
  ) );
#1293 = FACE_BOUND('',#1294,.T.);
#1294 = EDGE_LOOP('',(#1295));
#1295 = ORIENTED_EDGE('',*,*,#1296,.F.);
#1296 = EDGE_CURVE('',#1297,#1297,#1299,.T.);
#1297 = VERTEX_POINT('',#1298);
#1298 = CARTESIAN_POINT('',(54.213190276906,-31.3,9.));
#1299 = SURFACE_CURVE('',#1300,(#1305,#1312),.PCURVE_S1.);
#1300 = CIRCLE('',#1301,7.6);
#1301 = AXIS2_PLACEMENT_3D('',#1302,#1303,#1304);
#1302 = CARTESIAN_POINT('',(47.631397208144,-27.5,9.));
#1303 = DIRECTION('',(-0.,0.,1.));
#1304 = DIRECTION('',(0.866025403784,-0.5,0.));
#1305 = PCURVE('',#95,#1306);
#1306 = DEFINITIONAL_REPRESENTATION('',(#1307),#1311);
#1307 = CIRCLE('',#1308,7.6);
#1308 = AXIS2_PLACEMENT_2D('',#1309,#1310);
#1309 = CARTESIAN_POINT('',(47.631397208144,-27.5));
#1310 = DIRECTION('',(0.866025403784,-0.5));
#1311 = ( GEOMETRIC_REPRESENTATION_CONTEXT(2) 
PARAMETRIC_REPRESENTATION_CONTEXT() REPRESENTATION_CONTEXT('2D SPACE',''
  ) );
#1312 = PCURVE('',#1313,#1318);
#1313 = CYLINDRICAL_SURFACE('',#1314,7.6);
#1314 = AXIS2_PLACEMENT_3D('',#1315,#1316,#1317);
#1315 = CARTESIAN_POINT('',(47.631397208144,-27.5,9.));
#1316 = DIRECTION('',(-0.,0.,1.));
#1317 = DIRECTION('',(0.866025403784,-0.5,0.));
#1318 = DEFINITIONAL_REPRESENTATION('',(#1319),#1323);
#1319 = LINE('',#1320,#1321);
#1320 = CARTESIAN_POINT('',(0.,0.));
#1321 = VECTOR('',#1322,1.);
#1322 = DIRECTION('',(1.,0.));
#1323 = ( GEOMETRIC_REPRESENTATION_CONTEXT(2) 
PARAMETRIC_REPRESENTATION_CONTEXT() REPRESENTATION_CONTEXT('2D SPACE',''
  ) );
#1324 = FACE_BOUND('',#1325,.T.);
#1325 = EDGE_LOOP('',(#1326));
#1326 = ORIENTED_EDGE('',*,*,#1327,.F.);
#1327 = EDGE_CURVE('',#1328,#1328,#1330,.T.);
#1328 = VERTEX_POINT('',#1329);
#1329 = CARTESIAN_POINT('',(-62.6,7.666288962662E-15,9.));
#1330 = SURFACE_CURVE('',#1331,(#1336,#1343),.PCURVE_S1.);
#1331 = CIRCLE('',#1332,7.6);
#1332 = AXIS2_PLACEMENT_3D('',#1333,#1334,#1335);
#1333 = CARTESIAN_POINT('',(-55.,6.73555739531E-15,9.));
#1334 = DIRECTION('',(0.,0.,1.));
#1335 = DIRECTION('',(-1.,1.224646799147E-16,0.));
#1336 = PCURVE('',#95,#1337);
#1337 = DEFINITIONAL_REPRESENTATION('',(#1338),#1342);
#1338 = CIRCLE('',#1339,7.6);
#1339 = AXIS2_PLACEMENT_2D('',#1340,#1341);
#1340 = CARTESIAN_POINT('',(-55.,1.866184459274E-15));
#1341 = DIRECTION('',(-1.,1.224646799147E-16));
#1342 = ( GEOMETRIC_REPRESENTATION_CONTEXT(2) 
PARAMETRIC_REPRESENTATION_CONTEXT() REPRESENTATION_CONTEXT('2D SPACE',''
  ) );
#1343 = PCURVE('',#1344,#1349);
#1344 = CYLINDRICAL_SURFACE('',#1345,7.6);
#1345 = AXIS2_PLACEMENT_3D('',#1346,#1347,#1348);
#1346 = CARTESIAN_POINT('',(-55.,6.73555739531E-15,9.));
#1347 = DIRECTION('',(0.,0.,1.));
#1348 = DIRECTION('',(-1.,1.224646799147E-16,0.));
#1349 = DEFINITIONAL_REPRESENTATION('',(#1350),#1354);
#1350 = LINE('',#1351,#1352);
#1351 = CARTESIAN_POINT('',(0.,0.));
#1352 = VECTOR('',#1353,1.);
#1353 = DIRECTION('',(1.,0.));
#1354 = ( GEOMETRIC_REPRESENTATION_CONTEXT(2) 
PARAMETRIC_REPRESENTATION_CONTEXT() REPRESENTATION_CONTEXT('2D SPACE',''
  ) );
#1355 = FACE_BOUND('',#1356,.T.);
#1356 = EDGE_LOOP('',(#1357));
#1357 = ORIENTED_EDGE('',*,*,#1358,.F.);
#1358 = EDGE_CURVE('',#1359,#1359,#1361,.T.);
#1359 = VERTEX_POINT('',#1360);
#1360 = CARTESIAN_POINT('',(-54.2131902769,31.3,9.));
#1361 = SURFACE_CURVE('',#1362,(#1367,#1374),.PCURVE_S1.);
#1362 = CIRCLE('',#1363,7.6);
#1363 = AXIS2_PLACEMENT_3D('',#1364,#1365,#1366);
#1364 = CARTESIAN_POINT('',(-47.63139720814,27.5,9.));
#1365 = DIRECTION('',(0.,0.,1.));
#1366 = DIRECTION('',(-0.866025403784,0.5,0.));
#1367 = PCURVE('',#95,#1368);
#1368 = DEFINITIONAL_REPRESENTATION('',(#1369),#1373);
#1369 = CIRCLE('',#1370,7.6);
#1370 = AXIS2_PLACEMENT_2D('',#1371,#1372);
#1371 = CARTESIAN_POINT('',(-47.63139720814,27.5));
#1372 = DIRECTION('',(-0.866025403784,0.5));
#1373 = ( GEOMETRIC_REPRESENTATION_CONTEXT(2) 
PARAMETRIC_REPRESENTATION_CONTEXT() REPRESENTATION_CONTEXT('2D SPACE',''
  ) );
#1374 = PCURVE('',#1375,#1380);
#1375 = CYLINDRICAL_SURFACE('',#1376,7.6);
#1376 = AXIS2_PLACEMENT_3D('',#1377,#1378,#1379);
#1377 = CARTESIAN_POINT('',(-47.63139720814,27.5,9.));
#1378 = DIRECTION('',(0.,0.,1.));
#1379 = DIRECTION('',(-0.866025403784,0.5,0.));
#1380 = DEFINITIONAL_REPRESENTATION('',(#1381),#1385);
#1381 = LINE('',#1382,#1383);
#1382 = CARTESIAN_POINT('',(0.,0.));
#1383 = VECTOR('',#1384,1.);
#1384 = DIRECTION('',(1.,0.));
#1385 = ( GEOMETRIC_REPRESENTATION_CONTEXT(2) 
PARAMETRIC_REPRESENTATION_CONTEXT() REPRESENTATION_CONTEXT('2D SPACE',''
  ) );
#1386 = FACE_BOUND('',#1387,.T.);
#1387 = EDGE_LOOP('',(#1388));
#1388 = ORIENTED_EDGE('',*,*,#1389,.F.);
#1389 = EDGE_CURVE('',#1390,#1390,#1392,.T.);
#1390 = VERTEX_POINT('',#1391);
#1391 = CARTESIAN_POINT('',(-31.3,54.213190276906,9.));
#1392 = SURFACE_CURVE('',#1393,(#1398,#1405),.PCURVE_S1.);
#1393 = CIRCLE('',#1394,7.6);
#1394 = AXIS2_PLACEMENT_3D('',#1395,#1396,#1397);
#1395 = CARTESIAN_POINT('',(-27.5,47.631397208144,9.));
#1396 = DIRECTION('',(0.,0.,1.));
#1397 = DIRECTION('',(-0.5,0.866025403784,0.));
#1398 = PCURVE('',#95,#1399);
#1399 = DEFINITIONAL_REPRESENTATION('',(#1400),#1404);
#1400 = CIRCLE('',#1401,7.6);
#1401 = AXIS2_PLACEMENT_2D('',#1402,#1403);
#1402 = CARTESIAN_POINT('',(-27.5,47.631397208144));
#1403 = DIRECTION('',(-0.5,0.866025403784));
#1404 = ( GEOMETRIC_REPRESENTATION_CONTEXT(2) 
PARAMETRIC_REPRESENTATION_CONTEXT() REPRESENTATION_CONTEXT('2D SPACE',''
  ) );
#1405 = PCURVE('',#1406,#1411);
#1406 = CYLINDRICAL_SURFACE('',#1407,7.6);
#1407 = AXIS2_PLACEMENT_3D('',#1408,#1409,#1410);
#1408 = CARTESIAN_POINT('',(-27.5,47.631397208144,9.));
#1409 = DIRECTION('',(0.,0.,1.));
#1410 = DIRECTION('',(-0.5,0.866025403784,0.));
#1411 = DEFINITIONAL_REPRESENTATION('',(#1412),#1416);
#1412 = LINE('',#1413,#1414);
#1413 = CARTESIAN_POINT('',(0.,0.));
#1414 = VECTOR('',#1415,1.);
#1415 = DIRECTION('',(1.,0.));
#1416 = ( GEOMETRIC_REPRESENTATION_CONTEXT(2) 
PARAMETRIC_REPRESENTATION_CONTEXT() REPRESENTATION_CONTEXT('2D SPACE',''
  ) );
#1417 = FACE_BOUND('',#1418,.T.);
#1418 = EDGE_LOOP('',(#1419));
#1419 = ORIENTED_EDGE('',*,*,#1420,.F.);
#1420 = EDGE_CURVE('',#1421,#1421,#1423,.T.);
#1421 = VERTEX_POINT('',#1422);
#1422 = CARTESIAN_POINT('',(62.6,0.,9.));
#1423 = SURFACE_CURVE('',#1424,(#1429,#1436),.PCURVE_S1.);
#1424 = CIRCLE('',#1425,7.6);
#1425 = AXIS2_PLACEMENT_3D('',#1426,#1427,#1428);
#1426 = CARTESIAN_POINT('',(55.,0.,9.));
#1427 = DIRECTION('',(0.,0.,1.));
#1428 = DIRECTION('',(1.,0.,0.));
#1429 = PCURVE('',#95,#1430);
#1430 = DEFINITIONAL_REPRESENTATION('',(#1431),#1435);
#1431 = CIRCLE('',#1432,7.6);
#1432 = AXIS2_PLACEMENT_2D('',#1433,#1434);
#1433 = CARTESIAN_POINT('',(55.,-4.869372936036E-15));
#1434 = DIRECTION('',(1.,0.));
#1435 = ( GEOMETRIC_REPRESENTATION_CONTEXT(2) 
PARAMETRIC_REPRESENTATION_CONTEXT() REPRESENTATION_CONTEXT('2D SPACE',''
  ) );
#1436 = PCURVE('',#1437,#1442);
#1437 = CYLINDRICAL_SURFACE('',#1438,7.6);
#1438 = AXIS2_PLACEMENT_3D('',#1439,#1440,#1441);
#1439 = CARTESIAN_POINT('',(55.,0.,9.));
#1440 = DIRECTION('',(0.,0.,1.));
#1441 = DIRECTION('',(1.,0.,0.));
#1442 = DEFINITIONAL_REPRESENTATION('',(#1443),#1447);
#1443 = LINE('',#1444,#1445);
#1444 = CARTESIAN_POINT('',(0.,0.));
#1445 = VECTOR('',#1446,1.);
#1446 = DIRECTION('',(1.,0.));
#1447 = ( GEOMETRIC_REPRESENTATION_CONTEXT(2) 
PARAMETRIC_REPRESENTATION_CONTEXT() REPRESENTATION_CONTEXT('2D SPACE',''
  ) );
#1448 = FACE_BOUND('',#1449,.T.);
#1449 = EDGE_LOOP('',(#1450));
#1450 = ORIENTED_EDGE('',*,*,#1451,.F.);
#1451 = EDGE_CURVE('',#1452,#1452,#1454,.T.);
#1452 = VERTEX_POINT('',#1453);
#1453 = CARTESIAN_POINT('',(31.3,54.213190276906,9.));
#1454 = SURFACE_CURVE('',#1455,(#1460,#1467),.PCURVE_S1.);
#1455 = CIRCLE('',#1456,7.6);
#1456 = AXIS2_PLACEMENT_3D('',#1457,#1458,#1459);
#1457 = CARTESIAN_POINT('',(27.5,47.631397208144,9.));
#1458 = DIRECTION('',(0.,-0.,1.));
#1459 = DIRECTION('',(0.5,0.866025403784,0.));
#1460 = PCURVE('',#95,#1461);
#1461 = DEFINITIONAL_REPRESENTATION('',(#1462),#1466);
#1462 = CIRCLE('',#1463,7.6);
#1463 = AXIS2_PLACEMENT_2D('',#1464,#1465);
#1464 = CARTESIAN_POINT('',(27.5,47.631397208144));
#1465 = DIRECTION('',(0.5,0.866025403784));
#1466 = ( GEOMETRIC_REPRESENTATION_CONTEXT(2) 
PARAMETRIC_REPRESENTATION_CONTEXT() REPRESENTATION_CONTEXT('2D SPACE',''
  ) );
#1467 = PCURVE('',#1468,#1473);
#1468 = CYLINDRICAL_SURFACE('',#1469,7.6);
#1469 = AXIS2_PLACEMENT_3D('',#1470,#1471,#1472);
#1470 = CARTESIAN_POINT('',(27.5,47.631397208144,9.));
#1471 = DIRECTION('',(0.,-0.,1.));
#1472 = DIRECTION('',(0.5,0.866025403784,0.));
#1473 = DEFINITIONAL_REPRESENTATION('',(#1474),#1478);
#1474 = LINE('',#1475,#1476);
#1475 = CARTESIAN_POINT('',(0.,0.));
#1476 = VECTOR('',#1477,1.);
#1477 = DIRECTION('',(1.,0.));
#1478 = ( GEOMETRIC_REPRESENTATION_CONTEXT(2) 
PARAMETRIC_REPRESENTATION_CONTEXT() REPRESENTATION_CONTEXT('2D SPACE',''
  ) );
#1479 = FACE_BOUND('',#1480,.T.);
#1480 = EDGE_LOOP('',(#1481));
#1481 = ORIENTED_EDGE('',*,*,#1482,.F.);
#1482 = EDGE_CURVE('',#1483,#1483,#1485,.T.);
#1483 = VERTEX_POINT('',#1484);
#1484 = CARTESIAN_POINT('',(54.213190276906,31.3,9.));
#1485 = SURFACE_CURVE('',#1486,(#1491,#1498),.PCURVE_S1.);
#1486 = CIRCLE('',#1487,7.6);
#1487 = AXIS2_PLACEMENT_3D('',#1488,#1489,#1490);
#1488 = CARTESIAN_POINT('',(47.631397208144,27.5,9.));
#1489 = DIRECTION('',(0.,-0.,1.));
#1490 = DIRECTION('',(0.866025403784,0.5,0.));
#1491 = PCURVE('',#95,#1492);
#1492 = DEFINITIONAL_REPRESENTATION('',(#1493),#1497);
#1493 = CIRCLE('',#1494,7.6);
#1494 = AXIS2_PLACEMENT_2D('',#1495,#1496);
#1495 = CARTESIAN_POINT('',(47.631397208144,27.5));
#1496 = DIRECTION('',(0.866025403784,0.5));
#1497 = ( GEOMETRIC_REPRESENTATION_CONTEXT(2) 
PARAMETRIC_REPRESENTATION_CONTEXT() REPRESENTATION_CONTEXT('2D SPACE',''
  ) );
#1498 = PCURVE('',#1499,#1504);
#1499 = CYLINDRICAL_SURFACE('',#1500,7.6);
#1500 = AXIS2_PLACEMENT_3D('',#1501,#1502,#1503);
#1501 = CARTESIAN_POINT('',(47.631397208144,27.5,9.));
#1502 = DIRECTION('',(0.,-0.,1.));
#1503 = DIRECTION('',(0.866025403784,0.5,0.));
#1504 = DEFINITIONAL_REPRESENTATION('',(#1505),#1509);
#1505 = LINE('',#1506,#1507);
#1506 = CARTESIAN_POINT('',(0.,0.));
#1507 = VECTOR('',#1508,1.);
#1508 = DIRECTION('',(1.,0.));
#1509 = ( GEOMETRIC_REPRESENTATION_CONTEXT(2) 
PARAMETRIC_REPRESENTATION_CONTEXT() REPRESENTATION_CONTEXT('2D SPACE',''
  ) );
#1510 = ADVANCED_FACE('',(#1511),#1499,.F.);
#1511 = FACE_BOUND('',#1512,.F.);
#1512 = EDGE_LOOP('',(#1513,#1536,#1563,#1564));
#1513 = ORIENTED_EDGE('',*,*,#1514,.T.);
#1514 = EDGE_CURVE('',#1483,#1515,#1517,.T.);
#1515 = VERTEX_POINT('',#1516);
#1516 = CARTESIAN_POINT('',(54.213190276906,31.3,3.));
#1517 = SEAM_CURVE('',#1518,(#1522,#1529),.PCURVE_S1.);
#1518 = LINE('',#1519,#1520);
#1519 = CARTESIAN_POINT('',(54.213190276906,31.3,9.));
#1520 = VECTOR('',#1521,1.);
#1521 = DIRECTION('',(-0.,-0.,-1.));
#1522 = PCURVE('',#1499,#1523);
#1523 = DEFINITIONAL_REPRESENTATION('',(#1524),#1528);
#1524 = LINE('',#1525,#1526);
#1525 = CARTESIAN_POINT('',(0.,0.));
#1526 = VECTOR('',#1527,1.);
#1527 = DIRECTION('',(0.,-1.));
#1528 = ( GEOMETRIC_REPRESENTATION_CONTEXT(2) 
PARAMETRIC_REPRESENTATION_CONTEXT() REPRESENTATION_CONTEXT('2D SPACE',''
  ) );
#1529 = PCURVE('',#1499,#1530);
#1530 = DEFINITIONAL_REPRESENTATION('',(#1531),#1535);
#1531 = LINE('',#1532,#1533);
#1532 = CARTESIAN_POINT('',(6.28318530718,0.));
#1533 = VECTOR('',#1534,1.);
#1534 = DIRECTION('',(0.,-1.));
#1535 = ( GEOMETRIC_REPRESENTATION_CONTEXT(2) 
PARAMETRIC_REPRESENTATION_CONTEXT() REPRESENTATION_CONTEXT('2D SPACE',''
  ) );
#1536 = ORIENTED_EDGE('',*,*,#1537,.T.);
#1537 = EDGE_CURVE('',#1515,#1515,#1538,.T.);
#1538 = SURFACE_CURVE('',#1539,(#1544,#1551),.PCURVE_S1.);
#1539 = CIRCLE('',#1540,7.6);
#1540 = AXIS2_PLACEMENT_3D('',#1541,#1542,#1543);
#1541 = CARTESIAN_POINT('',(47.631397208144,27.5,3.));
#1542 = DIRECTION('',(0.,-0.,1.));
#1543 = DIRECTION('',(0.866025403784,0.5,0.));
#1544 = PCURVE('',#1499,#1545);
#1545 = DEFINITIONAL_REPRESENTATION('',(#1546),#1550);
#1546 = LINE('',#1547,#1548);
#1547 = CARTESIAN_POINT('',(0.,-6.));
#1548 = VECTOR('',#1549,1.);
#1549 = DIRECTION('',(1.,0.));
#1550 = ( GEOMETRIC_REPRESENTATION_CONTEXT(2) 
PARAMETRIC_REPRESENTATION_CONTEXT() REPRESENTATION_CONTEXT('2D SPACE',''
  ) );
#1551 = PCURVE('',#1552,#1557);
#1552 = PLANE('',#1553);
#1553 = AXIS2_PLACEMENT_3D('',#1554,#1555,#1556);
#1554 = CARTESIAN_POINT('',(55.,4.960881067375E-17,3.));
#1555 = DIRECTION('',(0.,0.,1.));
#1556 = DIRECTION('',(1.,0.,-0.));
#1557 = DEFINITIONAL_REPRESENTATION('',(#1558),#1562);
#1558 = CIRCLE('',#1559,7.6);
#1559 = AXIS2_PLACEMENT_2D('',#1560,#1561);
#1560 = CARTESIAN_POINT('',(-7.368602791856,27.5));
#1561 = DIRECTION('',(0.866025403784,0.5));
#1562 = ( GEOMETRIC_REPRESENTATION_CONTEXT(2) 
PARAMETRIC_REPRESENTATION_CONTEXT() REPRESENTATION_CONTEXT('2D SPACE',''
  ) );
#1563 = ORIENTED_EDGE('',*,*,#1514,.F.);
#1564 = ORIENTED_EDGE('',*,*,#1482,.F.);
#1565 = ADVANCED_FACE('',(#1566),#1552,.T.);
#1566 = FACE_BOUND('',#1567,.T.);
#1567 = EDGE_LOOP('',(#1568));
#1568 = ORIENTED_EDGE('',*,*,#1537,.T.);
#1569 = ADVANCED_FACE('',(#1570),#1468,.F.);
#1570 = FACE_BOUND('',#1571,.F.);
#1571 = EDGE_LOOP('',(#1572,#1595,#1622,#1623));
#1572 = ORIENTED_EDGE('',*,*,#1573,.T.);
#1573 = EDGE_CURVE('',#1452,#1574,#1576,.T.);
#1574 = VERTEX_POINT('',#1575);
#1575 = CARTESIAN_POINT('',(31.3,54.213190276906,3.));
#1576 = SEAM_CURVE('',#1577,(#1581,#1588),.PCURVE_S1.);
#1577 = LINE('',#1578,#1579);
#1578 = CARTESIAN_POINT('',(31.3,54.213190276906,9.));
#1579 = VECTOR('',#1580,1.);
#1580 = DIRECTION('',(-0.,-0.,-1.));
#1581 = PCURVE('',#1468,#1582);
#1582 = DEFINITIONAL_REPRESENTATION('',(#1583),#1587);
#1583 = LINE('',#1584,#1585);
#1584 = CARTESIAN_POINT('',(0.,0.));
#1585 = VECTOR('',#1586,1.);
#1586 = DIRECTION('',(0.,-1.));
#1587 = ( GEOMETRIC_REPRESENTATION_CONTEXT(2) 
PARAMETRIC_REPRESENTATION_CONTEXT() REPRESENTATION_CONTEXT('2D SPACE',''
  ) );
#1588 = PCURVE('',#1468,#1589);
#1589 = DEFINITIONAL_REPRESENTATION('',(#1590),#1594);
#1590 = LINE('',#1591,#1592);
#1591 = CARTESIAN_POINT('',(6.28318530718,0.));
#1592 = VECTOR('',#1593,1.);
#1593 = DIRECTION('',(0.,-1.));
#1594 = ( GEOMETRIC_REPRESENTATION_CONTEXT(2) 
PARAMETRIC_REPRESENTATION_CONTEXT() REPRESENTATION_CONTEXT('2D SPACE',''
  ) );
#1595 = ORIENTED_EDGE('',*,*,#1596,.T.);
#1596 = EDGE_CURVE('',#1574,#1574,#1597,.T.);
#1597 = SURFACE_CURVE('',#1598,(#1603,#1610),.PCURVE_S1.);
#1598 = CIRCLE('',#1599,7.6);
#1599 = AXIS2_PLACEMENT_3D('',#1600,#1601,#1602);
#1600 = CARTESIAN_POINT('',(27.5,47.631397208144,3.));
#1601 = DIRECTION('',(0.,-0.,1.));
#1602 = DIRECTION('',(0.5,0.866025403784,0.));
#1603 = PCURVE('',#1468,#1604);
#1604 = DEFINITIONAL_REPRESENTATION('',(#1605),#1609);
#1605 = LINE('',#1606,#1607);
#1606 = CARTESIAN_POINT('',(0.,-6.));
#1607 = VECTOR('',#1608,1.);
#1608 = DIRECTION('',(1.,0.));
#1609 = ( GEOMETRIC_REPRESENTATION_CONTEXT(2) 
PARAMETRIC_REPRESENTATION_CONTEXT() REPRESENTATION_CONTEXT('2D SPACE',''
  ) );
#1610 = PCURVE('',#1611,#1616);
#1611 = PLANE('',#1612);
#1612 = AXIS2_PLACEMENT_3D('',#1613,#1614,#1615);
#1613 = CARTESIAN_POINT('',(55.,4.960881067375E-17,3.));
#1614 = DIRECTION('',(0.,0.,1.));
#1615 = DIRECTION('',(1.,0.,-0.));
#1616 = DEFINITIONAL_REPRESENTATION('',(#1617),#1621);
#1617 = CIRCLE('',#1618,7.6);
#1618 = AXIS2_PLACEMENT_2D('',#1619,#1620);
#1619 = CARTESIAN_POINT('',(-27.5,47.631397208144));
#1620 = DIRECTION('',(0.5,0.866025403784));
#1621 = ( GEOMETRIC_REPRESENTATION_CONTEXT(2) 
PARAMETRIC_REPRESENTATION_CONTEXT() REPRESENTATION_CONTEXT('2D SPACE',''
  ) );
#1622 = ORIENTED_EDGE('',*,*,#1573,.F.);
#1623 = ORIENTED_EDGE('',*,*,#1451,.F.);
#1624 = ADVANCED_FACE('',(#1625),#1611,.T.);
#1625 = FACE_BOUND('',#1626,.T.);
#1626 = EDGE_LOOP('',(#1627));
#1627 = ORIENTED_EDGE('',*,*,#1596,.T.);
#1628 = ADVANCED_FACE('',(#1629),#1437,.F.);
#1629 = FACE_BOUND('',#1630,.F.);
#1630 = EDGE_LOOP('',(#1631,#1654,#1681,#1682));
#1631 = ORIENTED_EDGE('',*,*,#1632,.T.);
#1632 = EDGE_CURVE('',#1421,#1633,#1635,.T.);
#1633 = VERTEX_POINT('',#1634);
#1634 = CARTESIAN_POINT('',(62.6,0.,3.));
#1635 = SEAM_CURVE('',#1636,(#1640,#1647),.PCURVE_S1.);
#1636 = LINE('',#1637,#1638);
#1637 = CARTESIAN_POINT('',(62.6,0.,9.));
#1638 = VECTOR('',#1639,1.);
#1639 = DIRECTION('',(-0.,-0.,-1.));
#1640 = PCURVE('',#1437,#1641);
#1641 = DEFINITIONAL_REPRESENTATION('',(#1642),#1646);
#1642 = LINE('',#1643,#1644);
#1643 = CARTESIAN_POINT('',(0.,0.));
#1644 = VECTOR('',#1645,1.);
#1645 = DIRECTION('',(0.,-1.));
#1646 = ( GEOMETRIC_REPRESENTATION_CONTEXT(2) 
PARAMETRIC_REPRESENTATION_CONTEXT() REPRESENTATION_CONTEXT('2D SPACE',''
  ) );
#1647 = PCURVE('',#1437,#1648);
#1648 = DEFINITIONAL_REPRESENTATION('',(#1649),#1653);
#1649 = LINE('',#1650,#1651);
#1650 = CARTESIAN_POINT('',(6.28318530718,0.));
#1651 = VECTOR('',#1652,1.);
#1652 = DIRECTION('',(0.,-1.));
#1653 = ( GEOMETRIC_REPRESENTATION_CONTEXT(2) 
PARAMETRIC_REPRESENTATION_CONTEXT() REPRESENTATION_CONTEXT('2D SPACE',''
  ) );
#1654 = ORIENTED_EDGE('',*,*,#1655,.T.);
#1655 = EDGE_CURVE('',#1633,#1633,#1656,.T.);
#1656 = SURFACE_CURVE('',#1657,(#1662,#1669),.PCURVE_S1.);
#1657 = CIRCLE('',#1658,7.6);
#1658 = AXIS2_PLACEMENT_3D('',#1659,#1660,#1661);
#1659 = CARTESIAN_POINT('',(55.,0.,3.));
#1660 = DIRECTION('',(0.,0.,1.));
#1661 = DIRECTION('',(1.,0.,0.));
#1662 = PCURVE('',#1437,#1663);
#1663 = DEFINITIONAL_REPRESENTATION('',(#1664),#1668);
#1664 = LINE('',#1665,#1666);
#1665 = CARTESIAN_POINT('',(0.,-6.));
#1666 = VECTOR('',#1667,1.);
#1667 = DIRECTION('',(1.,0.));
#1668 = ( GEOMETRIC_REPRESENTATION_CONTEXT(2) 
PARAMETRIC_REPRESENTATION_CONTEXT() REPRESENTATION_CONTEXT('2D SPACE',''
  ) );
#1669 = PCURVE('',#1670,#1675);
#1670 = PLANE('',#1671);
#1671 = AXIS2_PLACEMENT_3D('',#1672,#1673,#1674);
#1672 = CARTESIAN_POINT('',(55.,4.960881067375E-17,3.));
#1673 = DIRECTION('',(0.,0.,1.));
#1674 = DIRECTION('',(1.,0.,-0.));
#1675 = DEFINITIONAL_REPRESENTATION('',(#1676),#1680);
#1676 = CIRCLE('',#1677,7.6);
#1677 = AXIS2_PLACEMENT_2D('',#1678,#1679);
#1678 = CARTESIAN_POINT('',(-7.105427357601E-15,-4.960881067375E-17));
#1679 = DIRECTION('',(1.,0.));
#1680 = ( GEOMETRIC_REPRESENTATION_CONTEXT(2) 
PARAMETRIC_REPRESENTATION_CONTEXT() REPRESENTATION_CONTEXT('2D SPACE',''
  ) );
#1681 = ORIENTED_EDGE('',*,*,#1632,.F.);
#1682 = ORIENTED_EDGE('',*,*,#1420,.F.);
#1683 = ADVANCED_FACE('',(#1684),#1670,.T.);
#1684 = FACE_BOUND('',#1685,.T.);
#1685 = EDGE_LOOP('',(#1686));
#1686 = ORIENTED_EDGE('',*,*,#1655,.T.);
#1687 = ADVANCED_FACE('',(#1688),#1406,.F.);
#1688 = FACE_BOUND('',#1689,.F.);
#1689 = EDGE_LOOP('',(#1690,#1713,#1740,#1741));
#1690 = ORIENTED_EDGE('',*,*,#1691,.T.);
#1691 = EDGE_CURVE('',#1390,#1692,#1694,.T.);
#1692 = VERTEX_POINT('',#1693);
#1693 = CARTESIAN_POINT('',(-31.3,54.213190276906,3.));
#1694 = SEAM_CURVE('',#1695,(#1699,#1706),.PCURVE_S1.);
#1695 = LINE('',#1696,#1697);
#1696 = CARTESIAN_POINT('',(-31.3,54.213190276906,9.));
#1697 = VECTOR('',#1698,1.);
#1698 = DIRECTION('',(-0.,-0.,-1.));
#1699 = PCURVE('',#1406,#1700);
#1700 = DEFINITIONAL_REPRESENTATION('',(#1701),#1705);
#1701 = LINE('',#1702,#1703);
#1702 = CARTESIAN_POINT('',(0.,0.));
#1703 = VECTOR('',#1704,1.);
#1704 = DIRECTION('',(0.,-1.));
#1705 = ( GEOMETRIC_REPRESENTATION_CONTEXT(2) 
PARAMETRIC_REPRESENTATION_CONTEXT() REPRESENTATION_CONTEXT('2D SPACE',''
  ) );
#1706 = PCURVE('',#1406,#1707);
#1707 = DEFINITIONAL_REPRESENTATION('',(#1708),#1712);
#1708 = LINE('',#1709,#1710);
#1709 = CARTESIAN_POINT('',(6.28318530718,0.));
#1710 = VECTOR('',#1711,1.);
#1711 = DIRECTION('',(0.,-1.));
#1712 = ( GEOMETRIC_REPRESENTATION_CONTEXT(2) 
PARAMETRIC_REPRESENTATION_CONTEXT() REPRESENTATION_CONTEXT('2D SPACE',''
  ) );
#1713 = ORIENTED_EDGE('',*,*,#1714,.T.);
#1714 = EDGE_CURVE('',#1692,#1692,#1715,.T.);
#1715 = SURFACE_CURVE('',#1716,(#1721,#1728),.PCURVE_S1.);
#1716 = CIRCLE('',#1717,7.6);
#1717 = AXIS2_PLACEMENT_3D('',#1718,#1719,#1720);
#1718 = CARTESIAN_POINT('',(-27.5,47.631397208144,3.));
#1719 = DIRECTION('',(0.,0.,1.));
#1720 = DIRECTION('',(-0.5,0.866025403784,0.));
#1721 = PCURVE('',#1406,#1722);
#1722 = DEFINITIONAL_REPRESENTATION('',(#1723),#1727);
#1723 = LINE('',#1724,#1725);
#1724 = CARTESIAN_POINT('',(0.,-6.));
#1725 = VECTOR('',#1726,1.);
#1726 = DIRECTION('',(1.,0.));
#1727 = ( GEOMETRIC_REPRESENTATION_CONTEXT(2) 
PARAMETRIC_REPRESENTATION_CONTEXT() REPRESENTATION_CONTEXT('2D SPACE',''
  ) );
#1728 = PCURVE('',#1729,#1734);
#1729 = PLANE('',#1730);
#1730 = AXIS2_PLACEMENT_3D('',#1731,#1732,#1733);
#1731 = CARTESIAN_POINT('',(55.,4.960881067375E-17,3.));
#1732 = DIRECTION('',(0.,0.,1.));
#1733 = DIRECTION('',(1.,0.,-0.));
#1734 = DEFINITIONAL_REPRESENTATION('',(#1735),#1739);
#1735 = CIRCLE('',#1736,7.6);
#1736 = AXIS2_PLACEMENT_2D('',#1737,#1738);
#1737 = CARTESIAN_POINT('',(-82.5,47.631397208144));
#1738 = DIRECTION('',(-0.5,0.866025403784));
#1739 = ( GEOMETRIC_REPRESENTATION_CONTEXT(2) 
PARAMETRIC_REPRESENTATION_CONTEXT() REPRESENTATION_CONTEXT('2D SPACE',''
  ) );
#1740 = ORIENTED_EDGE('',*,*,#1691,.F.);
#1741 = ORIENTED_EDGE('',*,*,#1389,.F.);
#1742 = ADVANCED_FACE('',(#1743),#1729,.T.);
#1743 = FACE_BOUND('',#1744,.T.);
#1744 = EDGE_LOOP('',(#1745));
#1745 = ORIENTED_EDGE('',*,*,#1714,.T.);
#1746 = ADVANCED_FACE('',(#1747),#1375,.F.);
#1747 = FACE_BOUND('',#1748,.F.);
#1748 = EDGE_LOOP('',(#1749,#1772,#1799,#1800));
#1749 = ORIENTED_EDGE('',*,*,#1750,.T.);
#1750 = EDGE_CURVE('',#1359,#1751,#1753,.T.);
#1751 = VERTEX_POINT('',#1752);
#1752 = CARTESIAN_POINT('',(-54.2131902769,31.3,3.));
#1753 = SEAM_CURVE('',#1754,(#1758,#1765),.PCURVE_S1.);
#1754 = LINE('',#1755,#1756);
#1755 = CARTESIAN_POINT('',(-54.2131902769,31.3,9.));
#1756 = VECTOR('',#1757,1.);
#1757 = DIRECTION('',(-0.,-0.,-1.));
#1758 = PCURVE('',#1375,#1759);
#1759 = DEFINITIONAL_REPRESENTATION('',(#1760),#1764);
#1760 = LINE('',#1761,#1762);
#1761 = CARTESIAN_POINT('',(0.,0.));
#1762 = VECTOR('',#1763,1.);
#1763 = DIRECTION('',(0.,-1.));
#1764 = ( GEOMETRIC_REPRESENTATION_CONTEXT(2) 
PARAMETRIC_REPRESENTATION_CONTEXT() REPRESENTATION_CONTEXT('2D SPACE',''
  ) );
#1765 = PCURVE('',#1375,#1766);
#1766 = DEFINITIONAL_REPRESENTATION('',(#1767),#1771);
#1767 = LINE('',#1768,#1769);
#1768 = CARTESIAN_POINT('',(6.28318530718,0.));
#1769 = VECTOR('',#1770,1.);
#1770 = DIRECTION('',(0.,-1.));
#1771 = ( GEOMETRIC_REPRESENTATION_CONTEXT(2) 
PARAMETRIC_REPRESENTATION_CONTEXT() REPRESENTATION_CONTEXT('2D SPACE',''
  ) );
#1772 = ORIENTED_EDGE('',*,*,#1773,.T.);
#1773 = EDGE_CURVE('',#1751,#1751,#1774,.T.);
#1774 = SURFACE_CURVE('',#1775,(#1780,#1787),.PCURVE_S1.);
#1775 = CIRCLE('',#1776,7.6);
#1776 = AXIS2_PLACEMENT_3D('',#1777,#1778,#1779);
#1777 = CARTESIAN_POINT('',(-47.63139720814,27.5,3.));
#1778 = DIRECTION('',(0.,0.,1.));
#1779 = DIRECTION('',(-0.866025403784,0.5,0.));
#1780 = PCURVE('',#1375,#1781);
#1781 = DEFINITIONAL_REPRESENTATION('',(#1782),#1786);
#1782 = LINE('',#1783,#1784);
#1783 = CARTESIAN_POINT('',(0.,-6.));
#1784 = VECTOR('',#1785,1.);
#1785 = DIRECTION('',(1.,0.));
#1786 = ( GEOMETRIC_REPRESENTATION_CONTEXT(2) 
PARAMETRIC_REPRESENTATION_CONTEXT() REPRESENTATION_CONTEXT('2D SPACE',''
  ) );
#1787 = PCURVE('',#1788,#1793);
#1788 = PLANE('',#1789);
#1789 = AXIS2_PLACEMENT_3D('',#1790,#1791,#1792);
#1790 = CARTESIAN_POINT('',(55.,4.960881067375E-17,3.));
#1791 = DIRECTION('',(0.,0.,1.));
#1792 = DIRECTION('',(1.,0.,-0.));
#1793 = DEFINITIONAL_REPRESENTATION('',(#1794),#1798);
#1794 = CIRCLE('',#1795,7.6);
#1795 = AXIS2_PLACEMENT_2D('',#1796,#1797);
#1796 = CARTESIAN_POINT('',(-102.6313972081,27.5));
#1797 = DIRECTION('',(-0.866025403784,0.5));
#1798 = ( GEOMETRIC_REPRESENTATION_CONTEXT(2) 
PARAMETRIC_REPRESENTATION_CONTEXT() REPRESENTATION_CONTEXT('2D SPACE',''
  ) );
#1799 = ORIENTED_EDGE('',*,*,#1750,.F.);
#1800 = ORIENTED_EDGE('',*,*,#1358,.F.);
#1801 = ADVANCED_FACE('',(#1802),#1788,.T.);
#1802 = FACE_BOUND('',#1803,.T.);
#1803 = EDGE_LOOP('',(#1804));
#1804 = ORIENTED_EDGE('',*,*,#1773,.T.);
#1805 = ADVANCED_FACE('',(#1806),#1344,.F.);
#1806 = FACE_BOUND('',#1807,.F.);
#1807 = EDGE_LOOP('',(#1808,#1831,#1858,#1859));
#1808 = ORIENTED_EDGE('',*,*,#1809,.T.);
#1809 = EDGE_CURVE('',#1328,#1810,#1812,.T.);
#1810 = VERTEX_POINT('',#1811);
#1811 = CARTESIAN_POINT('',(-62.6,7.666288962662E-15,3.));
#1812 = SEAM_CURVE('',#1813,(#1817,#1824),.PCURVE_S1.);
#1813 = LINE('',#1814,#1815);
#1814 = CARTESIAN_POINT('',(-62.6,7.666288962662E-15,9.));
#1815 = VECTOR('',#1816,1.);
#1816 = DIRECTION('',(-0.,-0.,-1.));
#1817 = PCURVE('',#1344,#1818);
#1818 = DEFINITIONAL_REPRESENTATION('',(#1819),#1823);
#1819 = LINE('',#1820,#1821);
#1820 = CARTESIAN_POINT('',(0.,0.));
#1821 = VECTOR('',#1822,1.);
#1822 = DIRECTION('',(0.,-1.));
#1823 = ( GEOMETRIC_REPRESENTATION_CONTEXT(2) 
PARAMETRIC_REPRESENTATION_CONTEXT() REPRESENTATION_CONTEXT('2D SPACE',''
  ) );
#1824 = PCURVE('',#1344,#1825);
#1825 = DEFINITIONAL_REPRESENTATION('',(#1826),#1830);
#1826 = LINE('',#1827,#1828);
#1827 = CARTESIAN_POINT('',(6.28318530718,0.));
#1828 = VECTOR('',#1829,1.);
#1829 = DIRECTION('',(0.,-1.));
#1830 = ( GEOMETRIC_REPRESENTATION_CONTEXT(2) 
PARAMETRIC_REPRESENTATION_CONTEXT() REPRESENTATION_CONTEXT('2D SPACE',''
  ) );
#1831 = ORIENTED_EDGE('',*,*,#1832,.T.);
#1832 = EDGE_CURVE('',#1810,#1810,#1833,.T.);
#1833 = SURFACE_CURVE('',#1834,(#1839,#1846),.PCURVE_S1.);
#1834 = CIRCLE('',#1835,7.6);
#1835 = AXIS2_PLACEMENT_3D('',#1836,#1837,#1838);
#1836 = CARTESIAN_POINT('',(-55.,6.73555739531E-15,3.));
#1837 = DIRECTION('',(0.,0.,1.));
#1838 = DIRECTION('',(-1.,1.224646799147E-16,0.));
#1839 = PCURVE('',#1344,#1840);
#1840 = DEFINITIONAL_REPRESENTATION('',(#1841),#1845);
#1841 = LINE('',#1842,#1843);
#1842 = CARTESIAN_POINT('',(0.,-6.));
#1843 = VECTOR('',#1844,1.);
#1844 = DIRECTION('',(1.,0.));
#1845 = ( GEOMETRIC_REPRESENTATION_CONTEXT(2) 
PARAMETRIC_REPRESENTATION_CONTEXT() REPRESENTATION_CONTEXT('2D SPACE',''
  ) );
#1846 = PCURVE('',#1847,#1852);
#1847 = PLANE('',#1848);
#1848 = AXIS2_PLACEMENT_3D('',#1849,#1850,#1851);
#1849 = CARTESIAN_POINT('',(55.,4.960881067375E-17,3.));
#1850 = DIRECTION('',(0.,0.,1.));
#1851 = DIRECTION('',(1.,0.,-0.));
#1852 = DEFINITIONAL_REPRESENTATION('',(#1853),#1857);
#1853 = CIRCLE('',#1854,7.6);
#1854 = AXIS2_PLACEMENT_2D('',#1855,#1856);
#1855 = CARTESIAN_POINT('',(-110.,6.685948584637E-15));
#1856 = DIRECTION('',(-1.,1.224646799147E-16));
#1857 = ( GEOMETRIC_REPRESENTATION_CONTEXT(2) 
PARAMETRIC_REPRESENTATION_CONTEXT() REPRESENTATION_CONTEXT('2D SPACE',''
  ) );
#1858 = ORIENTED_EDGE('',*,*,#1809,.F.);
#1859 = ORIENTED_EDGE('',*,*,#1327,.F.);
#1860 = ADVANCED_FACE('',(#1861),#1847,.T.);
#1861 = FACE_BOUND('',#1862,.T.);
#1862 = EDGE_LOOP('',(#1863));
#1863 = ORIENTED_EDGE('',*,*,#1832,.T.);
#1864 = ADVANCED_FACE('',(#1865),#1313,.F.);
#1865 = FACE_BOUND('',#1866,.F.);
#1866 = EDGE_LOOP('',(#1867,#1890,#1917,#1918));
#1867 = ORIENTED_EDGE('',*,*,#1868,.T.);
#1868 = EDGE_CURVE('',#1297,#1869,#1871,.T.);
#1869 = VERTEX_POINT('',#1870);
#1870 = CARTESIAN_POINT('',(54.213190276906,-31.3,3.));
#1871 = SEAM_CURVE('',#1872,(#1876,#1883),.PCURVE_S1.);
#1872 = LINE('',#1873,#1874);
#1873 = CARTESIAN_POINT('',(54.213190276906,-31.3,9.));
#1874 = VECTOR('',#1875,1.);
#1875 = DIRECTION('',(-0.,-0.,-1.));
#1876 = PCURVE('',#1313,#1877);
#1877 = DEFINITIONAL_REPRESENTATION('',(#1878),#1882);
#1878 = LINE('',#1879,#1880);
#1879 = CARTESIAN_POINT('',(0.,0.));
#1880 = VECTOR('',#1881,1.);
#1881 = DIRECTION('',(0.,-1.));
#1882 = ( GEOMETRIC_REPRESENTATION_CONTEXT(2) 
PARAMETRIC_REPRESENTATION_CONTEXT() REPRESENTATION_CONTEXT('2D SPACE',''
  ) );
#1883 = PCURVE('',#1313,#1884);
#1884 = DEFINITIONAL_REPRESENTATION('',(#1885),#1889);
#1885 = LINE('',#1886,#1887);
#1886 = CARTESIAN_POINT('',(6.28318530718,0.));
#1887 = VECTOR('',#1888,1.);
#1888 = DIRECTION('',(0.,-1.));
#1889 = ( GEOMETRIC_REPRESENTATION_CONTEXT(2) 
PARAMETRIC_REPRESENTATION_CONTEXT() REPRESENTATION_CONTEXT('2D SPACE',''
  ) );
#1890 = ORIENTED_EDGE('',*,*,#1891,.T.);
#1891 = EDGE_CURVE('',#1869,#1869,#1892,.T.);
#1892 = SURFACE_CURVE('',#1893,(#1898,#1905),.PCURVE_S1.);
#1893 = CIRCLE('',#1894,7.6);
#1894 = AXIS2_PLACEMENT_3D('',#1895,#1896,#1897);
#1895 = CARTESIAN_POINT('',(47.631397208144,-27.5,3.));
#1896 = DIRECTION('',(-0.,0.,1.));
#1897 = DIRECTION('',(0.866025403784,-0.5,0.));
#1898 = PCURVE('',#1313,#1899);
#1899 = DEFINITIONAL_REPRESENTATION('',(#1900),#1904);
#1900 = LINE('',#1901,#1902);
#1901 = CARTESIAN_POINT('',(0.,-6.));
#1902 = VECTOR('',#1903,1.);
#1903 = DIRECTION('',(1.,0.));
#1904 = ( GEOMETRIC_REPRESENTATION_CONTEXT(2) 
PARAMETRIC_REPRESENTATION_CONTEXT() REPRESENTATION_CONTEXT('2D SPACE',''
  ) );
#1905 = PCURVE('',#1906,#1911);
#1906 = PLANE('',#1907);
#1907 = AXIS2_PLACEMENT_3D('',#1908,#1909,#1910);
#1908 = CARTESIAN_POINT('',(55.,4.960881067375E-17,3.));
#1909 = DIRECTION('',(0.,0.,1.));
#1910 = DIRECTION('',(1.,0.,-0.));
#1911 = DEFINITIONAL_REPRESENTATION('',(#1912),#1916);
#1912 = CIRCLE('',#1913,7.6);
#1913 = AXIS2_PLACEMENT_2D('',#1914,#1915);
#1914 = CARTESIAN_POINT('',(-7.368602791856,-27.5));
#1915 = DIRECTION('',(0.866025403784,-0.5));
#1916 = ( GEOMETRIC_REPRESENTATION_CONTEXT(2) 
PARAMETRIC_REPRESENTATION_CONTEXT() REPRESENTATION_CONTEXT('2D SPACE',''
  ) );
#1917 = ORIENTED_EDGE('',*,*,#1868,.F.);
#1918 = ORIENTED_EDGE('',*,*,#1296,.F.);
#1919 = ADVANCED_FACE('',(#1920),#1906,.T.);
#1920 = FACE_BOUND('',#1921,.T.);
#1921 = EDGE_LOOP('',(#1922));
#1922 = ORIENTED_EDGE('',*,*,#1891,.T.);
#1923 = ADVANCED_FACE('',(#1924),#1282,.F.);
#1924 = FACE_BOUND('',#1925,.F.);
#1925 = EDGE_LOOP('',(#1926,#1949,#1976,#1977));
#1926 = ORIENTED_EDGE('',*,*,#1927,.T.);
#1927 = EDGE_CURVE('',#1266,#1928,#1930,.T.);
#1928 = VERTEX_POINT('',#1929);
#1929 = CARTESIAN_POINT('',(31.3,-54.2131902769,3.));
#1930 = SEAM_CURVE('',#1931,(#1935,#1942),.PCURVE_S1.);
#1931 = LINE('',#1932,#1933);
#1932 = CARTESIAN_POINT('',(31.3,-54.2131902769,9.));
#1933 = VECTOR('',#1934,1.);
#1934 = DIRECTION('',(-0.,-0.,-1.));
#1935 = PCURVE('',#1282,#1936);
#1936 = DEFINITIONAL_REPRESENTATION('',(#1937),#1941);
#1937 = LINE('',#1938,#1939);
#1938 = CARTESIAN_POINT('',(0.,0.));
#1939 = VECTOR('',#1940,1.);
#1940 = DIRECTION('',(0.,-1.));
#1941 = ( GEOMETRIC_REPRESENTATION_CONTEXT(2) 
PARAMETRIC_REPRESENTATION_CONTEXT() REPRESENTATION_CONTEXT('2D SPACE',''
  ) );
#1942 = PCURVE('',#1282,#1943);
#1943 = DEFINITIONAL_REPRESENTATION('',(#1944),#1948);
#1944 = LINE('',#1945,#1946);
#1945 = CARTESIAN_POINT('',(6.28318530718,0.));
#1946 = VECTOR('',#1947,1.);
#1947 = DIRECTION('',(0.,-1.));
#1948 = ( GEOMETRIC_REPRESENTATION_CONTEXT(2) 
PARAMETRIC_REPRESENTATION_CONTEXT() REPRESENTATION_CONTEXT('2D SPACE',''
  ) );
#1949 = ORIENTED_EDGE('',*,*,#1950,.T.);
#1950 = EDGE_CURVE('',#1928,#1928,#1951,.T.);
#1951 = SURFACE_CURVE('',#1952,(#1957,#1964),.PCURVE_S1.);
#1952 = CIRCLE('',#1953,7.6);
#1953 = AXIS2_PLACEMENT_3D('',#1954,#1955,#1956);
#1954 = CARTESIAN_POINT('',(27.5,-47.63139720814,3.));
#1955 = DIRECTION('',(-0.,0.,1.));
#1956 = DIRECTION('',(0.5,-0.866025403784,0.));
#1957 = PCURVE('',#1282,#1958);
#1958 = DEFINITIONAL_REPRESENTATION('',(#1959),#1963);
#1959 = LINE('',#1960,#1961);
#1960 = CARTESIAN_POINT('',(0.,-6.));
#1961 = VECTOR('',#1962,1.);
#1962 = DIRECTION('',(1.,0.));
#1963 = ( GEOMETRIC_REPRESENTATION_CONTEXT(2) 
PARAMETRIC_REPRESENTATION_CONTEXT() REPRESENTATION_CONTEXT('2D SPACE',''
  ) );
#1964 = PCURVE('',#1965,#1970);
#1965 = PLANE('',#1966);
#1966 = AXIS2_PLACEMENT_3D('',#1967,#1968,#1969);
#1967 = CARTESIAN_POINT('',(55.,4.960881067375E-17,3.));
#1968 = DIRECTION('',(0.,0.,1.));
#1969 = DIRECTION('',(1.,0.,-0.));
#1970 = DEFINITIONAL_REPRESENTATION('',(#1971),#1975);
#1971 = CIRCLE('',#1972,7.6);
#1972 = AXIS2_PLACEMENT_2D('',#1973,#1974);
#1973 = CARTESIAN_POINT('',(-27.5,-47.63139720814));
#1974 = DIRECTION('',(0.5,-0.866025403784));
#1975 = ( GEOMETRIC_REPRESENTATION_CONTEXT(2) 
PARAMETRIC_REPRESENTATION_CONTEXT() REPRESENTATION_CONTEXT('2D SPACE',''
  ) );
#1976 = ORIENTED_EDGE('',*,*,#1927,.F.);
#1977 = ORIENTED_EDGE('',*,*,#1265,.F.);
#1978 = ADVANCED_FACE('',(#1979),#1965,.T.);
#1979 = FACE_BOUND('',#1980,.T.);
#1980 = EDGE_LOOP('',(#1981));
#1981 = ORIENTED_EDGE('',*,*,#1950,.T.);
#1982 = ADVANCED_FACE('',(#1983),#1251,.F.);
#1983 = FACE_BOUND('',#1984,.F.);
#1984 = EDGE_LOOP('',(#1985,#2008,#2035,#2036));
#1985 = ORIENTED_EDGE('',*,*,#1986,.T.);
#1986 = EDGE_CURVE('',#1235,#1987,#1989,.T.);
#1987 = VERTEX_POINT('',#1988);
#1988 = CARTESIAN_POINT('',(-54.2131902769,-31.3,3.));
#1989 = SEAM_CURVE('',#1990,(#1994,#2001),.PCURVE_S1.);
#1990 = LINE('',#1991,#1992);
#1991 = CARTESIAN_POINT('',(-54.2131902769,-31.3,9.));
#1992 = VECTOR('',#1993,1.);
#1993 = DIRECTION('',(-0.,-0.,-1.));
#1994 = PCURVE('',#1251,#1995);
#1995 = DEFINITIONAL_REPRESENTATION('',(#1996),#2000);
#1996 = LINE('',#1997,#1998);
#1997 = CARTESIAN_POINT('',(0.,0.));
#1998 = VECTOR('',#1999,1.);
#1999 = DIRECTION('',(0.,-1.));
#2000 = ( GEOMETRIC_REPRESENTATION_CONTEXT(2) 
PARAMETRIC_REPRESENTATION_CONTEXT() REPRESENTATION_CONTEXT('2D SPACE',''
  ) );
#2001 = PCURVE('',#1251,#2002);
#2002 = DEFINITIONAL_REPRESENTATION('',(#2003),#2007);
#2003 = LINE('',#2004,#2005);
#2004 = CARTESIAN_POINT('',(6.28318530718,0.));
#2005 = VECTOR('',#2006,1.);
#2006 = DIRECTION('',(0.,-1.));
#2007 = ( GEOMETRIC_REPRESENTATION_CONTEXT(2) 
PARAMETRIC_REPRESENTATION_CONTEXT() REPRESENTATION_CONTEXT('2D SPACE',''
  ) );
#2008 = ORIENTED_EDGE('',*,*,#2009,.T.);
#2009 = EDGE_CURVE('',#1987,#1987,#2010,.T.);
#2010 = SURFACE_CURVE('',#2011,(#2016,#2023),.PCURVE_S1.);
#2011 = CIRCLE('',#2012,7.6);
#2012 = AXIS2_PLACEMENT_3D('',#2013,#2014,#2015);
#2013 = CARTESIAN_POINT('',(-47.63139720814,-27.5,3.));
#2014 = DIRECTION('',(0.,0.,1.));
#2015 = DIRECTION('',(-0.866025403784,-0.5,0.));
#2016 = PCURVE('',#1251,#2017);
#2017 = DEFINITIONAL_REPRESENTATION('',(#2018),#2022);
#2018 = LINE('',#2019,#2020);
#2019 = CARTESIAN_POINT('',(0.,-6.));
#2020 = VECTOR('',#2021,1.);
#2021 = DIRECTION('',(1.,0.));
#2022 = ( GEOMETRIC_REPRESENTATION_CONTEXT(2) 
PARAMETRIC_REPRESENTATION_CONTEXT() REPRESENTATION_CONTEXT('2D SPACE',''
  ) );
#2023 = PCURVE('',#2024,#2029);
#2024 = PLANE('',#2025);
#2025 = AXIS2_PLACEMENT_3D('',#2026,#2027,#2028);
#2026 = CARTESIAN_POINT('',(55.,4.960881067375E-17,3.));
#2027 = DIRECTION('',(0.,0.,1.));
#2028 = DIRECTION('',(1.,0.,-0.));
#2029 = DEFINITIONAL_REPRESENTATION('',(#2030),#2034);
#2030 = CIRCLE('',#2031,7.6);
#2031 = AXIS2_PLACEMENT_2D('',#2032,#2033);
#2032 = CARTESIAN_POINT('',(-102.6313972081,-27.5));
#2033 = DIRECTION('',(-0.866025403784,-0.5));
#2034 = ( GEOMETRIC_REPRESENTATION_CONTEXT(2) 
PARAMETRIC_REPRESENTATION_CONTEXT() REPRESENTATION_CONTEXT('2D SPACE',''
  ) );
#2035 = ORIENTED_EDGE('',*,*,#1986,.F.);
#2036 = ORIENTED_EDGE('',*,*,#1234,.F.);
#2037 = ADVANCED_FACE('',(#2038),#2024,.T.);
#2038 = FACE_BOUND('',#2039,.T.);
#2039 = EDGE_LOOP('',(#2040));
#2040 = ORIENTED_EDGE('',*,*,#2009,.T.);
#2041 = ADVANCED_FACE('',(#2042),#1220,.F.);
#2042 = FACE_BOUND('',#2043,.F.);
#2043 = EDGE_LOOP('',(#2044,#2067,#2094,#2095));
#2044 = ORIENTED_EDGE('',*,*,#2045,.T.);
#2045 = EDGE_CURVE('',#1204,#2046,#2048,.T.);
#2046 = VERTEX_POINT('',#2047);
#2047 = CARTESIAN_POINT('',(-31.3,-54.2131902769,3.));
#2048 = SEAM_CURVE('',#2049,(#2053,#2060),.PCURVE_S1.);
#2049 = LINE('',#2050,#2051);
#2050 = CARTESIAN_POINT('',(-31.3,-54.2131902769,9.));
#2051 = VECTOR('',#2052,1.);
#2052 = DIRECTION('',(-0.,-0.,-1.));
#2053 = PCURVE('',#1220,#2054);
#2054 = DEFINITIONAL_REPRESENTATION('',(#2055),#2059);
#2055 = LINE('',#2056,#2057);
#2056 = CARTESIAN_POINT('',(0.,0.));
#2057 = VECTOR('',#2058,1.);
#2058 = DIRECTION('',(0.,-1.));
#2059 = ( GEOMETRIC_REPRESENTATION_CONTEXT(2) 
PARAMETRIC_REPRESENTATION_CONTEXT() REPRESENTATION_CONTEXT('2D SPACE',''
  ) );
#2060 = PCURVE('',#1220,#2061);
#2061 = DEFINITIONAL_REPRESENTATION('',(#2062),#2066);
#2062 = LINE('',#2063,#2064);
#2063 = CARTESIAN_POINT('',(6.28318530718,0.));
#2064 = VECTOR('',#2065,1.);
#2065 = DIRECTION('',(0.,-1.));
#2066 = ( GEOMETRIC_REPRESENTATION_CONTEXT(2) 
PARAMETRIC_REPRESENTATION_CONTEXT() REPRESENTATION_CONTEXT('2D SPACE',''
  ) );
#2067 = ORIENTED_EDGE('',*,*,#2068,.T.);
#2068 = EDGE_CURVE('',#2046,#2046,#2069,.T.);
#2069 = SURFACE_CURVE('',#2070,(#2075,#2082),.PCURVE_S1.);
#2070 = CIRCLE('',#2071,7.6);
#2071 = AXIS2_PLACEMENT_3D('',#2072,#2073,#2074);
#2072 = CARTESIAN_POINT('',(-27.5,-47.63139720814,3.));
#2073 = DIRECTION('',(0.,0.,1.));
#2074 = DIRECTION('',(-0.5,-0.866025403784,0.));
#2075 = PCURVE('',#1220,#2076);
#2076 = DEFINITIONAL_REPRESENTATION('',(#2077),#2081);
#2077 = LINE('',#2078,#2079);
#2078 = CARTESIAN_POINT('',(0.,-6.));
#2079 = VECTOR('',#2080,1.);
#2080 = DIRECTION('',(1.,0.));
#2081 = ( GEOMETRIC_REPRESENTATION_CONTEXT(2) 
PARAMETRIC_REPRESENTATION_CONTEXT() REPRESENTATION_CONTEXT('2D SPACE',''
  ) );
#2082 = PCURVE('',#2083,#2088);
#2083 = PLANE('',#2084);
#2084 = AXIS2_PLACEMENT_3D('',#2085,#2086,#2087);
#2085 = CARTESIAN_POINT('',(55.,4.960881067375E-17,3.));
#2086 = DIRECTION('',(0.,0.,1.));
#2087 = DIRECTION('',(1.,0.,-0.));
#2088 = DEFINITIONAL_REPRESENTATION('',(#2089),#2093);
#2089 = CIRCLE('',#2090,7.6);
#2090 = AXIS2_PLACEMENT_2D('',#2091,#2092);
#2091 = CARTESIAN_POINT('',(-82.5,-47.63139720814));
#2092 = DIRECTION('',(-0.5,-0.866025403784));
#2093 = ( GEOMETRIC_REPRESENTATION_CONTEXT(2) 
PARAMETRIC_REPRESENTATION_CONTEXT() REPRESENTATION_CONTEXT('2D SPACE',''
  ) );
#2094 = ORIENTED_EDGE('',*,*,#2045,.F.);
#2095 = ORIENTED_EDGE('',*,*,#1203,.F.);
#2096 = ADVANCED_FACE('',(#2097),#2083,.T.);
#2097 = FACE_BOUND('',#2098,.T.);
#2098 = EDGE_LOOP('',(#2099));
#2099 = ORIENTED_EDGE('',*,*,#2068,.T.);
#2100 = ADVANCED_FACE('',(#2101),#1189,.F.);
#2101 = FACE_BOUND('',#2102,.F.);
#2102 = EDGE_LOOP('',(#2103,#2126,#2153,#2154));
#2103 = ORIENTED_EDGE('',*,*,#2104,.T.);
#2104 = EDGE_CURVE('',#1173,#2105,#2107,.T.);
#2105 = VERTEX_POINT('',#2106);
#2106 = CARTESIAN_POINT('',(-1.17908750904E-14,-62.6,3.));
#2107 = SEAM_CURVE('',#2108,(#2112,#2119),.PCURVE_S1.);
#2108 = LINE('',#2109,#2110);
#2109 = CARTESIAN_POINT('',(-1.17908750904E-14,-62.6,9.));
#2110 = VECTOR('',#2111,1.);
#2111 = DIRECTION('',(-0.,-0.,-1.));
#2112 = PCURVE('',#1189,#2113);
#2113 = DEFINITIONAL_REPRESENTATION('',(#2114),#2118);
#2114 = LINE('',#2115,#2116);
#2115 = CARTESIAN_POINT('',(0.,0.));
#2116 = VECTOR('',#2117,1.);
#2117 = DIRECTION('',(0.,-1.));
#2118 = ( GEOMETRIC_REPRESENTATION_CONTEXT(2) 
PARAMETRIC_REPRESENTATION_CONTEXT() REPRESENTATION_CONTEXT('2D SPACE',''
  ) );
#2119 = PCURVE('',#1189,#2120);
#2120 = DEFINITIONAL_REPRESENTATION('',(#2121),#2125);
#2121 = LINE('',#2122,#2123);
#2122 = CARTESIAN_POINT('',(6.28318530718,0.));
#2123 = VECTOR('',#2124,1.);
#2124 = DIRECTION('',(0.,-1.));
#2125 = ( GEOMETRIC_REPRESENTATION_CONTEXT(2) 
PARAMETRIC_REPRESENTATION_CONTEXT() REPRESENTATION_CONTEXT('2D SPACE',''
  ) );
#2126 = ORIENTED_EDGE('',*,*,#2127,.T.);
#2127 = EDGE_CURVE('',#2105,#2105,#2128,.T.);
#2128 = SURFACE_CURVE('',#2129,(#2134,#2141),.PCURVE_S1.);
#2129 = CIRCLE('',#2130,7.6);
#2130 = AXIS2_PLACEMENT_3D('',#2131,#2132,#2133);
#2131 = CARTESIAN_POINT('',(-1.010333609297E-14,-55.,3.));
#2132 = DIRECTION('',(0.,0.,1.));
#2133 = DIRECTION('',(-2.22044604925E-16,-1.,0.));
#2134 = PCURVE('',#1189,#2135);
#2135 = DEFINITIONAL_REPRESENTATION('',(#2136),#2140);
#2136 = LINE('',#2137,#2138);
#2137 = CARTESIAN_POINT('',(0.,-6.));
#2138 = VECTOR('',#2139,1.);
#2139 = DIRECTION('',(1.,0.));
#2140 = ( GEOMETRIC_REPRESENTATION_CONTEXT(2) 
PARAMETRIC_REPRESENTATION_CONTEXT() REPRESENTATION_CONTEXT('2D SPACE',''
  ) );
#2141 = PCURVE('',#2142,#2147);
#2142 = PLANE('',#2143);
#2143 = AXIS2_PLACEMENT_3D('',#2144,#2145,#2146);
#2144 = CARTESIAN_POINT('',(55.,4.960881067375E-17,3.));
#2145 = DIRECTION('',(0.,0.,1.));
#2146 = DIRECTION('',(1.,0.,-0.));
#2147 = DEFINITIONAL_REPRESENTATION('',(#2148),#2152);
#2148 = CIRCLE('',#2149,7.6);
#2149 = AXIS2_PLACEMENT_2D('',#2150,#2151);
#2150 = CARTESIAN_POINT('',(-55.,-55.));
#2151 = DIRECTION('',(-2.22044604925E-16,-1.));
#2152 = ( GEOMETRIC_REPRESENTATION_CONTEXT(2) 
PARAMETRIC_REPRESENTATION_CONTEXT() REPRESENTATION_CONTEXT('2D SPACE',''
  ) );
#2153 = ORIENTED_EDGE('',*,*,#2104,.F.);
#2154 = ORIENTED_EDGE('',*,*,#1172,.F.);
#2155 = ADVANCED_FACE('',(#2156),#2142,.T.);
#2156 = FACE_BOUND('',#2157,.T.);
#2157 = EDGE_LOOP('',(#2158));
#2158 = ORIENTED_EDGE('',*,*,#2127,.T.);
#2159 = ADVANCED_FACE('',(#2160,#2163),#43,.F.);
#2160 = FACE_BOUND('',#2161,.F.);
#2161 = EDGE_LOOP('',(#2162));
#2162 = ORIENTED_EDGE('',*,*,#21,.T.);
#2163 = FACE_BOUND('',#2164,.F.);
#2164 = EDGE_LOOP('',(#2165));
#2165 = ORIENTED_EDGE('',*,*,#1128,.T.);
#2166 = ( GEOMETRIC_REPRESENTATION_CONTEXT(3) 
GLOBAL_UNCERTAINTY_ASSIGNED_CONTEXT((#2170)) 
GLOBAL_UNIT_ASSIGNED_CONTEXT((#2167,#2168,#2169)) REPRESENTATION_CONTEXT
('Context #1','3D Context with UNIT and UNCERTAINTY') );
#2167 = ( LENGTH_UNIT() NAMED_UNIT(*) SI_UNIT(.MILLI.,.METRE.) );
#2168 = ( NAMED_UNIT(*) PLANE_ANGLE_UNIT() SI_UNIT($,.RADIAN.) );
#2169 = ( NAMED_UNIT(*) SI_UNIT($,.STERADIAN.) SOLID_ANGLE_UNIT() );
#2170 = UNCERTAINTY_MEASURE_WITH_UNIT(LENGTH_MEASURE(1.E-07),#2167,
  'distance_accuracy_value','confusion accuracy');
#2171 = PRODUCT_RELATED_PRODUCT_CATEGORY('part',$,(#7));
ENDSEC;
END-ISO-10303-21;
