ISO-10303-21;
HEADER;
FILE_DESCRIPTION(('Open CASCADE Model'),'2;1');
FILE_NAME('Open CASCADE Shape Model','2026-07-22T18:03:09',('Author'),(
    'Open CASCADE'),'Open CASCADE STEP processor 7.9','Open CASCADE 7.9'
  ,'Unknown');
FILE_SCHEMA(('AUTOMOTIVE_DESIGN { 1 0 10303 214 1 1 1 1 }'));
ENDSEC;
DATA;
#1 = APPLICATION_PROTOCOL_DEFINITION('international standard',
  'automotive_design',2000,#2);
#2 = APPLICATION_CONTEXT(
  'core data for automotive mechanical design processes');
#3 = SHAPE_DEFINITION_REPRESENTATION(#4,#10);
#4 = PRODUCT_DEFINITION_SHAPE('','',#5);
#5 = PRODUCT_DEFINITION('design','',#6,#9);
#6 = PRODUCT_DEFINITION_FORMATION('','',#7);
#7 = PRODUCT('Open CASCADE STEP translator 7.9 2',
  'Open CASCADE STEP translator 7.9 2','',(#8));
#8 = PRODUCT_CONTEXT('',#2,'mechanical');
#9 = PRODUCT_DEFINITION_CONTEXT('part definition',#2,'design');
#10 = ADVANCED_BREP_SHAPE_REPRESENTATION('',(#11,#15),#2227);
#11 = AXIS2_PLACEMENT_3D('',#12,#13,#14);
#12 = CARTESIAN_POINT('',(0.,0.,0.));
#13 = DIRECTION('',(0.,0.,1.));
#14 = DIRECTION('',(1.,0.,-0.));
#15 = MANIFOLD_SOLID_BREP('',#16);
#16 = CLOSED_SHELL('',(#17,#945,#1143,#1393,#1397,#1424,#1775,#2182,
    #2186,#2213,#2220));
#17 = ADVANCED_FACE('',(#18,#105,#315,#525,#735),#32,.T.);
#18 = FACE_BOUND('',#19,.F.);
#19 = EDGE_LOOP('',(#20,#50,#77,#78));
#20 = ORIENTED_EDGE('',*,*,#21,.F.);
#21 = EDGE_CURVE('',#22,#24,#26,.T.);
#22 = VERTEX_POINT('',#23);
#23 = CARTESIAN_POINT('',(17.,0.,0.));
#24 = VERTEX_POINT('',#25);
#25 = CARTESIAN_POINT('',(17.,0.,50.));
#26 = SEAM_CURVE('',#27,(#31,#43),.PCURVE_S1.);
#27 = LINE('',#28,#29);
#28 = CARTESIAN_POINT('',(17.,0.,0.));
#29 = VECTOR('',#30,1.);
#30 = DIRECTION('',(0.,0.,1.));
#31 = PCURVE('',#32,#37);
#32 = CYLINDRICAL_SURFACE('',#33,17.);
#33 = AXIS2_PLACEMENT_3D('',#34,#35,#36);
#34 = CARTESIAN_POINT('',(0.,0.,0.));
#35 = DIRECTION('',(-0.,-0.,-1.));
#36 = DIRECTION('',(1.,0.,0.));
#37 = DEFINITIONAL_REPRESENTATION('',(#38),#42);
#38 = LINE('',#39,#40);
#39 = CARTESIAN_POINT('',(-6.28318530718,0.));
#40 = VECTOR('',#41,1.);
#41 = DIRECTION('',(-0.,-1.));
#42 = ( GEOMETRIC_REPRESENTATION_CONTEXT(2) 
PARAMETRIC_REPRESENTATION_CONTEXT() REPRESENTATION_CONTEXT('2D SPACE',''
  ) );
#43 = PCURVE('',#32,#44);
#44 = DEFINITIONAL_REPRESENTATION('',(#45),#49);
#45 = LINE('',#46,#47);
#46 = CARTESIAN_POINT('',(-0.,0.));
#47 = VECTOR('',#48,1.);
#48 = DIRECTION('',(-0.,-1.));
#49 = ( GEOMETRIC_REPRESENTATION_CONTEXT(2) 
PARAMETRIC_REPRESENTATION_CONTEXT() REPRESENTATION_CONTEXT('2D SPACE',''
  ) );
#50 = ORIENTED_EDGE('',*,*,#51,.F.);
#51 = EDGE_CURVE('',#22,#22,#52,.T.);
#52 = SURFACE_CURVE('',#53,(#58,#65),.PCURVE_S1.);
#53 = CIRCLE('',#54,17.);
#54 = AXIS2_PLACEMENT_3D('',#55,#56,#57);
#55 = CARTESIAN_POINT('',(0.,0.,0.));
#56 = DIRECTION('',(0.,0.,1.));
#57 = DIRECTION('',(1.,0.,0.));
#58 = PCURVE('',#32,#59);
#59 = DEFINITIONAL_REPRESENTATION('',(#60),#64);
#60 = LINE('',#61,#62);
#61 = CARTESIAN_POINT('',(-0.,0.));
#62 = VECTOR('',#63,1.);
#63 = DIRECTION('',(-1.,0.));
#64 = ( GEOMETRIC_REPRESENTATION_CONTEXT(2) 
PARAMETRIC_REPRESENTATION_CONTEXT() REPRESENTATION_CONTEXT('2D SPACE',''
  ) );
#65 = PCURVE('',#66,#71);
#66 = PLANE('',#67);
#67 = AXIS2_PLACEMENT_3D('',#68,#69,#70);
#68 = CARTESIAN_POINT('',(-1.287002477684E-15,1.236537197009E-15,0.));
#69 = DIRECTION('',(0.,0.,1.));
#70 = DIRECTION('',(1.,0.,-0.));
#71 = DEFINITIONAL_REPRESENTATION('',(#72),#76);
#72 = CIRCLE('',#73,17.);
#73 = AXIS2_PLACEMENT_2D('',#74,#75);
#74 = CARTESIAN_POINT('',(1.287002477684E-15,-1.236537197009E-15));
#75 = DIRECTION('',(1.,0.));
#76 = ( GEOMETRIC_REPRESENTATION_CONTEXT(2) 
PARAMETRIC_REPRESENTATION_CONTEXT() REPRESENTATION_CONTEXT('2D SPACE',''
  ) );
#77 = ORIENTED_EDGE('',*,*,#21,.T.);
#78 = ORIENTED_EDGE('',*,*,#79,.T.);
#79 = EDGE_CURVE('',#24,#24,#80,.T.);
#80 = SURFACE_CURVE('',#81,(#86,#93),.PCURVE_S1.);
#81 = CIRCLE('',#82,17.);
#82 = AXIS2_PLACEMENT_3D('',#83,#84,#85);
#83 = CARTESIAN_POINT('',(0.,0.,50.));
#84 = DIRECTION('',(0.,0.,1.));
#85 = DIRECTION('',(1.,0.,0.));
#86 = PCURVE('',#32,#87);
#87 = DEFINITIONAL_REPRESENTATION('',(#88),#92);
#88 = LINE('',#89,#90);
#89 = CARTESIAN_POINT('',(-0.,-50.));
#90 = VECTOR('',#91,1.);
#91 = DIRECTION('',(-1.,0.));
#92 = ( GEOMETRIC_REPRESENTATION_CONTEXT(2) 
PARAMETRIC_REPRESENTATION_CONTEXT() REPRESENTATION_CONTEXT('2D SPACE',''
  ) );
#93 = PCURVE('',#94,#99);
#94 = PLANE('',#95);
#95 = AXIS2_PLACEMENT_3D('',#96,#97,#98);
#96 = CARTESIAN_POINT('',(-1.287002477684E-15,1.236537197009E-15,50.));
#97 = DIRECTION('',(0.,0.,1.));
#98 = DIRECTION('',(1.,0.,-0.));
#99 = DEFINITIONAL_REPRESENTATION('',(#100),#104);
#100 = CIRCLE('',#101,17.);
#101 = AXIS2_PLACEMENT_2D('',#102,#103);
#102 = CARTESIAN_POINT('',(1.287002477684E-15,-1.236537197009E-15));
#103 = DIRECTION('',(1.,0.));
#104 = ( GEOMETRIC_REPRESENTATION_CONTEXT(2) 
PARAMETRIC_REPRESENTATION_CONTEXT() REPRESENTATION_CONTEXT('2D SPACE',''
  ) );
#105 = FACE_BOUND('',#106,.F.);
#106 = EDGE_LOOP('',(#107));
#107 = ORIENTED_EDGE('',*,*,#108,.F.);
#108 = EDGE_CURVE('',#109,#109,#111,.T.);
#109 = VERTEX_POINT('',#110);
#110 = CARTESIAN_POINT('',(2.15,16.863496078809,39.));
#111 = SURFACE_CURVE('',#112,(#164,#237),.PCURVE_S1.);
#112 = B_SPLINE_CURVE_WITH_KNOTS('',8,(#113,#114,#115,#116,#117,#118,
    #119,#120,#121,#122,#123,#124,#125,#126,#127,#128,#129,#130,#131,
    #132,#133,#134,#135,#136,#137,#138,#139,#140,#141,#142,#143,#144,
    #145,#146,#147,#148,#149,#150,#151,#152,#153,#154,#155,#156,#157,
    #158,#159,#160,#161,#162,#163),.UNSPECIFIED.,.T.,.F.,(9,7,7,7,7,7,7,
    9),(0.,0.154348389944,0.286477301852,0.411748288446,0.568762744008,
    0.70722714215,0.828127668621,1.),.UNSPECIFIED.);
#113 = CARTESIAN_POINT('',(2.15,16.863496078809,39.));
#114 = CARTESIAN_POINT('',(2.15,16.863496078809,39.224496916469));
#115 = CARTESIAN_POINT('',(2.123209661923,16.866911496978,
    39.448676517725));
#116 = CARTESIAN_POINT('',(2.069763145017,16.873726379378,
    39.670809688016));
#117 = CARTESIAN_POINT('',(1.989073922828,16.883770514293,
    39.888970249937));
#118 = CARTESIAN_POINT('',(1.880099652082,16.896701425968,
    40.100641082399));
#119 = CARTESIAN_POINT('',(1.741514055359,16.911903317803,
    40.302468235134));
#120 = CARTESIAN_POINT('',(1.571947952783,16.928373872013,
    40.489919446581));
#121 = CARTESIAN_POINT('',(1.197980507833,16.958619844368,
    40.799292222495));
#122 = CARTESIAN_POINT('',(0.995720450753,16.97295879473,40.932047562961
    ));
#123 = CARTESIAN_POINT('',(0.766668550969,16.986230679868,
    41.043410154526));
#124 = CARTESIAN_POINT('',(0.516379311658,16.99668435992,41.124818538615
    ));
#125 = CARTESIAN_POINT('',(0.252452923599,17.002712457283,
    41.170597067389));
#126 = CARTESIAN_POINT('',(-1.647655965737E-02,17.003582237591,
    41.178023940357));
#127 = CARTESIAN_POINT('',(-0.28155402564,16.999554852567,
    41.147446336677));
#128 = CARTESIAN_POINT('',(-0.774674249089,16.984037579899,
    41.020834582881));
#129 = CARTESIAN_POINT('',(-0.996728189318,16.973172259104,
    40.93012911744));
#130 = CARTESIAN_POINT('',(-1.198611982038,16.96007192592,40.815731607)
  );
#131 = CARTESIAN_POINT('',(-1.379116559178,16.945875705031,
    40.682323470693));
#132 = CARTESIAN_POINT('',(-1.537722073159,16.931595946977,
    40.534063743849));
#133 = CARTESIAN_POINT('',(-1.674415095871,16.918042211972,
    40.374694341865));
#134 = CARTESIAN_POINT('',(-1.789601582931,16.90580845148,40.20758846177
    ));
#135 = CARTESIAN_POINT('',(-2.002452592419,16.882072588344,
    39.820413912835));
#136 = CARTESIAN_POINT('',(-2.089521529513,16.871403279754,
    39.595396699818));
#137 = CARTESIAN_POINT('',(-2.14664981821,16.863998546508,
    39.364487944098));
#138 = CARTESIAN_POINT('',(-2.17479681142,16.860252234284,
    39.130430585556));
#139 = CARTESIAN_POINT('',(-2.174436942633,16.860320936501,38.8955187184
    ));
#140 = CARTESIAN_POINT('',(-2.145525090482,16.864174418767,
    38.661907062406));
#141 = CARTESIAN_POINT('',(-2.087460202432,16.871586805661,
    38.431908067458));
#142 = CARTESIAN_POINT('',(-1.921027286215,16.891294273378,
    38.011546505459));
#143 = CARTESIAN_POINT('',(-1.819012905135,16.902955970265,
    37.818703034106));
#144 = CARTESIAN_POINT('',(-1.691983085739,16.916714786512,
    37.632830432062));
#145 = CARTESIAN_POINT('',(-1.539030507622,16.932001721178,
    37.45733216827));
#146 = CARTESIAN_POINT('',(-1.359534980128,16.947972730211,
    37.296329498276));
#147 = CARTESIAN_POINT('',(-1.153315445425,16.963454369262,
    37.154761716128));
#148 = CARTESIAN_POINT('',(-0.920938169187,16.976978303317,
    37.038587168069));
#149 = CARTESIAN_POINT('',(-0.440377856218,16.995773709768,
    36.882443657158));
#150 = CARTESIAN_POINT('',(-0.201300506697,17.001743179737,
    36.835770128948));
#151 = CARTESIAN_POINT('',(4.625999578344E-02,17.003874214283,
    36.820232608341));
#152 = CARTESIAN_POINT('',(0.294685568186,17.001561500263,
    36.837918953358));
#153 = CARTESIAN_POINT('',(0.536113076299,16.994964497022,36.88808420533
    ));
#154 = CARTESIAN_POINT('',(0.763184944961,16.985086086316,
    36.967226766944));
#155 = CARTESIAN_POINT('',(0.969881855362,16.973292530427,
    37.069101749806));
#156 = CARTESIAN_POINT('',(1.410966228231,16.94333299089,37.349022404684
    ));
#157 = CARTESIAN_POINT('',(1.628876119591,16.923993117276,
    37.546523960448));
#158 = CARTESIAN_POINT('',(1.80641832506,16.905355732468,37.766228792665
    ));
#159 = CARTESIAN_POINT('',(1.945524588237,16.889177637946,
    38.000766979392));
#160 = CARTESIAN_POINT('',(2.048177798962,16.876477110728,
    38.244830406298));
#161 = CARTESIAN_POINT('',(2.116014364503,16.867829201046,
    38.494575529477));
#162 = CARTESIAN_POINT('',(2.15,16.863496078809,38.74714620073));
#163 = CARTESIAN_POINT('',(2.15,16.863496078809,39.));
#164 = PCURVE('',#32,#165);
#165 = DEFINITIONAL_REPRESENTATION('',(#166),#236);
#166 = B_SPLINE_CURVE_WITH_KNOTS('',3,(#167,#168,#169,#170,#171,#172,
    #173,#174,#175,#176,#177,#178,#179,#180,#181,#182,#183,#184,#185,
    #186,#187,#188,#189,#190,#191,#192,#193,#194,#195,#196,#197,#198,
    #199,#200,#201,#202,#203,#204,#205,#206,#207,#208,#209,#210,#211,
    #212,#213,#214,#215,#216,#217,#218,#219,#220,#221,#222,#223,#224,
    #225,#226,#227,#228,#229,#230,#231,#232,#233,#234,#235),
  .UNSPECIFIED.,.T.,.F.,(4,1,1,1,1,1,1,1,1,1,1,1,1,1,1,1,1,1,1,1,1,1,1,1
    ,1,1,1,1,1,1,1,1,1,1,1,1,1,1,1,1,1,1,1,1,1,1,1,1,1,1,1,1,1,1,1,1,1,1
    ,1,1,1,1,1,1,1,1,4),(0.,1.515151515152E-02,3.030303030303E-02,
    4.545454545455E-02,6.060606060606E-02,7.575757575758E-02,
    9.090909090909E-02,0.106060606061,0.121212121212,0.136363636364,
    0.151515151515,0.166666666667,0.181818181818,0.19696969697,
    0.212121212121,0.227272727273,0.242424242424,0.257575757576,
    0.272727272727,0.287878787879,0.30303030303,0.318181818182,
    0.333333333333,0.348484848485,0.363636363636,0.378787878788,
    0.393939393939,0.409090909091,0.424242424242,0.439393939394,
    0.454545454545,0.469696969697,0.484848484848,0.5,0.515151515152,
    0.530303030303,0.545454545455,0.560606060606,0.575757575758,
    0.590909090909,0.606060606061,0.621212121212,0.636363636364,
    0.651515151515,0.666666666667,0.681818181818,0.69696969697,
    0.712121212121,0.727272727273,0.742424242424,0.757575757576,
    0.772727272727,0.787878787879,0.80303030303,0.818181818182,
    0.833333333333,0.848484848485,0.863636363636,0.878787878788,
    0.893939393939,0.909090909091,0.924242424242,0.939393939394,
    0.954545454545,0.969696969697,0.984848484848,1.),
  .QUASI_UNIFORM_KNOTS.);
#167 = CARTESIAN_POINT('',(-1.443986143043,-39.));
#168 = CARTESIAN_POINT('',(-1.443986584876,-39.0587621195));
#169 = CARTESIAN_POINT('',(-1.444271529267,-39.1762469895));
#170 = CARTESIAN_POINT('',(-1.44555751132,-39.35172512568));
#171 = CARTESIAN_POINT('',(-1.447706561803,-39.52585067437));
#172 = CARTESIAN_POINT('',(-1.450729764816,-39.69792346598));
#173 = CARTESIAN_POINT('',(-1.454641525905,-39.86715479556));
#174 = CARTESIAN_POINT('',(-1.45945924107,-40.03263698368));
#175 = CARTESIAN_POINT('',(-1.46520299724,-40.1933354359));
#176 = CARTESIAN_POINT('',(-1.471892065042,-40.34802467602));
#177 = CARTESIAN_POINT('',(-1.479553859734,-40.49541612279));
#178 = CARTESIAN_POINT('',(-1.488185726742,-40.63355987965));
#179 = CARTESIAN_POINT('',(-1.497892268393,-40.76193851378));
#180 = CARTESIAN_POINT('',(-1.508855209682,-40.87930660989));
#181 = CARTESIAN_POINT('',(-1.520861315243,-40.97992794649));
#182 = CARTESIAN_POINT('',(-1.533750860251,-41.06022426197));
#183 = CARTESIAN_POINT('',(-1.547313811966,-41.11711387086));
#184 = CARTESIAN_POINT('',(-1.561323790094,-41.14847782697));
#185 = CARTESIAN_POINT('',(-1.57554485014,-41.15301029323));
#186 = CARTESIAN_POINT('',(-1.589709636855,-41.13042103245));
#187 = CARTESIAN_POINT('',(-1.603639313193,-41.0808609979));
#188 = CARTESIAN_POINT('',(-1.616816564667,-41.00715876327));
#189 = CARTESIAN_POINT('',(-1.629030426249,-40.91317367959));
#190 = CARTESIAN_POINT('',(-1.640272488235,-40.80152753887));
#191 = CARTESIAN_POINT('',(-1.650499617708,-40.67491633083));
#192 = CARTESIAN_POINT('',(-1.659695036689,-40.53578392014));
#193 = CARTESIAN_POINT('',(-1.667849565247,-40.38643995247));
#194 = CARTESIAN_POINT('',(-1.674966328872,-40.2290146944));
#195 = CARTESIAN_POINT('',(-1.681053527119,-40.06560026885));
#196 = CARTESIAN_POINT('',(-1.686143210437,-39.897790325));
#197 = CARTESIAN_POINT('',(-1.690294675553,-39.7256490084));
#198 = CARTESIAN_POINT('',(-1.69351731163,-39.55038871092));
#199 = CARTESIAN_POINT('',(-1.695828238648,-39.37281234099));
#200 = CARTESIAN_POINT('',(-1.697237636663,-39.19373447107));
#201 = CARTESIAN_POINT('',(-1.697752497902,-39.01389736667));
#202 = CARTESIAN_POINT('',(-1.697375468821,-38.83402114745));
#203 = CARTESIAN_POINT('',(-1.696104907921,-38.65481479424));
#204 = CARTESIAN_POINT('',(-1.693934966581,-38.47700671369));
#205 = CARTESIAN_POINT('',(-1.690854311416,-38.30133811657));
#206 = CARTESIAN_POINT('',(-1.686850175776,-38.12869229123));
#207 = CARTESIAN_POINT('',(-1.681881867202,-37.95933016926));
#208 = CARTESIAN_POINT('',(-1.675927525399,-37.79472720803));
#209 = CARTESIAN_POINT('',(-1.668967467629,-37.63640311253));
#210 = CARTESIAN_POINT('',(-1.660986719584,-37.48608259735));
#211 = CARTESIAN_POINT('',(-1.651975494872,-37.3456699923));
#212 = CARTESIAN_POINT('',(-1.641932320202,-37.2172841766));
#213 = CARTESIAN_POINT('',(-1.630859750045,-37.10325205745));
#214 = CARTESIAN_POINT('',(-1.618788759127,-37.00622776432));
#215 = CARTESIAN_POINT('',(-1.605698105718,-36.92887717816));
#216 = CARTESIAN_POINT('',(-1.591889417106,-36.87550704819));
#217 = CARTESIAN_POINT('',(-1.577668606149,-36.84856618803));
#218 = CARTESIAN_POINT('',(-1.563310476095,-36.84916018845));
#219 = CARTESIAN_POINT('',(-1.549104468588,-36.87725705876));
#220 = CARTESIAN_POINT('',(-1.535329508719,-36.93167125159));
#221 = CARTESIAN_POINT('',(-1.522255928405,-37.01000124588));
#222 = CARTESIAN_POINT('',(-1.510110528507,-37.10895277554));
#223 = CARTESIAN_POINT('',(-1.499162889127,-37.22314335899));
#224 = CARTESIAN_POINT('',(-1.489280536151,-37.35055805091));
#225 = CARTESIAN_POINT('',(-1.480421079309,-37.48939136475));
#226 = CARTESIAN_POINT('',(-1.47257482006,-37.63759346473));
#227 = CARTESIAN_POINT('',(-1.465719552756,-37.79351800427));
#228 = CARTESIAN_POINT('',(-1.459834566852,-37.95570254726));
#229 = CARTESIAN_POINT('',(-1.454898499217,-38.12288769999));
#230 = CARTESIAN_POINT('',(-1.450891311976,-38.29397738966));
#231 = CARTESIAN_POINT('',(-1.447794950372,-38.46801790524));
#232 = CARTESIAN_POINT('',(-1.445594458277,-38.6441767355));
#233 = CARTESIAN_POINT('',(-1.444278126998,-38.82171382785));
#234 = CARTESIAN_POINT('',(-1.4439865828,-38.94056365197));
#235 = CARTESIAN_POINT('',(-1.443986143043,-39.));
#236 = ( GEOMETRIC_REPRESENTATION_CONTEXT(2) 
PARAMETRIC_REPRESENTATION_CONTEXT() REPRESENTATION_CONTEXT('2D SPACE',''
  ) );
#237 = PCURVE('',#238,#243);
#238 = CYLINDRICAL_SURFACE('',#239,2.15);
#239 = AXIS2_PLACEMENT_3D('',#240,#241,#242);
#240 = CARTESIAN_POINT('',(0.,17.,39.));
#241 = DIRECTION('',(-0.,1.,-0.));
#242 = DIRECTION('',(1.,0.,0.));
#243 = DEFINITIONAL_REPRESENTATION('',(#244),#314);
#244 = B_SPLINE_CURVE_WITH_KNOTS('',3,(#245,#246,#247,#248,#249,#250,
    #251,#252,#253,#254,#255,#256,#257,#258,#259,#260,#261,#262,#263,
    #264,#265,#266,#267,#268,#269,#270,#271,#272,#273,#274,#275,#276,
    #277,#278,#279,#280,#281,#282,#283,#284,#285,#286,#287,#288,#289,
    #290,#291,#292,#293,#294,#295,#296,#297,#298,#299,#300,#301,#302,
    #303,#304,#305,#306,#307,#308,#309,#310,#311,#312,#313),
  .UNSPECIFIED.,.F.,.F.,(4,1,1,1,1,1,1,1,1,1,1,1,1,1,1,1,1,1,1,1,1,1,1,1
    ,1,1,1,1,1,1,1,1,1,1,1,1,1,1,1,1,1,1,1,1,1,1,1,1,1,1,1,1,1,1,1,1,1,1
    ,1,1,1,1,1,1,1,1,4),(0.,1.515151515152E-02,3.030303030303E-02,
    4.545454545455E-02,6.060606060606E-02,7.575757575758E-02,
    9.090909090909E-02,0.106060606061,0.121212121212,0.136363636364,
    0.151515151515,0.166666666667,0.181818181818,0.19696969697,
    0.212121212121,0.227272727273,0.242424242424,0.257575757576,
    0.272727272727,0.287878787879,0.30303030303,0.318181818182,
    0.333333333333,0.348484848485,0.363636363636,0.378787878788,
    0.393939393939,0.409090909091,0.424242424242,0.439393939394,
    0.454545454545,0.469696969697,0.484848484848,0.5,0.515151515152,
    0.530303030303,0.545454545455,0.560606060606,0.575757575758,
    0.590909090909,0.606060606061,0.621212121212,0.636363636364,
    0.651515151515,0.666666666667,0.681818181818,0.69696969697,
    0.712121212121,0.727272727273,0.742424242424,0.757575757576,
    0.772727272727,0.787878787879,0.80303030303,0.818181818182,
    0.833333333333,0.848484848485,0.863636363636,0.878787878788,
    0.893939393939,0.909090909091,0.924242424242,0.939393939394,
    0.954545454545,0.969696969697,0.984848484848,1.),
  .QUASI_UNIFORM_KNOTS.);
#245 = CARTESIAN_POINT('',(0.,-0.136503921191));
#246 = CARTESIAN_POINT('',(-2.733246828633E-02,-0.136506131911));
#247 = CARTESIAN_POINT('',(-8.19747493029E-02,-0.135887866892));
#248 = CARTESIAN_POINT('',(-0.164144658543,-0.133138764691));
#249 = CARTESIAN_POINT('',(-0.246799185196,-0.128603211359));
#250 = CARTESIAN_POINT('',(-0.33020359536,-0.122355314531));
#251 = CARTESIAN_POINT('',(-0.414620741667,-0.114499452463));
#252 = CARTESIAN_POINT('',(-0.500311972005,-0.105178720348));
#253 = CARTESIAN_POINT('',(-0.587549700137,-9.45782648734E-02));
#254 = CARTESIAN_POINT('',(-0.676594206323,-8.293499800953E-02));
#255 = CARTESIAN_POINT('',(-0.767804233401,-7.052836086391E-02));
#256 = CARTESIAN_POINT('',(-0.861252321275,-5.774045650988E-02));
#257 = CARTESIAN_POINT('',(-0.958194611201,-4.485609860097E-02));
#258 = CARTESIAN_POINT('',(-1.060336003952,-3.222665167106E-02));
#259 = CARTESIAN_POINT('',(-1.16589569707,-2.075034178694E-02));
#260 = CARTESIAN_POINT('',(-1.274192207106,-1.116580064612E-02));
#261 = CARTESIAN_POINT('',(-1.384436568722,-4.145787218314E-03));
#262 = CARTESIAN_POINT('',(-1.495982799489,-1.944624452022E-04));
#263 = CARTESIAN_POINT('',(-1.608274558262,3.814213465163E-04));
#264 = CARTESIAN_POINT('',(-1.720582565815,-2.476649668858E-03));
#265 = CARTESIAN_POINT('',(-1.832900522224,-8.642151521531E-03));
#266 = CARTESIAN_POINT('',(-1.942345886365,-1.75423260738E-02));
#267 = CARTESIAN_POINT('',(-2.048086339184,-2.842837117721E-02));
#268 = CARTESIAN_POINT('',(-2.15074176625,-4.068684020544E-02));
#269 = CARTESIAN_POINT('',(-2.250470936924,-5.370272826272E-02));
#270 = CARTESIAN_POINT('',(-2.347498556593,-6.691920277802E-02));
#271 = CARTESIAN_POINT('',(-2.441978244107,-7.983761955735E-02));
#272 = CARTESIAN_POINT('',(-2.534052969993,-9.203121304164E-02));
#273 = CARTESIAN_POINT('',(-2.623779248729,-0.103139689047));
#274 = CARTESIAN_POINT('',(-2.71139292247,-0.112906842462));
#275 = CARTESIAN_POINT('',(-2.797760258832,-0.12119657076));
#276 = CARTESIAN_POINT('',(-2.883033038817,-0.127832078362));
#277 = CARTESIAN_POINT('',(-2.967518243968,-0.132697966556));
#278 = CARTESIAN_POINT('',(-3.051466833021,-0.135709766176));
#279 = CARTESIAN_POINT('',(-3.135136241796,-0.13681833087));
#280 = CARTESIAN_POINT('',(-3.218778695701,-0.136006101705));
#281 = CARTESIAN_POINT('',(-3.302650525519,-0.133286571525));
#282 = CARTESIAN_POINT('',(-3.387011010505,-0.128704801352));
#283 = CARTESIAN_POINT('',(-3.472142650717,-0.122336427968));
#284 = CARTESIAN_POINT('',(-3.558298096481,-0.114297730638));
#285 = CARTESIAN_POINT('',(-3.646125704586,-0.104698754903));
#286 = CARTESIAN_POINT('',(-3.735768600481,-9.374341139286E-02));
#287 = CARTESIAN_POINT('',(-3.8274329413,-8.169682341752E-02));
#288 = CARTESIAN_POINT('',(-3.921323957177,-6.889161598111E-02));
#289 = CARTESIAN_POINT('',(-4.017672523375,-5.572900290623E-02));
#290 = CARTESIAN_POINT('',(-4.116723537167,-4.267971219446E-02));
#291 = CARTESIAN_POINT('',(-4.218792801046,-3.027772914702E-02));
#292 = CARTESIAN_POINT('',(-4.324095575757,-1.912500337053E-02));
#293 = CARTESIAN_POINT('',(-4.433431441618,-9.836659985356E-03));
#294 = CARTESIAN_POINT('',(-4.54518739926,-3.221679088899E-03));
#295 = CARTESIAN_POINT('',(-4.658138343857,1.809045352739E-04));
#296 = CARTESIAN_POINT('',(-4.771488653291,1.054486681539E-04));
#297 = CARTESIAN_POINT('',(-4.884383088611,-3.441298668656E-03));
#298 = CARTESIAN_POINT('',(-4.995988200903,-1.017800535772E-02));
#299 = CARTESIAN_POINT('',(-5.105342908613,-1.957050672262E-02));
#300 = CARTESIAN_POINT('',(-5.211557516597,-3.091666151794E-02));
#301 = CARTESIAN_POINT('',(-5.312821969689,-4.329338418849E-02));
#302 = CARTESIAN_POINT('',(-5.410593600868,-5.620218909799E-02));
#303 = CARTESIAN_POINT('',(-5.505568466958,-6.918185223166E-02));
#304 = CARTESIAN_POINT('',(-5.598023486833,-8.178579899597E-02));
#305 = CARTESIAN_POINT('',(-5.688304653274,-9.364950894982E-02));
#306 = CARTESIAN_POINT('',(-5.776707648616,-0.104467120523));
#307 = CARTESIAN_POINT('',(-5.863518821235,-0.113991059791));
#308 = CARTESIAN_POINT('',(-5.949011754413,-0.122024947381));
#309 = CARTESIAN_POINT('',(-6.033454706517,-0.12841790702));
#310 = CARTESIAN_POINT('',(-6.117114997438,-0.13305995799));
#311 = CARTESIAN_POINT('',(-6.20026218064,-0.135873535722));
#312 = CARTESIAN_POINT('',(-6.255539129622,-0.136506275048));
#313 = CARTESIAN_POINT('',(-6.28318530718,-0.136503921191));
#314 = ( GEOMETRIC_REPRESENTATION_CONTEXT(2) 
PARAMETRIC_REPRESENTATION_CONTEXT() REPRESENTATION_CONTEXT('2D SPACE',''
  ) );
#315 = FACE_BOUND('',#316,.F.);
#316 = EDGE_LOOP('',(#317));
#317 = ORIENTED_EDGE('',*,*,#318,.F.);
#318 = EDGE_CURVE('',#319,#319,#321,.T.);
#319 = VERTEX_POINT('',#320);
#320 = CARTESIAN_POINT('',(2.15,-16.8634960788,39.));
#321 = SURFACE_CURVE('',#322,(#374,#447),.PCURVE_S1.);
#322 = B_SPLINE_CURVE_WITH_KNOTS('',8,(#323,#324,#325,#326,#327,#328,
    #329,#330,#331,#332,#333,#334,#335,#336,#337,#338,#339,#340,#341,
    #342,#343,#344,#345,#346,#347,#348,#349,#350,#351,#352,#353,#354,
    #355,#356,#357,#358,#359,#360,#361,#362,#363,#364,#365,#366,#367,
    #368,#369,#370,#371,#372,#373),.UNSPECIFIED.,.T.,.F.,(9,7,7,7,7,7,7,
    9),(0.749675683211,0.92154801503,1.042448541809,1.180912940306,
    1.337927393689,1.46319838061,1.595327292863,1.749675683211),
  .UNSPECIFIED.);
#323 = CARTESIAN_POINT('',(2.15,-16.8634960788,39.));
#324 = CARTESIAN_POINT('',(2.15,-16.8634960788,38.74714620073));
#325 = CARTESIAN_POINT('',(2.116014364504,-16.86782920104,
    38.494575529477));
#326 = CARTESIAN_POINT('',(2.048177798961,-16.87647711072,
    38.244830406299));
#327 = CARTESIAN_POINT('',(1.945524588239,-16.88917763794,
    38.000766979391));
#328 = CARTESIAN_POINT('',(1.806418325058,-16.90535573246,
    37.766228792664));
#329 = CARTESIAN_POINT('',(1.628876119592,-16.92399311727,
    37.546523960449));
#330 = CARTESIAN_POINT('',(1.410966228231,-16.94333299089,
    37.349022404684));
#331 = CARTESIAN_POINT('',(0.969881855362,-16.97329253042,
    37.069101749816));
#332 = CARTESIAN_POINT('',(0.763184944963,-16.98508608631,
    36.967226766939));
#333 = CARTESIAN_POINT('',(0.536113076295,-16.99496449702,
    36.888084205331));
#334 = CARTESIAN_POINT('',(0.294685568191,-17.00156150026,
    36.837918953359));
#335 = CARTESIAN_POINT('',(4.625999578081E-02,-17.00387421428,
    36.82023260834));
#336 = CARTESIAN_POINT('',(-0.201300506697,-17.00174317973,
    36.835770128948));
#337 = CARTESIAN_POINT('',(-0.440377856217,-16.99577370976,
    36.882443657158));
#338 = CARTESIAN_POINT('',(-0.920938169187,-16.97697830331,
    37.038587168069));
#339 = CARTESIAN_POINT('',(-1.153315445426,-16.96345436926,
    37.154761716128));
#340 = CARTESIAN_POINT('',(-1.359534980128,-16.94797273021,
    37.296329498276));
#341 = CARTESIAN_POINT('',(-1.539030507622,-16.93200172117,
    37.45733216827));
#342 = CARTESIAN_POINT('',(-1.691983085739,-16.91671478651,
    37.632830432062));
#343 = CARTESIAN_POINT('',(-1.819012905135,-16.90295597026,
    37.818703034106));
#344 = CARTESIAN_POINT('',(-1.921027286215,-16.89129427337,
    38.011546505459));
#345 = CARTESIAN_POINT('',(-2.087460200979,-16.87158680583,
    38.431908063787));
#346 = CARTESIAN_POINT('',(-2.145525092322,-16.86417441854,
    38.661907073606));
#347 = CARTESIAN_POINT('',(-2.174436943529,-16.86032093641,
    38.895518706188));
#348 = CARTESIAN_POINT('',(-2.174796809052,-16.86025223455,
    39.130430585476));
#349 = CARTESIAN_POINT('',(-2.146649817442,-16.86399854658,
    39.364487956316));
#350 = CARTESIAN_POINT('',(-2.089521532875,-16.87140327938,
    39.595396688796));
#351 = CARTESIAN_POINT('',(-2.002452590467,-16.88207258856,
    39.820413916385));
#352 = CARTESIAN_POINT('',(-1.789601582931,-16.90580845148,
    40.20758846177));
#353 = CARTESIAN_POINT('',(-1.674415095872,-16.91804221197,
    40.374694341865));
#354 = CARTESIAN_POINT('',(-1.537722073159,-16.93159594697,
    40.53406374385));
#355 = CARTESIAN_POINT('',(-1.379116559178,-16.94587570503,
    40.682323470693));
#356 = CARTESIAN_POINT('',(-1.198611982038,-16.96007192592,40.815731607)
  );
#357 = CARTESIAN_POINT('',(-0.996728189317,-16.9731722591,40.93012911744
    ));
#358 = CARTESIAN_POINT('',(-0.774674249089,-16.98403757989,
    41.020834582881));
#359 = CARTESIAN_POINT('',(-0.281554025641,-16.99955485256,
    41.147446336677));
#360 = CARTESIAN_POINT('',(-1.64765596575E-02,-17.00358223759,
    41.178023940358));
#361 = CARTESIAN_POINT('',(0.2524529236,-17.00271245728,41.170597067384)
  );
#362 = CARTESIAN_POINT('',(0.516379311656,-16.99668435991,
    41.124818538621));
#363 = CARTESIAN_POINT('',(0.766668550971,-16.98623067987,
    41.043410154522));
#364 = CARTESIAN_POINT('',(0.995720450752,-16.97295879472,
    40.932047562978));
#365 = CARTESIAN_POINT('',(1.197980507833,-16.95861984439,
    40.799292222402));
#366 = CARTESIAN_POINT('',(1.571947952785,-16.92837387201,40.48991944658
    ));
#367 = CARTESIAN_POINT('',(1.741514055356,-16.9119033178,40.302468235137
    ));
#368 = CARTESIAN_POINT('',(1.880099652084,-16.89670142596,
    40.100641082395));
#369 = CARTESIAN_POINT('',(1.989073922829,-16.88377051429,
    39.888970249937));
#370 = CARTESIAN_POINT('',(2.069763145015,-16.87372637937,39.67080968802
    ));
#371 = CARTESIAN_POINT('',(2.123209661924,-16.86691149697,
    39.448676517722));
#372 = CARTESIAN_POINT('',(2.15,-16.8634960788,39.22449691647));
#373 = CARTESIAN_POINT('',(2.15,-16.8634960788,39.));
#374 = PCURVE('',#32,#375);
#375 = DEFINITIONAL_REPRESENTATION('',(#376),#446);
#376 = B_SPLINE_CURVE_WITH_KNOTS('',3,(#377,#378,#379,#380,#381,#382,
    #383,#384,#385,#386,#387,#388,#389,#390,#391,#392,#393,#394,#395,
    #396,#397,#398,#399,#400,#401,#402,#403,#404,#405,#406,#407,#408,
    #409,#410,#411,#412,#413,#414,#415,#416,#417,#418,#419,#420,#421,
    #422,#423,#424,#425,#426,#427,#428,#429,#430,#431,#432,#433,#434,
    #435,#436,#437,#438,#439,#440,#441,#442,#443,#444,#445),
  .UNSPECIFIED.,.T.,.F.,(4,1,1,1,1,1,1,1,1,1,1,1,1,1,1,1,1,1,1,1,1,1,1,1
    ,1,1,1,1,1,1,1,1,1,1,1,1,1,1,1,1,1,1,1,1,1,1,1,1,1,1,1,1,1,1,1,1,1,1
    ,1,1,1,1,1,1,1,1,4),(0.749675683211,0.764827198362,0.779978713514,
    0.795130228665,0.810281743817,0.825433258968,0.84058477412,
    0.855736289271,0.870887804423,0.886039319574,0.901190834726,
    0.916342349877,0.931493865029,0.94664538018,0.961796895332,
    0.976948410483,0.992099925635,1.007251440786,1.022402955938,
    1.037554471089,1.052705986241,1.067857501392,1.083009016544,
    1.098160531695,1.113312046847,1.128463561999,1.14361507715,
    1.158766592302,1.173918107453,1.189069622605,1.204221137756,
    1.219372652908,1.234524168059,1.249675683211,1.264827198362,
    1.279978713514,1.295130228665,1.310281743817,1.325433258968,
    1.34058477412,1.355736289271,1.370887804423,1.386039319574,
    1.401190834726,1.416342349877,1.431493865029,1.44664538018,
    1.461796895332,1.476948410483,1.492099925635,1.507251440786,
    1.522402955938,1.537554471089,1.552705986241,1.567857501392,
    1.583009016544,1.598160531695,1.613312046847,1.628463561999,
    1.64361507715,1.658766592302,1.673918107453,1.689069622605,
    1.704221137756,1.719372652908,1.734524168059,1.749675683211),
  .QUASI_UNIFORM_KNOTS.);
#377 = CARTESIAN_POINT('',(-4.839199164137,-39.));
#378 = CARTESIAN_POINT('',(-4.839198724379,-38.94056365213));
#379 = CARTESIAN_POINT('',(-4.838907180183,-38.82171382831));
#380 = CARTESIAN_POINT('',(-4.837590848911,-38.6441767364));
#381 = CARTESIAN_POINT('',(-4.835390356827,-38.46801790659));
#382 = CARTESIAN_POINT('',(-4.832293995239,-38.29397739143));
#383 = CARTESIAN_POINT('',(-4.828286808018,-38.12288770215));
#384 = CARTESIAN_POINT('',(-4.82335074041,-37.9557025498));
#385 = CARTESIAN_POINT('',(-4.817465754537,-37.79351800713));
#386 = CARTESIAN_POINT('',(-4.810610487269,-37.63759346785));
#387 = CARTESIAN_POINT('',(-4.802764228062,-37.48939136807));
#388 = CARTESIAN_POINT('',(-4.793904771268,-37.35055805434));
#389 = CARTESIAN_POINT('',(-4.784022418344,-37.2231433624));
#390 = CARTESIAN_POINT('',(-4.773074779027,-37.10895277886));
#391 = CARTESIAN_POINT('',(-4.760929379194,-37.01000124887));
#392 = CARTESIAN_POINT('',(-4.747855798943,-36.93167125401));
#393 = CARTESIAN_POINT('',(-4.73408083913,-36.87725706037));
#394 = CARTESIAN_POINT('',(-4.719874831671,-36.84916018907));
#395 = CARTESIAN_POINT('',(-4.705516701655,-36.84856618747));
#396 = CARTESIAN_POINT('',(-4.691295890721,-36.87550704636));
#397 = CARTESIAN_POINT('',(-4.67748720212,-36.92887717497));
#398 = CARTESIAN_POINT('',(-4.664396548697,-37.00622775985));
#399 = CARTESIAN_POINT('',(-4.652325557758,-37.10325205177));
#400 = CARTESIAN_POINT('',(-4.641252987572,-37.21728416977));
#401 = CARTESIAN_POINT('',(-4.631209812869,-37.34566998438));
#402 = CARTESIAN_POINT('',(-4.622198588118,-37.48608258841));
#403 = CARTESIAN_POINT('',(-4.614217840029,-37.63640310264));
#404 = CARTESIAN_POINT('',(-4.607257782211,-37.79472719727));
#405 = CARTESIAN_POINT('',(-4.601303440355,-37.95933015773));
#406 = CARTESIAN_POINT('',(-4.596335131726,-38.12869227889));
#407 = CARTESIAN_POINT('',(-4.592330996024,-38.30133810395));
#408 = CARTESIAN_POINT('',(-4.589250340733,-38.47700670517));
#409 = CARTESIAN_POINT('',(-4.587080399306,-38.65481478779));
#410 = CARTESIAN_POINT('',(-4.585809838366,-38.83402114285));
#411 = CARTESIAN_POINT('',(-4.585432809279,-39.01389736455));
#412 = CARTESIAN_POINT('',(-4.585947670528,-39.193734472));
#413 = CARTESIAN_POINT('',(-4.587357068561,-39.37281234462));
#414 = CARTESIAN_POINT('',(-4.589667995619,-39.55038871648));
#415 = CARTESIAN_POINT('',(-4.592890631781,-39.72564901568));
#416 = CARTESIAN_POINT('',(-4.597042097047,-39.89779033578));
#417 = CARTESIAN_POINT('',(-4.602131780463,-40.06560028096));
#418 = CARTESIAN_POINT('',(-4.608218978755,-40.22901470519));
#419 = CARTESIAN_POINT('',(-4.615335742433,-40.38643996253));
#420 = CARTESIAN_POINT('',(-4.623490271036,-40.53578392919));
#421 = CARTESIAN_POINT('',(-4.632685690056,-40.67491633883));
#422 = CARTESIAN_POINT('',(-4.642912819562,-40.80152754572));
#423 = CARTESIAN_POINT('',(-4.654154881576,-40.91317368524));
#424 = CARTESIAN_POINT('',(-4.666368743175,-41.00715876765));
#425 = CARTESIAN_POINT('',(-4.679545994667,-41.08086100099));
#426 = CARTESIAN_POINT('',(-4.693475670987,-41.13042103412));
#427 = CARTESIAN_POINT('',(-4.707640457673,-41.15301029361));
#428 = CARTESIAN_POINT('',(-4.721861517677,-41.14847782619));
#429 = CARTESIAN_POINT('',(-4.735871495755,-41.11711386909));
#430 = CARTESIAN_POINT('',(-4.749434447414,-41.06022425942));
#431 = CARTESIAN_POINT('',(-4.76232399236,-40.97992794337));
#432 = CARTESIAN_POINT('',(-4.774330097857,-40.87930660641));
#433 = CARTESIAN_POINT('',(-4.785293039084,-40.76193851014));
#434 = CARTESIAN_POINT('',(-4.794999580675,-40.63355987612));
#435 = CARTESIAN_POINT('',(-4.803631447637,-40.4954161194));
#436 = CARTESIAN_POINT('',(-4.811293242286,-40.34802467284));
#437 = CARTESIAN_POINT('',(-4.817982310052,-40.193335433));
#438 = CARTESIAN_POINT('',(-4.823726066192,-40.03263698111));
#439 = CARTESIAN_POINT('',(-4.828543781331,-39.86715479336));
#440 = CARTESIAN_POINT('',(-4.832455542399,-39.69792346419));
#441 = CARTESIAN_POINT('',(-4.835478745396,-39.52585067301));
#442 = CARTESIAN_POINT('',(-4.837627795868,-39.35172512476));
#443 = CARTESIAN_POINT('',(-4.838913777914,-39.17624698904));
#444 = CARTESIAN_POINT('',(-4.839198722304,-39.05876211935));
#445 = CARTESIAN_POINT('',(-4.839199164137,-39.));
#446 = ( GEOMETRIC_REPRESENTATION_CONTEXT(2) 
PARAMETRIC_REPRESENTATION_CONTEXT() REPRESENTATION_CONTEXT('2D SPACE',''
  ) );
#447 = PCURVE('',#448,#453);
#448 = CYLINDRICAL_SURFACE('',#449,2.15);
#449 = AXIS2_PLACEMENT_3D('',#450,#451,#452);
#450 = CARTESIAN_POINT('',(0.,17.,39.));
#451 = DIRECTION('',(-0.,1.,-0.));
#452 = DIRECTION('',(1.,0.,0.));
#453 = DEFINITIONAL_REPRESENTATION('',(#454),#524);
#454 = B_SPLINE_CURVE_WITH_KNOTS('',3,(#455,#456,#457,#458,#459,#460,
    #461,#462,#463,#464,#465,#466,#467,#468,#469,#470,#471,#472,#473,
    #474,#475,#476,#477,#478,#479,#480,#481,#482,#483,#484,#485,#486,
    #487,#488,#489,#490,#491,#492,#493,#494,#495,#496,#497,#498,#499,
    #500,#501,#502,#503,#504,#505,#506,#507,#508,#509,#510,#511,#512,
    #513,#514,#515,#516,#517,#518,#519,#520,#521,#522,#523),
  .UNSPECIFIED.,.F.,.F.,(4,1,1,1,1,1,1,1,1,1,1,1,1,1,1,1,1,1,1,1,1,1,1,1
    ,1,1,1,1,1,1,1,1,1,1,1,1,1,1,1,1,1,1,1,1,1,1,1,1,1,1,1,1,1,1,1,1,1,1
    ,1,1,1,1,1,1,1,1,4),(0.749675683211,0.764827198362,0.779978713514,
    0.795130228665,0.810281743817,0.825433258968,0.84058477412,
    0.855736289271,0.870887804423,0.886039319574,0.901190834726,
    0.916342349877,0.931493865029,0.94664538018,0.961796895332,
    0.976948410483,0.992099925635,1.007251440786,1.022402955938,
    1.037554471089,1.052705986241,1.067857501392,1.083009016544,
    1.098160531695,1.113312046847,1.128463561999,1.14361507715,
    1.158766592302,1.173918107453,1.189069622605,1.204221137756,
    1.219372652908,1.234524168059,1.249675683211,1.264827198362,
    1.279978713514,1.295130228665,1.310281743817,1.325433258968,
    1.34058477412,1.355736289271,1.370887804423,1.386039319574,
    1.401190834726,1.416342349877,1.431493865029,1.44664538018,
    1.461796895332,1.476948410483,1.492099925635,1.507251440786,
    1.522402955938,1.537554471089,1.552705986241,1.567857501392,
    1.583009016544,1.598160531695,1.613312046847,1.628463561999,
    1.64361507715,1.658766592302,1.673918107453,1.689069622605,
    1.704221137756,1.719372652908,1.734524168059,1.749675683211),
  .QUASI_UNIFORM_KNOTS.);
#455 = CARTESIAN_POINT('',(-6.28318530718,-33.8634960788));
#456 = CARTESIAN_POINT('',(-6.255539129693,-33.86349372495));
#457 = CARTESIAN_POINT('',(-6.200262180852,-33.86412646427));
#458 = CARTESIAN_POINT('',(-6.117114997864,-33.86694004199));
#459 = CARTESIAN_POINT('',(-6.033454707161,-33.87158209293));
#460 = CARTESIAN_POINT('',(-5.949011755281,-33.87797505254));
#461 = CARTESIAN_POINT('',(-5.863518822335,-33.88600894009));
#462 = CARTESIAN_POINT('',(-5.776707649958,-33.89553287932));
#463 = CARTESIAN_POINT('',(-5.688304654871,-33.90635049084));
#464 = CARTESIAN_POINT('',(-5.5980234887,-33.91821420075));
#465 = CARTESIAN_POINT('',(-5.505568469112,-33.93081814747));
#466 = CARTESIAN_POINT('',(-5.410593603333,-33.94379781056));
#467 = CARTESIAN_POINT('',(-5.312821972473,-33.95670661545));
#468 = CARTESIAN_POINT('',(-5.211557519788,-33.96908333811));
#469 = CARTESIAN_POINT('',(-5.105342912201,-33.98042949292));
#470 = CARTESIAN_POINT('',(-4.995988204864,-33.98982199434));
#471 = CARTESIAN_POINT('',(-4.884383092923,-33.99655870112));
#472 = CARTESIAN_POINT('',(-4.771488657926,-34.00010544859));
#473 = CARTESIAN_POINT('',(-4.658138348785,-34.0001809046));
#474 = CARTESIAN_POINT('',(-4.545187404438,-33.99677832114));
#475 = CARTESIAN_POINT('',(-4.433431447017,-33.9901633404));
#476 = CARTESIAN_POINT('',(-4.324095581244,-33.98087499715));
#477 = CARTESIAN_POINT('',(-4.218792806618,-33.96972227149));
#478 = CARTESIAN_POINT('',(-4.116723542827,-33.95732028852));
#479 = CARTESIAN_POINT('',(-4.017672529124,-33.94427099787));
#480 = CARTESIAN_POINT('',(-3.921323963018,-33.93110838482));
#481 = CARTESIAN_POINT('',(-3.827432947233,-33.91830317738));
#482 = CARTESIAN_POINT('',(-3.735768606513,-33.90625658937));
#483 = CARTESIAN_POINT('',(-3.646125710706,-33.89530124581));
#484 = CARTESIAN_POINT('',(-3.558298102746,-33.88570226999));
#485 = CARTESIAN_POINT('',(-3.47214265693,-33.87766357256));
#486 = CARTESIAN_POINT('',(-3.387011014593,-33.87129519892));
#487 = CARTESIAN_POINT('',(-3.30265052853,-33.86671342857));
#488 = CARTESIAN_POINT('',(-3.218778697842,-33.86399389831));
#489 = CARTESIAN_POINT('',(-3.135136242785,-33.86318166913));
#490 = CARTESIAN_POINT('',(-3.051466832581,-33.86429023384));
#491 = CARTESIAN_POINT('',(-2.967518242264,-33.8673020335));
#492 = CARTESIAN_POINT('',(-2.883033036182,-33.87216792178));
#493 = CARTESIAN_POINT('',(-2.797760255243,-33.87880342955));
#494 = CARTESIAN_POINT('',(-2.711392916918,-33.88709315813));
#495 = CARTESIAN_POINT('',(-2.623779242274,-33.8968603117));
#496 = CARTESIAN_POINT('',(-2.534052963875,-33.90796878775));
#497 = CARTESIAN_POINT('',(-2.441978238002,-33.92016238126));
#498 = CARTESIAN_POINT('',(-2.347498550594,-33.93308079804));
#499 = CARTESIAN_POINT('',(-2.250470931012,-33.94629727253));
#500 = CARTESIAN_POINT('',(-2.150741760437,-33.95931316052));
#501 = CARTESIAN_POINT('',(-2.048086333465,-33.97157162946));
#502 = CARTESIAN_POINT('',(-1.942345880758,-33.98245767444));
#503 = CARTESIAN_POINT('',(-1.832900516669,-33.99135784885));
#504 = CARTESIAN_POINT('',(-1.720582560539,-33.99752335054));
#505 = CARTESIAN_POINT('',(-1.608274553267,-34.00038142139));
#506 = CARTESIAN_POINT('',(-1.495982794806,-33.99980553745));
#507 = CARTESIAN_POINT('',(-1.384436564371,-33.99585421256));
#508 = CARTESIAN_POINT('',(-1.274192203105,-33.98883419904));
#509 = CARTESIAN_POINT('',(-1.165895693431,-33.97924965785));
#510 = CARTESIAN_POINT('',(-1.060336000687,-33.96777334795));
#511 = CARTESIAN_POINT('',(-0.958194608312,-33.95514390104));
#512 = CARTESIAN_POINT('',(-0.861252318795,-33.94225954316));
#513 = CARTESIAN_POINT('',(-0.76780423122,-33.92947163884));
#514 = CARTESIAN_POINT('',(-0.676594204439,-33.91706500174));
#515 = CARTESIAN_POINT('',(-0.587549698524,-33.90542173492));
#516 = CARTESIAN_POINT('',(-0.500311970649,-33.89482127949));
#517 = CARTESIAN_POINT('',(-0.414620740556,-33.88550054742));
#518 = CARTESIAN_POINT('',(-0.330203594484,-33.87764468539));
#519 = CARTESIAN_POINT('',(-0.246799184545,-33.8713967886));
#520 = CARTESIAN_POINT('',(-0.164144658112,-33.86686123529));
#521 = CARTESIAN_POINT('',(-8.197474908856E-02,-33.8641121331));
#522 = CARTESIAN_POINT('',(-2.733246821488E-02,-33.86349386808));
#523 = CARTESIAN_POINT('',(0.,-33.8634960788));
#524 = ( GEOMETRIC_REPRESENTATION_CONTEXT(2) 
PARAMETRIC_REPRESENTATION_CONTEXT() REPRESENTATION_CONTEXT('2D SPACE',''
  ) );
#525 = FACE_BOUND('',#526,.F.);
#526 = EDGE_LOOP('',(#527));
#527 = ORIENTED_EDGE('',*,*,#528,.F.);
#528 = EDGE_CURVE('',#529,#529,#531,.T.);
#529 = VERTEX_POINT('',#530);
#530 = CARTESIAN_POINT('',(2.15,16.863496078809,11.));
#531 = SURFACE_CURVE('',#532,(#584,#657),.PCURVE_S1.);
#532 = B_SPLINE_CURVE_WITH_KNOTS('',8,(#533,#534,#535,#536,#537,#538,
    #539,#540,#541,#542,#543,#544,#545,#546,#547,#548,#549,#550,#551,
    #552,#553,#554,#555,#556,#557,#558,#559,#560,#561,#562,#563,#564,
    #565,#566,#567,#568,#569,#570,#571,#572,#573,#574,#575,#576,#577,
    #578,#579,#580,#581,#582,#583),.UNSPECIFIED.,.T.,.F.,(9,7,7,7,7,7,7,
    9),(0.,0.154348390346,0.286477302599,0.411748289521,0.568762742904,
    0.707227141401,0.828127668181,1.),.UNSPECIFIED.);
#533 = CARTESIAN_POINT('',(2.15,16.863496078809,11.));
#534 = CARTESIAN_POINT('',(2.15,16.863496078809,11.224496916468));
#535 = CARTESIAN_POINT('',(2.123209661923,16.866911496978,
    11.448676517727));
#536 = CARTESIAN_POINT('',(2.069763145017,16.873726379378,
    11.670809688015));
#537 = CARTESIAN_POINT('',(1.989073922828,16.883770514293,
    11.888970249937));
#538 = CARTESIAN_POINT('',(1.880099652082,16.896701425968,12.1006410824)
  );
#539 = CARTESIAN_POINT('',(1.741514055359,16.911903317803,
    12.302468235133));
#540 = CARTESIAN_POINT('',(1.571947952783,16.928373872013,
    12.489919446581));
#541 = CARTESIAN_POINT('',(1.197980507833,16.958619844368,
    12.799292222495));
#542 = CARTESIAN_POINT('',(0.995720450753,16.97295879473,12.932047562961
    ));
#543 = CARTESIAN_POINT('',(0.766668550969,16.986230679868,
    13.043410154526));
#544 = CARTESIAN_POINT('',(0.516379311659,16.99668435992,13.124818538616
    ));
#545 = CARTESIAN_POINT('',(0.252452923598,17.002712457283,
    13.170597067388));
#546 = CARTESIAN_POINT('',(-1.647655965695E-02,17.003582237591,
    13.178023940357));
#547 = CARTESIAN_POINT('',(-0.281554025641,16.999554852567,
    13.147446336677));
#548 = CARTESIAN_POINT('',(-0.774674249089,16.984037579899,
    13.020834582881));
#549 = CARTESIAN_POINT('',(-0.996728189318,16.973172259104,
    12.93012911744));
#550 = CARTESIAN_POINT('',(-1.198611982038,16.96007192592,12.815731607)
  );
#551 = CARTESIAN_POINT('',(-1.379116559178,16.945875705031,
    12.682323470693));
#552 = CARTESIAN_POINT('',(-1.537722073159,16.931595946977,
    12.534063743849));
#553 = CARTESIAN_POINT('',(-1.674415095871,16.918042211972,
    12.374694341865));
#554 = CARTESIAN_POINT('',(-1.789601582931,16.90580845148,12.20758846177
    ));
#555 = CARTESIAN_POINT('',(-2.002452590467,16.882072588562,
    11.820413916385));
#556 = CARTESIAN_POINT('',(-2.089521532875,16.871403279381,
    11.595396688796));
#557 = CARTESIAN_POINT('',(-2.146649817442,16.863998546584,
    11.364487956316));
#558 = CARTESIAN_POINT('',(-2.174796809052,16.860252234557,
    11.130430585476));
#559 = CARTESIAN_POINT('',(-2.174436943528,16.860320936411,
    10.895518706188));
#560 = CARTESIAN_POINT('',(-2.145525092322,16.864174418542,
    10.661907073606));
#561 = CARTESIAN_POINT('',(-2.087460200979,16.871586805833,
    10.431908063787));
#562 = CARTESIAN_POINT('',(-1.921027286215,16.891294273378,
    10.011546505459));
#563 = CARTESIAN_POINT('',(-1.819012905135,16.902955970265,
    9.818703034106));
#564 = CARTESIAN_POINT('',(-1.691983085739,16.916714786512,
    9.632830432062));
#565 = CARTESIAN_POINT('',(-1.539030507622,16.932001721178,9.45733216827
    ));
#566 = CARTESIAN_POINT('',(-1.359534980128,16.947972730211,
    9.296329498276));
#567 = CARTESIAN_POINT('',(-1.153315445425,16.963454369262,
    9.154761716128));
#568 = CARTESIAN_POINT('',(-0.920938169187,16.976978303317,
    9.038587168069));
#569 = CARTESIAN_POINT('',(-0.440377856218,16.995773709768,
    8.882443657158));
#570 = CARTESIAN_POINT('',(-0.201300506698,17.001743179737,
    8.835770128948));
#571 = CARTESIAN_POINT('',(4.625999578383E-02,17.003874214283,
    8.82023260834));
#572 = CARTESIAN_POINT('',(0.294685568187,17.001561500262,8.837918953359
    ));
#573 = CARTESIAN_POINT('',(0.536113076297,16.994964497023,8.88808420533)
  );
#574 = CARTESIAN_POINT('',(0.763184944962,16.985086086314,8.96722676694)
  );
#575 = CARTESIAN_POINT('',(0.969881855361,16.973292530428,9.069101749815
    ));
#576 = CARTESIAN_POINT('',(1.41096622823,16.94333299089,9.349022404684)
  );
#577 = CARTESIAN_POINT('',(1.628876119593,16.923993117276,9.54652396045)
  );
#578 = CARTESIAN_POINT('',(1.806418325057,16.905355732468,9.76622879266)
  );
#579 = CARTESIAN_POINT('',(1.945524588239,16.889177637945,
    10.000766979398));
#580 = CARTESIAN_POINT('',(2.048177798961,16.876477110728,
    10.244830406293));
#581 = CARTESIAN_POINT('',(2.116014364504,16.867829201046,10.49457552948
    ));
#582 = CARTESIAN_POINT('',(2.15,16.863496078809,10.747146200729));
#583 = CARTESIAN_POINT('',(2.15,16.863496078809,11.));
#584 = PCURVE('',#32,#585);
#585 = DEFINITIONAL_REPRESENTATION('',(#586),#656);
#586 = B_SPLINE_CURVE_WITH_KNOTS('',3,(#587,#588,#589,#590,#591,#592,
    #593,#594,#595,#596,#597,#598,#599,#600,#601,#602,#603,#604,#605,
    #606,#607,#608,#609,#610,#611,#612,#613,#614,#615,#616,#617,#618,
    #619,#620,#621,#622,#623,#624,#625,#626,#627,#628,#629,#630,#631,
    #632,#633,#634,#635,#636,#637,#638,#639,#640,#641,#642,#643,#644,
    #645,#646,#647,#648,#649,#650,#651,#652,#653,#654,#655),
  .UNSPECIFIED.,.T.,.F.,(4,1,1,1,1,1,1,1,1,1,1,1,1,1,1,1,1,1,1,1,1,1,1,1
    ,1,1,1,1,1,1,1,1,1,1,1,1,1,1,1,1,1,1,1,1,1,1,1,1,1,1,1,1,1,1,1,1,1,1
    ,1,1,1,1,1,1,1,1,4),(0.,1.515151515152E-02,3.030303030303E-02,
    4.545454545455E-02,6.060606060606E-02,7.575757575758E-02,
    9.090909090909E-02,0.106060606061,0.121212121212,0.136363636364,
    0.151515151515,0.166666666667,0.181818181818,0.19696969697,
    0.212121212121,0.227272727273,0.242424242424,0.257575757576,
    0.272727272727,0.287878787879,0.30303030303,0.318181818182,
    0.333333333333,0.348484848485,0.363636363636,0.378787878788,
    0.393939393939,0.409090909091,0.424242424242,0.439393939394,
    0.454545454545,0.469696969697,0.484848484848,0.5,0.515151515152,
    0.530303030303,0.545454545455,0.560606060606,0.575757575758,
    0.590909090909,0.606060606061,0.621212121212,0.636363636364,
    0.651515151515,0.666666666667,0.681818181818,0.69696969697,
    0.712121212121,0.727272727273,0.742424242424,0.757575757576,
    0.772727272727,0.787878787879,0.80303030303,0.818181818182,
    0.833333333333,0.848484848485,0.863636363636,0.878787878788,
    0.893939393939,0.909090909091,0.924242424242,0.939393939394,
    0.954545454545,0.969696969697,0.984848484848,1.),
  .QUASI_UNIFORM_KNOTS.);
#587 = CARTESIAN_POINT('',(-1.443986143043,-11.));
#588 = CARTESIAN_POINT('',(-1.443986584876,-11.05876211935));
#589 = CARTESIAN_POINT('',(-1.444271529266,-11.17624698904));
#590 = CARTESIAN_POINT('',(-1.445557511312,-11.35172512477));
#591 = CARTESIAN_POINT('',(-1.447706561783,-11.52585067301));
#592 = CARTESIAN_POINT('',(-1.450729764781,-11.69792346419));
#593 = CARTESIAN_POINT('',(-1.454641525849,-11.86715479337));
#594 = CARTESIAN_POINT('',(-1.459459240988,-12.03263698112));
#595 = CARTESIAN_POINT('',(-1.465202997128,-12.19333543301));
#596 = CARTESIAN_POINT('',(-1.471892064894,-12.34802467286));
#597 = CARTESIAN_POINT('',(-1.479553859543,-12.49541611942));
#598 = CARTESIAN_POINT('',(-1.488185726505,-12.63355987618));
#599 = CARTESIAN_POINT('',(-1.497892268096,-12.76193851021));
#600 = CARTESIAN_POINT('',(-1.508855209323,-12.87930660645));
#601 = CARTESIAN_POINT('',(-1.52086131482,-12.97992794338));
#602 = CARTESIAN_POINT('',(-1.533750859767,-13.06022425942));
#603 = CARTESIAN_POINT('',(-1.547313811425,-13.1171138691));
#604 = CARTESIAN_POINT('',(-1.561323789504,-13.14847782619));
#605 = CARTESIAN_POINT('',(-1.575544849508,-13.15301029361));
#606 = CARTESIAN_POINT('',(-1.589709636194,-13.13042103412));
#607 = CARTESIAN_POINT('',(-1.603639312513,-13.08086100099));
#608 = CARTESIAN_POINT('',(-1.616816564005,-13.00715876765));
#609 = CARTESIAN_POINT('',(-1.629030425605,-12.91317368523));
#610 = CARTESIAN_POINT('',(-1.640272487618,-12.80152754572));
#611 = CARTESIAN_POINT('',(-1.650499617124,-12.67491633882));
#612 = CARTESIAN_POINT('',(-1.659695036145,-12.53578392918));
#613 = CARTESIAN_POINT('',(-1.667849564747,-12.38643996252));
#614 = CARTESIAN_POINT('',(-1.674966328425,-12.22901470518));
#615 = CARTESIAN_POINT('',(-1.681053526717,-12.06560028095));
#616 = CARTESIAN_POINT('',(-1.686143210133,-11.89779033577));
#617 = CARTESIAN_POINT('',(-1.690294675398,-11.72564901567));
#618 = CARTESIAN_POINT('',(-1.693517311561,-11.55038871647));
#619 = CARTESIAN_POINT('',(-1.695828238619,-11.37281234461));
#620 = CARTESIAN_POINT('',(-1.697237636652,-11.193734472));
#621 = CARTESIAN_POINT('',(-1.6977524979,-11.01389736454));
#622 = CARTESIAN_POINT('',(-1.697375468813,-10.83402114284));
#623 = CARTESIAN_POINT('',(-1.696104907874,-10.65481478779));
#624 = CARTESIAN_POINT('',(-1.693934966446,-10.47700670517));
#625 = CARTESIAN_POINT('',(-1.690854311155,-10.30133810394));
#626 = CARTESIAN_POINT('',(-1.686850175453,-10.12869227889));
#627 = CARTESIAN_POINT('',(-1.681881866824,-9.959330157729));
#628 = CARTESIAN_POINT('',(-1.675927524968,-9.794727197269));
#629 = CARTESIAN_POINT('',(-1.66896746715,-9.636403102645));
#630 = CARTESIAN_POINT('',(-1.660986719061,-9.486082588409));
#631 = CARTESIAN_POINT('',(-1.65197549431,-9.345669984387));
#632 = CARTESIAN_POINT('',(-1.641932319607,-9.217284169771));
#633 = CARTESIAN_POINT('',(-1.630859749421,-9.103252051774));
#634 = CARTESIAN_POINT('',(-1.618788758483,-9.006227759854));
#635 = CARTESIAN_POINT('',(-1.60569810506,-8.928877174975));
#636 = CARTESIAN_POINT('',(-1.591889416458,-8.87550704636));
#637 = CARTESIAN_POINT('',(-1.577668605525,-8.848566187477));
#638 = CARTESIAN_POINT('',(-1.563310475509,-8.84916018907));
#639 = CARTESIAN_POINT('',(-1.54910446805,-8.877257060376));
#640 = CARTESIAN_POINT('',(-1.535329508237,-8.931671254012));
#641 = CARTESIAN_POINT('',(-1.522255927986,-9.010001248871));
#642 = CARTESIAN_POINT('',(-1.510110528153,-9.10895277886));
#643 = CARTESIAN_POINT('',(-1.499162888836,-9.223143362407));
#644 = CARTESIAN_POINT('',(-1.489280535912,-9.350558054343));
#645 = CARTESIAN_POINT('',(-1.480421079118,-9.489391368069));
#646 = CARTESIAN_POINT('',(-1.47257481991,-9.637593467858));
#647 = CARTESIAN_POINT('',(-1.465719552643,-9.793518007131));
#648 = CARTESIAN_POINT('',(-1.45983456677,-9.9557025498));
#649 = CARTESIAN_POINT('',(-1.454898499161,-10.12288770215));
#650 = CARTESIAN_POINT('',(-1.450891311941,-10.29397739143));
#651 = CARTESIAN_POINT('',(-1.447794950352,-10.46801790659));
#652 = CARTESIAN_POINT('',(-1.445594458269,-10.6441767364));
#653 = CARTESIAN_POINT('',(-1.444278126996,-10.82171382831));
#654 = CARTESIAN_POINT('',(-1.4439865828,-10.94056365213));
#655 = CARTESIAN_POINT('',(-1.443986143043,-11.));
#656 = ( GEOMETRIC_REPRESENTATION_CONTEXT(2) 
PARAMETRIC_REPRESENTATION_CONTEXT() REPRESENTATION_CONTEXT('2D SPACE',''
  ) );
#657 = PCURVE('',#658,#663);
#658 = CYLINDRICAL_SURFACE('',#659,2.15);
#659 = AXIS2_PLACEMENT_3D('',#660,#661,#662);
#660 = CARTESIAN_POINT('',(0.,17.,11.));
#661 = DIRECTION('',(-0.,1.,-0.));
#662 = DIRECTION('',(1.,0.,0.));
#663 = DEFINITIONAL_REPRESENTATION('',(#664),#734);
#664 = B_SPLINE_CURVE_WITH_KNOTS('',3,(#665,#666,#667,#668,#669,#670,
    #671,#672,#673,#674,#675,#676,#677,#678,#679,#680,#681,#682,#683,
    #684,#685,#686,#687,#688,#689,#690,#691,#692,#693,#694,#695,#696,
    #697,#698,#699,#700,#701,#702,#703,#704,#705,#706,#707,#708,#709,
    #710,#711,#712,#713,#714,#715,#716,#717,#718,#719,#720,#721,#722,
    #723,#724,#725,#726,#727,#728,#729,#730,#731,#732,#733),
  .UNSPECIFIED.,.F.,.F.,(4,1,1,1,1,1,1,1,1,1,1,1,1,1,1,1,1,1,1,1,1,1,1,1
    ,1,1,1,1,1,1,1,1,1,1,1,1,1,1,1,1,1,1,1,1,1,1,1,1,1,1,1,1,1,1,1,1,1,1
    ,1,1,1,1,1,1,1,1,4),(0.,1.515151515152E-02,3.030303030303E-02,
    4.545454545455E-02,6.060606060606E-02,7.575757575758E-02,
    9.090909090909E-02,0.106060606061,0.121212121212,0.136363636364,
    0.151515151515,0.166666666667,0.181818181818,0.19696969697,
    0.212121212121,0.227272727273,0.242424242424,0.257575757576,
    0.272727272727,0.287878787879,0.30303030303,0.318181818182,
    0.333333333333,0.348484848485,0.363636363636,0.378787878788,
    0.393939393939,0.409090909091,0.424242424242,0.439393939394,
    0.454545454545,0.469696969697,0.484848484848,0.5,0.515151515152,
    0.530303030303,0.545454545455,0.560606060606,0.575757575758,
    0.590909090909,0.606060606061,0.621212121212,0.636363636364,
    0.651515151515,0.666666666667,0.681818181818,0.69696969697,
    0.712121212121,0.727272727273,0.742424242424,0.757575757576,
    0.772727272727,0.787878787879,0.80303030303,0.818181818182,
    0.833333333333,0.848484848485,0.863636363636,0.878787878788,
    0.893939393939,0.909090909091,0.924242424242,0.939393939394,
    0.954545454545,0.969696969697,0.984848484848,1.),
  .QUASI_UNIFORM_KNOTS.);
#665 = CARTESIAN_POINT('',(0.,-0.136503921191));
#666 = CARTESIAN_POINT('',(-2.733246821497E-02,-0.136506131911));
#667 = CARTESIAN_POINT('',(-8.197474908903E-02,-0.135887866895));
#668 = CARTESIAN_POINT('',(-0.164144658114,-0.133138764709));
#669 = CARTESIAN_POINT('',(-0.246799184547,-0.1286032114));
#670 = CARTESIAN_POINT('',(-0.330203594486,-0.122355314604));
#671 = CARTESIAN_POINT('',(-0.414620740559,-0.114499452575));
#672 = CARTESIAN_POINT('',(-0.500311970653,-0.105178720503));
#673 = CARTESIAN_POINT('',(-0.587549698529,-9.457826507646E-02));
#674 = CARTESIAN_POINT('',(-0.676594204446,-8.293499826077E-02));
#675 = CARTESIAN_POINT('',(-0.767804231231,-7.052836116159E-02));
#676 = CARTESIAN_POINT('',(-0.861252318816,-5.774045684393E-02));
#677 = CARTESIAN_POINT('',(-0.958194608336,-4.485609897209E-02));
#678 = CARTESIAN_POINT('',(-1.060336000701,-3.222665205331E-02));
#679 = CARTESIAN_POINT('',(-1.16589569344,-2.075034214997E-02));
#680 = CARTESIAN_POINT('',(-1.274192203113,-1.116580095524E-02));
#681 = CARTESIAN_POINT('',(-1.384436564378,-4.145787438335E-03));
#682 = CARTESIAN_POINT('',(-1.495982794814,-1.944625440442E-04));
#683 = CARTESIAN_POINT('',(-1.608274553274,3.814213948079E-04));
#684 = CARTESIAN_POINT('',(-1.720582560546,-2.476649458657E-03));
#685 = CARTESIAN_POINT('',(-1.832900516675,-8.642151142071E-03));
#686 = CARTESIAN_POINT('',(-1.942345880764,-1.754232555445E-02));
#687 = CARTESIAN_POINT('',(-2.048086333471,-2.842837053835E-02));
#688 = CARTESIAN_POINT('',(-2.150741760442,-4.068683947514E-02));
#689 = CARTESIAN_POINT('',(-2.250470931018,-5.370272747036E-02));
#690 = CARTESIAN_POINT('',(-2.3474985506,-6.691920195489E-02));
#691 = CARTESIAN_POINT('',(-2.441978238007,-7.983761873225E-02));
#692 = CARTESIAN_POINT('',(-2.53405296388,-9.203121225107E-02));
#693 = CARTESIAN_POINT('',(-2.623779242278,-0.103139688291));
#694 = CARTESIAN_POINT('',(-2.711392916922,-0.112906841865));
#695 = CARTESIAN_POINT('',(-2.797760255247,-0.121196570445));
#696 = CARTESIAN_POINT('',(-2.883033036186,-0.127832078214));
#697 = CARTESIAN_POINT('',(-2.967518242268,-0.132697966495));
#698 = CARTESIAN_POINT('',(-3.051466832585,-0.135709766154));
#699 = CARTESIAN_POINT('',(-3.135136242788,-0.136818330866));
#700 = CARTESIAN_POINT('',(-3.218778697845,-0.136006101687));
#701 = CARTESIAN_POINT('',(-3.302650528533,-0.133286571421));
#702 = CARTESIAN_POINT('',(-3.387011014595,-0.128704801072));
#703 = CARTESIAN_POINT('',(-3.472142656933,-0.122336427436));
#704 = CARTESIAN_POINT('',(-3.558298102749,-0.114297730001));
#705 = CARTESIAN_POINT('',(-3.646125710708,-0.104698754189));
#706 = CARTESIAN_POINT('',(-3.735768606516,-9.374341062323E-02));
#707 = CARTESIAN_POINT('',(-3.827432947235,-8.169682261796E-02));
#708 = CARTESIAN_POINT('',(-3.921323963019,-6.889161517887E-02));
#709 = CARTESIAN_POINT('',(-4.017672529125,-5.572900212998E-02));
#710 = CARTESIAN_POINT('',(-4.116723542828,-4.267971147328E-02));
#711 = CARTESIAN_POINT('',(-4.218792806619,-3.027772850963E-02));
#712 = CARTESIAN_POINT('',(-4.324095581245,-1.912500284346E-02));
#713 = CARTESIAN_POINT('',(-4.433431447017,-9.836659594663E-03));
#714 = CARTESIAN_POINT('',(-4.545187404438,-3.221678858234E-03));
#715 = CARTESIAN_POINT('',(-4.658138348785,1.809046056889E-04));
#716 = CARTESIAN_POINT('',(-4.771488657926,1.054485900202E-04));
#717 = CARTESIAN_POINT('',(-4.884383092922,-3.441298871321E-03));
#718 = CARTESIAN_POINT('',(-4.995988204863,-1.01780056527E-02));
#719 = CARTESIAN_POINT('',(-5.1053429122,-1.957050707349E-02));
#720 = CARTESIAN_POINT('',(-5.211557519786,-3.091666188741E-02));
#721 = CARTESIAN_POINT('',(-5.312821972472,-4.329338454529E-02));
#722 = CARTESIAN_POINT('',(-5.410593603331,-5.620218943123E-02));
#723 = CARTESIAN_POINT('',(-5.505568469111,-6.918185252702E-02));
#724 = CARTESIAN_POINT('',(-5.598023488699,-8.178579924669E-02));
#725 = CARTESIAN_POINT('',(-5.68830465487,-9.364950915266E-02));
#726 = CARTESIAN_POINT('',(-5.776707649957,-0.104467120679));
#727 = CARTESIAN_POINT('',(-5.863518822335,-0.113991059902));
#728 = CARTESIAN_POINT('',(-5.94901175528,-0.122024947454));
#729 = CARTESIAN_POINT('',(-6.03345470716,-0.128417907061));
#730 = CARTESIAN_POINT('',(-6.117114997864,-0.133059958007));
#731 = CARTESIAN_POINT('',(-6.200262180852,-0.135873535725));
#732 = CARTESIAN_POINT('',(-6.255539129693,-0.136506275048));
#733 = CARTESIAN_POINT('',(-6.28318530718,-0.136503921191));
#734 = ( GEOMETRIC_REPRESENTATION_CONTEXT(2) 
PARAMETRIC_REPRESENTATION_CONTEXT() REPRESENTATION_CONTEXT('2D SPACE',''
  ) );
#735 = FACE_BOUND('',#736,.F.);
#736 = EDGE_LOOP('',(#737));
#737 = ORIENTED_EDGE('',*,*,#738,.F.);
#738 = EDGE_CURVE('',#739,#739,#741,.T.);
#739 = VERTEX_POINT('',#740);
#740 = CARTESIAN_POINT('',(2.15,-16.8634960788,11.));
#741 = SURFACE_CURVE('',#742,(#794,#867),.PCURVE_S1.);
#742 = B_SPLINE_CURVE_WITH_KNOTS('',8,(#743,#744,#745,#746,#747,#748,
    #749,#750,#751,#752,#753,#754,#755,#756,#757,#758,#759,#760,#761,
    #762,#763,#764,#765,#766,#767,#768,#769,#770,#771,#772,#773,#774,
    #775,#776,#777,#778,#779,#780,#781,#782,#783,#784,#785,#786,#787,
    #788,#789,#790,#791,#792,#793),.UNSPECIFIED.,.T.,.F.,(9,7,7,7,7,7,7,
    9),(0.749675683851,0.92154801523,1.042448541701,1.180912939843,
    1.337927395404,1.463198381999,1.595327293907,1.749675683851),
  .UNSPECIFIED.);
#743 = CARTESIAN_POINT('',(2.15,-16.8634960788,11.));
#744 = CARTESIAN_POINT('',(2.15,-16.8634960788,10.74714620073));
#745 = CARTESIAN_POINT('',(2.116014364503,-16.86782920104,10.49457552948
    ));
#746 = CARTESIAN_POINT('',(2.048177798962,-16.87647711072,
    10.244830406294));
#747 = CARTESIAN_POINT('',(1.945524588238,-16.88917763794,
    10.000766979396));
#748 = CARTESIAN_POINT('',(1.806418325058,-16.90535573246,9.766228792662
    ));
#749 = CARTESIAN_POINT('',(1.628876119593,-16.92399311727,9.54652396045)
  );
#750 = CARTESIAN_POINT('',(1.410966228231,-16.94333299089,9.349022404684
    ));
#751 = CARTESIAN_POINT('',(0.969881855362,-16.97329253042,9.069101749816
    ));
#752 = CARTESIAN_POINT('',(0.763184944962,-16.98508608631,8.967226766939
    ));
#753 = CARTESIAN_POINT('',(0.536113076298,-16.99496449702,8.888084205331
    ));
#754 = CARTESIAN_POINT('',(0.294685568187,-17.00156150026,8.837918953359
    ));
#755 = CARTESIAN_POINT('',(4.625999578409E-02,-17.00387421428,
    8.82023260834));
#756 = CARTESIAN_POINT('',(-0.201300506698,-17.00174317973,
    8.835770128948));
#757 = CARTESIAN_POINT('',(-0.440377856217,-16.99577370976,
    8.882443657158));
#758 = CARTESIAN_POINT('',(-0.920938169187,-16.97697830331,
    9.038587168069));
#759 = CARTESIAN_POINT('',(-1.153315445426,-16.96345436926,
    9.154761716128));
#760 = CARTESIAN_POINT('',(-1.359534980128,-16.94797273021,
    9.296329498276));
#761 = CARTESIAN_POINT('',(-1.539030507622,-16.93200172117,9.45733216827
    ));
#762 = CARTESIAN_POINT('',(-1.69198308574,-16.91671478651,9.632830432062
    ));
#763 = CARTESIAN_POINT('',(-1.819012905135,-16.90295597026,
    9.818703034106));
#764 = CARTESIAN_POINT('',(-1.921027286215,-16.89129427337,
    10.011546505459));
#765 = CARTESIAN_POINT('',(-2.087460202432,-16.87158680566,
    10.431908067458));
#766 = CARTESIAN_POINT('',(-2.145525090482,-16.86417441876,
    10.661907062406));
#767 = CARTESIAN_POINT('',(-2.174436942633,-16.8603209365,10.8955187184)
  );
#768 = CARTESIAN_POINT('',(-2.17479681142,-16.86025223428,
    11.130430585556));
#769 = CARTESIAN_POINT('',(-2.14664981821,-16.8639985465,11.364487944098
    ));
#770 = CARTESIAN_POINT('',(-2.089521529513,-16.87140327975,
    11.595396699818));
#771 = CARTESIAN_POINT('',(-2.002452592418,-16.88207258834,
    11.820413912835));
#772 = CARTESIAN_POINT('',(-1.789601582931,-16.90580845148,
    12.20758846177));
#773 = CARTESIAN_POINT('',(-1.674415095871,-16.91804221197,
    12.374694341865));
#774 = CARTESIAN_POINT('',(-1.537722073159,-16.93159594697,
    12.534063743849));
#775 = CARTESIAN_POINT('',(-1.379116559178,-16.94587570503,
    12.682323470693));
#776 = CARTESIAN_POINT('',(-1.198611982038,-16.96007192592,12.815731607)
  );
#777 = CARTESIAN_POINT('',(-0.996728189318,-16.9731722591,12.93012911744
    ));
#778 = CARTESIAN_POINT('',(-0.774674249089,-16.98403757989,
    13.020834582881));
#779 = CARTESIAN_POINT('',(-0.281554025641,-16.99955485256,
    13.147446336677));
#780 = CARTESIAN_POINT('',(-1.647655965706E-02,-17.00358223759,
    13.178023940358));
#781 = CARTESIAN_POINT('',(0.252452923599,-17.00271245728,
    13.170597067386));
#782 = CARTESIAN_POINT('',(0.516379311657,-16.99668435992,
    13.124818538618));
#783 = CARTESIAN_POINT('',(0.766668550971,-16.98623067986,
    13.043410154525));
#784 = CARTESIAN_POINT('',(0.995720450753,-16.97295879475,
    12.932047562953));
#785 = CARTESIAN_POINT('',(1.197980507833,-16.9586198443,12.799292222523
    ));
#786 = CARTESIAN_POINT('',(1.571947952784,-16.92837387201,12.48991944658
    ));
#787 = CARTESIAN_POINT('',(1.741514055357,-16.9119033178,12.302468235136
    ));
#788 = CARTESIAN_POINT('',(1.880099652084,-16.89670142596,
    12.100641082396));
#789 = CARTESIAN_POINT('',(1.989073922829,-16.88377051429,
    11.888970249937));
#790 = CARTESIAN_POINT('',(2.069763145016,-16.87372637937,
    11.670809688019));
#791 = CARTESIAN_POINT('',(2.123209661924,-16.86691149697,
    11.448676517723));
#792 = CARTESIAN_POINT('',(2.15,-16.8634960788,11.22449691647));
#793 = CARTESIAN_POINT('',(2.15,-16.8634960788,11.));
#794 = PCURVE('',#32,#795);
#795 = DEFINITIONAL_REPRESENTATION('',(#796),#866);
#796 = B_SPLINE_CURVE_WITH_KNOTS('',3,(#797,#798,#799,#800,#801,#802,
    #803,#804,#805,#806,#807,#808,#809,#810,#811,#812,#813,#814,#815,
    #816,#817,#818,#819,#820,#821,#822,#823,#824,#825,#826,#827,#828,
    #829,#830,#831,#832,#833,#834,#835,#836,#837,#838,#839,#840,#841,
    #842,#843,#844,#845,#846,#847,#848,#849,#850,#851,#852,#853,#854,
    #855,#856,#857,#858,#859,#860,#861,#862,#863,#864,#865),
  .UNSPECIFIED.,.T.,.F.,(4,1,1,1,1,1,1,1,1,1,1,1,1,1,1,1,1,1,1,1,1,1,1,1
    ,1,1,1,1,1,1,1,1,1,1,1,1,1,1,1,1,1,1,1,1,1,1,1,1,1,1,1,1,1,1,1,1,1,1
    ,1,1,1,1,1,1,1,1,4),(0.749675683851,0.764827199003,0.779978714154,
    0.795130229306,0.810281744457,0.825433259609,0.84058477476,
    0.855736289912,0.870887805063,0.886039320215,0.901190835366,
    0.916342350518,0.931493865669,0.946645380821,0.961796895972,
    0.976948411124,0.992099926275,1.007251441427,1.022402956579,
    1.03755447173,1.052705986882,1.067857502033,1.083009017185,
    1.098160532336,1.113312047488,1.128463562639,1.143615077791,
    1.158766592942,1.173918108094,1.189069623245,1.204221138397,
    1.219372653548,1.2345241687,1.249675683851,1.264827199003,
    1.279978714154,1.295130229306,1.310281744457,1.325433259609,
    1.34058477476,1.355736289912,1.370887805063,1.386039320215,
    1.401190835366,1.416342350518,1.431493865669,1.446645380821,
    1.461796895972,1.476948411124,1.492099926275,1.507251441427,
    1.522402956579,1.53755447173,1.552705986882,1.567857502033,
    1.583009017185,1.598160532336,1.613312047488,1.628463562639,
    1.643615077791,1.658766592942,1.673918108094,1.689069623245,
    1.704221138397,1.719372653548,1.7345241687,1.749675683851),
  .QUASI_UNIFORM_KNOTS.);
#797 = CARTESIAN_POINT('',(-4.839199164137,-11.));
#798 = CARTESIAN_POINT('',(-4.839198724379,-10.94056365197));
#799 = CARTESIAN_POINT('',(-4.838907180182,-10.82171382785));
#800 = CARTESIAN_POINT('',(-4.837590848902,-10.6441767355));
#801 = CARTESIAN_POINT('',(-4.835390356808,-10.46801790524));
#802 = CARTESIAN_POINT('',(-4.832293995203,-10.29397738966));
#803 = CARTESIAN_POINT('',(-4.828286807962,-10.12288769998));
#804 = CARTESIAN_POINT('',(-4.823350740328,-9.955702547265));
#805 = CARTESIAN_POINT('',(-4.817465754424,-9.793518004273));
#806 = CARTESIAN_POINT('',(-4.81061048712,-9.637593464734));
#807 = CARTESIAN_POINT('',(-4.802764227871,-9.489391364751));
#808 = CARTESIAN_POINT('',(-4.793904771029,-9.350558050916));
#809 = CARTESIAN_POINT('',(-4.784022418053,-9.223143358999));
#810 = CARTESIAN_POINT('',(-4.773074778672,-9.108952775545));
#811 = CARTESIAN_POINT('',(-4.760929378774,-9.010001245884));
#812 = CARTESIAN_POINT('',(-4.747855798461,-8.931671251596));
#813 = CARTESIAN_POINT('',(-4.734080838591,-8.877257058759));
#814 = CARTESIAN_POINT('',(-4.719874831084,-8.849160188454));
#815 = CARTESIAN_POINT('',(-4.705516701031,-8.848566188031));
#816 = CARTESIAN_POINT('',(-4.691295890074,-8.875507048197));
#817 = CARTESIAN_POINT('',(-4.677487201462,-8.928877178166));
#818 = CARTESIAN_POINT('',(-4.664396548052,-9.006227764326));
#819 = CARTESIAN_POINT('',(-4.652325557135,-9.103252057456));
#820 = CARTESIAN_POINT('',(-4.641252986977,-9.217284176607));
#821 = CARTESIAN_POINT('',(-4.631209812308,-9.345669992311));
#822 = CARTESIAN_POINT('',(-4.622198587596,-9.486082597353));
#823 = CARTESIAN_POINT('',(-4.614217839551,-9.636403112533));
#824 = CARTESIAN_POINT('',(-4.607257781781,-9.794727208035));
#825 = CARTESIAN_POINT('',(-4.601303439978,-9.959330169263));
#826 = CARTESIAN_POINT('',(-4.596335131403,-10.12869229124));
#827 = CARTESIAN_POINT('',(-4.592330995763,-10.30133811657));
#828 = CARTESIAN_POINT('',(-4.589250340599,-10.47700671369));
#829 = CARTESIAN_POINT('',(-4.587080399258,-10.65481479424));
#830 = CARTESIAN_POINT('',(-4.585809838358,-10.83402114746));
#831 = CARTESIAN_POINT('',(-4.585432809277,-11.01389736668));
#832 = CARTESIAN_POINT('',(-4.585947670516,-11.19373447108));
#833 = CARTESIAN_POINT('',(-4.587357068532,-11.37281234099));
#834 = CARTESIAN_POINT('',(-4.589667995549,-11.55038871093));
#835 = CARTESIAN_POINT('',(-4.592890631627,-11.7256490084));
#836 = CARTESIAN_POINT('',(-4.597042096742,-11.897790325));
#837 = CARTESIAN_POINT('',(-4.60213178006,-12.06560026885));
#838 = CARTESIAN_POINT('',(-4.608218978308,-12.2290146944));
#839 = CARTESIAN_POINT('',(-4.615335741933,-12.38643995247));
#840 = CARTESIAN_POINT('',(-4.623490270491,-12.53578392015));
#841 = CARTESIAN_POINT('',(-4.632685689472,-12.67491633083));
#842 = CARTESIAN_POINT('',(-4.642912818945,-12.80152753887));
#843 = CARTESIAN_POINT('',(-4.654154880931,-12.91317367959));
#844 = CARTESIAN_POINT('',(-4.666368742513,-13.00715876327));
#845 = CARTESIAN_POINT('',(-4.679545993987,-13.0808609979));
#846 = CARTESIAN_POINT('',(-4.693475670326,-13.13042103245));
#847 = CARTESIAN_POINT('',(-4.70764045704,-13.15301029323));
#848 = CARTESIAN_POINT('',(-4.721861517086,-13.14847782697));
#849 = CARTESIAN_POINT('',(-4.735871495214,-13.11711387085));
#850 = CARTESIAN_POINT('',(-4.749434446929,-13.06022426196));
#851 = CARTESIAN_POINT('',(-4.762323991937,-12.97992794649));
#852 = CARTESIAN_POINT('',(-4.774330097498,-12.8793066099));
#853 = CARTESIAN_POINT('',(-4.785293038788,-12.7619385138));
#854 = CARTESIAN_POINT('',(-4.794999580439,-12.63355987965));
#855 = CARTESIAN_POINT('',(-4.803631447446,-12.49541612279));
#856 = CARTESIAN_POINT('',(-4.811293242138,-12.34802467602));
#857 = CARTESIAN_POINT('',(-4.81798230994,-12.1933354359));
#858 = CARTESIAN_POINT('',(-4.82372606611,-12.03263698367));
#859 = CARTESIAN_POINT('',(-4.828543781275,-11.86715479555));
#860 = CARTESIAN_POINT('',(-4.832455542363,-11.69792346598));
#861 = CARTESIAN_POINT('',(-4.835478745377,-11.52585067436));
#862 = CARTESIAN_POINT('',(-4.83762779586,-11.35172512568));
#863 = CARTESIAN_POINT('',(-4.838913777912,-11.1762469895));
#864 = CARTESIAN_POINT('',(-4.839198722304,-11.0587621195));
#865 = CARTESIAN_POINT('',(-4.839199164137,-11.));
#866 = ( GEOMETRIC_REPRESENTATION_CONTEXT(2) 
PARAMETRIC_REPRESENTATION_CONTEXT() REPRESENTATION_CONTEXT('2D SPACE',''
  ) );
#867 = PCURVE('',#868,#873);
#868 = CYLINDRICAL_SURFACE('',#869,2.15);
#869 = AXIS2_PLACEMENT_3D('',#870,#871,#872);
#870 = CARTESIAN_POINT('',(0.,17.,11.));
#871 = DIRECTION('',(-0.,1.,-0.));
#872 = DIRECTION('',(1.,0.,0.));
#873 = DEFINITIONAL_REPRESENTATION('',(#874),#944);
#874 = B_SPLINE_CURVE_WITH_KNOTS('',3,(#875,#876,#877,#878,#879,#880,
    #881,#882,#883,#884,#885,#886,#887,#888,#889,#890,#891,#892,#893,
    #894,#895,#896,#897,#898,#899,#900,#901,#902,#903,#904,#905,#906,
    #907,#908,#909,#910,#911,#912,#913,#914,#915,#916,#917,#918,#919,
    #920,#921,#922,#923,#924,#925,#926,#927,#928,#929,#930,#931,#932,
    #933,#934,#935,#936,#937,#938,#939,#940,#941,#942,#943),
  .UNSPECIFIED.,.F.,.F.,(4,1,1,1,1,1,1,1,1,1,1,1,1,1,1,1,1,1,1,1,1,1,1,1
    ,1,1,1,1,1,1,1,1,1,1,1,1,1,1,1,1,1,1,1,1,1,1,1,1,1,1,1,1,1,1,1,1,1,1
    ,1,1,1,1,1,1,1,1,4),(0.749675683851,0.764827199003,0.779978714154,
    0.795130229306,0.810281744457,0.825433259609,0.84058477476,
    0.855736289912,0.870887805063,0.886039320215,0.901190835366,
    0.916342350518,0.931493865669,0.946645380821,0.961796895972,
    0.976948411124,0.992099926275,1.007251441427,1.022402956579,
    1.03755447173,1.052705986882,1.067857502033,1.083009017185,
    1.098160532336,1.113312047488,1.128463562639,1.143615077791,
    1.158766592942,1.173918108094,1.189069623245,1.204221138397,
    1.219372653548,1.2345241687,1.249675683851,1.264827199003,
    1.279978714154,1.295130229306,1.310281744457,1.325433259609,
    1.34058477476,1.355736289912,1.370887805063,1.386039320215,
    1.401190835366,1.416342350518,1.431493865669,1.446645380821,
    1.461796895972,1.476948411124,1.492099926275,1.507251441427,
    1.522402956579,1.53755447173,1.552705986882,1.567857502033,
    1.583009017185,1.598160532336,1.613312047488,1.628463562639,
    1.643615077791,1.658766592942,1.673918108094,1.689069623245,
    1.704221138397,1.719372653548,1.7345241687,1.749675683851),
  .QUASI_UNIFORM_KNOTS.);
#875 = CARTESIAN_POINT('',(-6.28318530718,-33.8634960788));
#876 = CARTESIAN_POINT('',(-6.255539129622,-33.86349372495));
#877 = CARTESIAN_POINT('',(-6.20026218064,-33.86412646427));
#878 = CARTESIAN_POINT('',(-6.117114997438,-33.86694004201));
#879 = CARTESIAN_POINT('',(-6.033454706516,-33.87158209298));
#880 = CARTESIAN_POINT('',(-5.949011754412,-33.87797505261));
#881 = CARTESIAN_POINT('',(-5.863518821235,-33.8860089402));
#882 = CARTESIAN_POINT('',(-5.776707648615,-33.89553287947));
#883 = CARTESIAN_POINT('',(-5.688304653273,-33.90635049105));
#884 = CARTESIAN_POINT('',(-5.598023486832,-33.918214201));
#885 = CARTESIAN_POINT('',(-5.505568466957,-33.93081814776));
#886 = CARTESIAN_POINT('',(-5.410593600867,-33.9437978109));
#887 = CARTESIAN_POINT('',(-5.312821969688,-33.95670661581));
#888 = CARTESIAN_POINT('',(-5.211557516596,-33.96908333848));
#889 = CARTESIAN_POINT('',(-5.105342908612,-33.98042949327));
#890 = CARTESIAN_POINT('',(-4.995988200901,-33.98982199464));
#891 = CARTESIAN_POINT('',(-4.88438308861,-33.99655870133));
#892 = CARTESIAN_POINT('',(-4.771488653289,-34.00010544866));
#893 = CARTESIAN_POINT('',(-4.658138343855,-34.00018090453));
#894 = CARTESIAN_POINT('',(-4.545187399259,-33.99677832091));
#895 = CARTESIAN_POINT('',(-4.433431441617,-33.99016334001));
#896 = CARTESIAN_POINT('',(-4.324095575755,-33.98087499662));
#897 = CARTESIAN_POINT('',(-4.218792801045,-33.96972227085));
#898 = CARTESIAN_POINT('',(-4.116723537166,-33.9573202878));
#899 = CARTESIAN_POINT('',(-4.017672523374,-33.94427099709));
#900 = CARTESIAN_POINT('',(-3.921323957176,-33.93110838401));
#901 = CARTESIAN_POINT('',(-3.827432941298,-33.91830317658));
#902 = CARTESIAN_POINT('',(-3.73576860048,-33.9062565886));
#903 = CARTESIAN_POINT('',(-3.646125704584,-33.89530124509));
#904 = CARTESIAN_POINT('',(-3.558298096479,-33.88570226936));
#905 = CARTESIAN_POINT('',(-3.472142650715,-33.87766357203));
#906 = CARTESIAN_POINT('',(-3.387011010503,-33.87129519864));
#907 = CARTESIAN_POINT('',(-3.302650525517,-33.86671342847));
#908 = CARTESIAN_POINT('',(-3.218778695699,-33.86399389829));
#909 = CARTESIAN_POINT('',(-3.135136241793,-33.86318166913));
#910 = CARTESIAN_POINT('',(-3.051466833019,-33.86429023382));
#911 = CARTESIAN_POINT('',(-2.967518243966,-33.86730203344));
#912 = CARTESIAN_POINT('',(-2.883033038815,-33.87216792163));
#913 = CARTESIAN_POINT('',(-2.797760258829,-33.87880342924));
#914 = CARTESIAN_POINT('',(-2.711392922467,-33.88709315753));
#915 = CARTESIAN_POINT('',(-2.623779248727,-33.89686031095));
#916 = CARTESIAN_POINT('',(-2.53405296999,-33.90796878695));
#917 = CARTESIAN_POINT('',(-2.441978244104,-33.92016238044));
#918 = CARTESIAN_POINT('',(-2.34749855659,-33.93308079722));
#919 = CARTESIAN_POINT('',(-2.25047093692,-33.94629727173));
#920 = CARTESIAN_POINT('',(-2.150741766247,-33.95931315979));
#921 = CARTESIAN_POINT('',(-2.048086339181,-33.97157162882));
#922 = CARTESIAN_POINT('',(-1.942345886361,-33.98245767392));
#923 = CARTESIAN_POINT('',(-1.83290052222,-33.99135784847));
#924 = CARTESIAN_POINT('',(-1.720582565811,-33.99752335033));
#925 = CARTESIAN_POINT('',(-1.608274558258,-34.00038142134));
#926 = CARTESIAN_POINT('',(-1.495982799484,-33.99980553755));
#927 = CARTESIAN_POINT('',(-1.384436568718,-33.99585421278));
#928 = CARTESIAN_POINT('',(-1.274192207102,-33.98883419935));
#929 = CARTESIAN_POINT('',(-1.165895697066,-33.9792496582));
#930 = CARTESIAN_POINT('',(-1.06033600395,-33.96777334831));
#931 = CARTESIAN_POINT('',(-0.958194611202,-33.95514390135));
#932 = CARTESIAN_POINT('',(-0.861252321275,-33.94225954345));
#933 = CARTESIAN_POINT('',(-0.767804233399,-33.92947163912));
#934 = CARTESIAN_POINT('',(-0.676594206321,-33.91706500198));
#935 = CARTESIAN_POINT('',(-0.587549700134,-33.90542173512));
#936 = CARTESIAN_POINT('',(-0.500311972003,-33.89482127965));
#937 = CARTESIAN_POINT('',(-0.414620741665,-33.88550054753));
#938 = CARTESIAN_POINT('',(-0.330203595359,-33.87764468546));
#939 = CARTESIAN_POINT('',(-0.246799185195,-33.87139678864));
#940 = CARTESIAN_POINT('',(-0.164144658542,-33.8668612353));
#941 = CARTESIAN_POINT('',(-8.197474930257E-02,-33.8641121331));
#942 = CARTESIAN_POINT('',(-2.733246828623E-02,-33.86349386808));
#943 = CARTESIAN_POINT('',(8.881784197001E-16,-33.8634960788));
#944 = ( GEOMETRIC_REPRESENTATION_CONTEXT(2) 
PARAMETRIC_REPRESENTATION_CONTEXT() REPRESENTATION_CONTEXT('2D SPACE',''
  ) );
#945 = ADVANCED_FACE('',(#946),#868,.F.);
#946 = FACE_BOUND('',#947,.T.);
#947 = EDGE_LOOP('',(#948,#1120,#1141,#1142));
#948 = ORIENTED_EDGE('',*,*,#949,.F.);
#949 = EDGE_CURVE('',#950,#950,#952,.T.);
#950 = VERTEX_POINT('',#951);
#951 = CARTESIAN_POINT('',(2.15,-7.861297602813,11.));
#952 = SURFACE_CURVE('',#953,(#1005,#1060),.PCURVE_S1.);
#953 = B_SPLINE_CURVE_WITH_KNOTS('',8,(#954,#955,#956,#957,#958,#959,
    #960,#961,#962,#963,#964,#965,#966,#967,#968,#969,#970,#971,#972,
    #973,#974,#975,#976,#977,#978,#979,#980,#981,#982,#983,#984,#985,
    #986,#987,#988,#989,#990,#991,#992,#993,#994,#995,#996,#997,#998,
    #999,#1000,#1001,#1002,#1003,#1004),.UNSPECIFIED.,.T.,.F.,(9,7,7,7,7
    ,7,7,9),(0.,0.154714587501,0.287159993118,0.423526532828,
    0.578415091754,0.70632920635,0.827640598469,1.),.UNSPECIFIED.);
#954 = CARTESIAN_POINT('',(2.15,-7.861297602813,11.));
#955 = CARTESIAN_POINT('',(2.15,-7.861297602813,11.225680561813));
#956 = CARTESIAN_POINT('',(2.122926388612,-7.868701746206,
    11.450908167575));
#957 = CARTESIAN_POINT('',(2.06897114219,-7.883459053308,11.673739772295
    ));
#958 = CARTESIAN_POINT('',(1.987714819745,-7.90511948979,11.892103522497
    ));
#959 = CARTESIAN_POINT('',(1.878338624399,-7.93280780094,12.103448591942
    ));
#960 = CARTESIAN_POINT('',(1.739740338641,-7.965084256629,
    12.304505234651));
#961 = CARTESIAN_POINT('',(1.570727549274,-7.999786776936,
    12.490929052166));
#962 = CARTESIAN_POINT('',(1.199021326394,-8.063193838962,
    12.798431182499));
#963 = CARTESIAN_POINT('',(0.997303310999,-8.093300692934,
    12.931154430425));
#964 = CARTESIAN_POINT('',(0.768452386477,-8.121137750034,
    13.042744163555));
#965 = CARTESIAN_POINT('',(0.518158225057,-8.142994211768,
    13.124422666039));
#966 = CARTESIAN_POINT('',(0.25407811781,-8.155610907827,13.170479314572
    ));
#967 = CARTESIAN_POINT('',(-1.519251065025E-02,-8.157501864773,
    13.178137656015));
#968 = CARTESIAN_POINT('',(-0.280826332126,-8.149132375684,
    13.147633176615));
#969 = CARTESIAN_POINT('',(-0.796055785357,-8.115257610832,
    13.015344737449));
#970 = CARTESIAN_POINT('',(-1.03539760208,-8.089878877923,12.91392917544
    ));
#971 = CARTESIAN_POINT('',(-1.250242036571,-8.059236167884,
    12.785475327204));
#972 = CARTESIAN_POINT('',(-1.43960086949,-8.026308926241,
    12.635900263611));
#973 = CARTESIAN_POINT('',(-1.603295421084,-7.993652862435,
    12.470191463931));
#974 = CARTESIAN_POINT('',(-1.741657705596,-7.963251631133,
    12.292587470426));
#975 = CARTESIAN_POINT('',(-1.855390873474,-7.93653650346,
    12.106658200896));
#976 = CARTESIAN_POINT('',(-2.047587998112,-7.889294101742,
    11.698218520471));
#977 = CARTESIAN_POINT('',(-2.120716878635,-7.869719333677,
    11.470870271742));
#978 = CARTESIAN_POINT('',(-2.164630307196,-7.857298104131,
    11.237023148882));
#979 = CARTESIAN_POINT('',(-2.179272869238,-7.85304250965,11.));
#980 = CARTESIAN_POINT('',(-2.164630307197,-7.857298104131,
    10.762976851118));
#981 = CARTESIAN_POINT('',(-2.120716878635,-7.869719333677,
    10.529129728258));
#982 = CARTESIAN_POINT('',(-2.047587998112,-7.889294101742,
    10.301781479529));
#983 = CARTESIAN_POINT('',(-1.86096856743,-7.935165496172,9.905195002118
    ));
#984 = CARTESIAN_POINT('',(-1.755840476443,-7.959914840986,
    9.730851666663));
#985 = CARTESIAN_POINT('',(-1.629312575037,-7.98790899548,9.56379697026)
  );
#986 = CARTESIAN_POINT('',(-1.480769789762,-8.018019546786,9.40676310411
    ));
#987 = CARTESIAN_POINT('',(-1.309780552836,-8.04871355203,9.263031724581
    ));
#988 = CARTESIAN_POINT('',(-1.116240838134,-8.078011807419,
    9.136528004391));
#989 = CARTESIAN_POINT('',(-0.900620386479,-8.103552473594,
    9.031985520284));
#990 = CARTESIAN_POINT('',(-0.440346703627,-8.14119920047,8.882433535067
    ));
#991 = CARTESIAN_POINT('',(-0.20096802309,-8.153669267246,8.835670789425
    ));
#992 = CARTESIAN_POINT('',(4.700168340223E-02,-8.15809244958,
    8.820147333788));
#993 = CARTESIAN_POINT('',(0.295823424533,-8.153236658765,8.83797649057)
  );
#994 = CARTESIAN_POINT('',(0.537538809287,-8.139441789392,8.888386959392
    ));
#995 = CARTESIAN_POINT('',(0.764650007025,-8.118740711689,8.967814517154
    ));
#996 = CARTESIAN_POINT('',(0.97094739789,-8.094023703873,9.069777963667)
  );
#997 = CARTESIAN_POINT('',(1.40930663557,-8.031431805166,9.347969195155)
  );
#998 = CARTESIAN_POINT('',(1.626539395206,-7.990846224717,9.544284679726
    ));
#999 = CARTESIAN_POINT('',(1.804116041954,-7.951395561635,9.763078924938
    ));
#1000 = CARTESIAN_POINT('',(1.94370635162,-7.91681225609,9.997159917472)
  );
#1001 = CARTESIAN_POINT('',(2.047047769247,-7.889452940025,
    10.241305993136));
#1002 = CARTESIAN_POINT('',(2.115558086166,-7.870717436922,
    10.491695784923));
#1003 = CARTESIAN_POINT('',(2.15,-7.861297602813,10.745453940018));
#1004 = CARTESIAN_POINT('',(2.15,-7.861297602813,11.));
#1005 = PCURVE('',#868,#1006);
#1006 = DEFINITIONAL_REPRESENTATION('',(#1007),#1059);
#1007 = B_SPLINE_CURVE_WITH_KNOTS('',8,(#1008,#1009,#1010,#1011,#1012,
    #1013,#1014,#1015,#1016,#1017,#1018,#1019,#1020,#1021,#1022,#1023,
    #1024,#1025,#1026,#1027,#1028,#1029,#1030,#1031,#1032,#1033,#1034,
    #1035,#1036,#1037,#1038,#1039,#1040,#1041,#1042,#1043,#1044,#1045,
    #1046,#1047,#1048,#1049,#1050,#1051,#1052,#1053,#1054,#1055,#1056,
    #1057,#1058),.UNSPECIFIED.,.F.,.F.,(9,7,7,7,7,7,7,9),(0.,
    0.154714587501,0.287159993118,0.423526532828,0.578415091754,
    0.70632920635,0.827640598469,1.),.UNSPECIFIED.);
#1008 = CARTESIAN_POINT('',(0.,-24.86129760281));
#1009 = CARTESIAN_POINT('',(-0.104967703169,-24.86129760281));
#1010 = CARTESIAN_POINT('',(-0.209724389287,-24.8687017462));
#1011 = CARTESIAN_POINT('',(-0.315130594601,-24.8834590533));
#1012 = CARTESIAN_POINT('',(-0.421951054337,-24.90511948979));
#1013 = CARTESIAN_POINT('',(-0.530946748591,-24.93280780094));
#1014 = CARTESIAN_POINT('',(-0.642915061181,-24.96508425662));
#1015 = CARTESIAN_POINT('',(-0.758756439449,-24.99978677693));
#1016 = CARTESIAN_POINT('',(-0.983134951972,-25.06319383896));
#1017 = CARTESIAN_POINT('',(-1.094775859912,-25.09330069293));
#1018 = CARTESIAN_POINT('',(-1.211561899011,-25.12113775003));
#1019 = CARTESIAN_POINT('',(-1.331668830495,-25.14299421176));
#1020 = CARTESIAN_POINT('',(-1.453843029418,-25.15561090782));
#1021 = CARTESIAN_POINT('',(-1.577023108925,-25.15750186477));
#1022 = CARTESIAN_POINT('',(-1.700220950308,-25.14913237568));
#1023 = CARTESIAN_POINT('',(-1.947635540785,-25.11525761083));
#1024 = CARTESIAN_POINT('',(-2.067191616253,-25.08987887792));
#1025 = CARTESIAN_POINT('',(-2.181846515492,-25.05923616788));
#1026 = CARTESIAN_POINT('',(-2.292302283338,-25.02630892624));
#1027 = CARTESIAN_POINT('',(-2.39910205646,-24.99365286243));
#1028 = CARTESIAN_POINT('',(-2.502697673911,-24.96325163113));
#1029 = CARTESIAN_POINT('',(-2.603468627985,-24.93653650346));
#1030 = CARTESIAN_POINT('',(-2.813422501342,-24.88929410174));
#1031 = CARTESIAN_POINT('',(-2.923584160653,-24.86971933367));
#1032 = CARTESIAN_POINT('',(-3.032816108837,-24.85729810413));
#1033 = CARTESIAN_POINT('',(-3.14159265359,-24.85304250965));
#1034 = CARTESIAN_POINT('',(-3.250369198342,-24.85729810413));
#1035 = CARTESIAN_POINT('',(-3.359601146527,-24.86971933367));
#1036 = CARTESIAN_POINT('',(-3.469762805838,-24.88929410174));
#1037 = CARTESIAN_POINT('',(-3.673623672066,-24.93516549617));
#1038 = CARTESIAN_POINT('',(-3.767814764992,-24.95991484098));
#1039 = CARTESIAN_POINT('',(-3.864373419461,-24.98790899548));
#1040 = CARTESIAN_POINT('',(-3.963675161502,-25.01801954678));
#1041 = CARTESIAN_POINT('',(-4.066150383118,-25.04871355203));
#1042 = CARTESIAN_POINT('',(-4.172292661225,-25.07801180741));
#1043 = CARTESIAN_POINT('',(-4.2826990323,-25.10355247359));
#1044 = CARTESIAN_POINT('',(-4.507796888267,-25.14119920047));
#1045 = CARTESIAN_POINT('',(-4.620407924237,-25.15366926724));
#1046 = CARTESIAN_POINT('',(-4.73433173124,-25.15809244958));
#1047 = CARTESIAN_POINT('',(-4.848321172328,-25.15323665876));
#1048 = CARTESIAN_POINT('',(-4.961201716003,-25.13944178939));
#1049 = CARTESIAN_POINT('',(-5.071696784365,-25.11874071168));
#1050 = CARTESIAN_POINT('',(-5.178123711475,-25.09402370387));
#1051 = CARTESIAN_POINT('',(-5.419603368096,-25.03143180516));
#1052 = CARTESIAN_POINT('',(-5.553839505616,-24.99084622471));
#1053 = CARTESIAN_POINT('',(-5.682439312196,-24.95139556163));
#1054 = CARTESIAN_POINT('',(-5.806693965257,-24.91681225609));
#1055 = CARTESIAN_POINT('',(-5.92777746688,-24.88945294002));
#1056 = CARTESIAN_POINT('',(-6.046764336363,-24.87071743692));
#1057 = CARTESIAN_POINT('',(-6.164791790909,-24.86129760281));
#1058 = CARTESIAN_POINT('',(-6.28318530718,-24.86129760281));
#1059 = ( GEOMETRIC_REPRESENTATION_CONTEXT(2) 
PARAMETRIC_REPRESENTATION_CONTEXT() REPRESENTATION_CONTEXT('2D SPACE',''
  ) );
#1060 = PCURVE('',#1061,#1066);
#1061 = CYLINDRICAL_SURFACE('',#1062,8.15);
#1062 = AXIS2_PLACEMENT_3D('',#1063,#1064,#1065);
#1063 = CARTESIAN_POINT('',(0.,0.,0.));
#1064 = DIRECTION('',(0.,0.,1.));
#1065 = DIRECTION('',(-1.,0.,0.));
#1066 = DEFINITIONAL_REPRESENTATION('',(#1067),#1119);
#1067 = B_SPLINE_CURVE_WITH_KNOTS('',8,(#1068,#1069,#1070,#1071,#1072,
    #1073,#1074,#1075,#1076,#1077,#1078,#1079,#1080,#1081,#1082,#1083,
    #1084,#1085,#1086,#1087,#1088,#1089,#1090,#1091,#1092,#1093,#1094,
    #1095,#1096,#1097,#1098,#1099,#1100,#1101,#1102,#1103,#1104,#1105,
    #1106,#1107,#1108,#1109,#1110,#1111,#1112,#1113,#1114,#1115,#1116,
    #1117,#1118),.UNSPECIFIED.,.F.,.F.,(9,7,7,7,7,7,7,9),(0.,
    0.154714587501,0.287159993118,0.423526532828,0.578415091754,
    0.70632920635,0.827640598469,1.),.UNSPECIFIED.);
#1068 = CARTESIAN_POINT('',(1.837759785116,11.));
#1069 = CARTESIAN_POINT('',(1.837759785116,11.225680561813));
#1070 = CARTESIAN_POINT('',(1.834315878416,11.450908167575));
#1071 = CARTESIAN_POINT('',(1.82745245512,11.673739772295));
#1072 = CARTESIAN_POINT('',(1.817134418275,11.892103522497));
#1073 = CARTESIAN_POINT('',(1.803293120368,12.103448591942));
#1074 = CARTESIAN_POINT('',(1.785839764836,12.304505234651));
#1075 = CARTESIAN_POINT('',(1.764681300467,12.490929052166));
#1076 = CARTESIAN_POINT('',(1.718414361616,12.798431182499));
#1077 = CARTESIAN_POINT('',(1.693394964079,12.931154430425));
#1078 = CARTESIAN_POINT('',(1.665125644421,13.042744163555));
#1079 = CARTESIAN_POINT('',(1.634335572111,13.124422666039));
#1080 = CARTESIAN_POINT('',(1.601948928336,13.170479314572));
#1081 = CARTESIAN_POINT('',(1.568949431987,13.178137656015));
#1082 = CARTESIAN_POINT('',(1.53635920398,13.147633176615));
#1083 = CARTESIAN_POINT('',(1.473004377766,13.015344737449));
#1084 = CARTESIAN_POINT('',(1.443496310527,12.91392917544));
#1085 = CARTESIAN_POINT('',(1.416894335721,12.785475327204));
#1086 = CARTESIAN_POINT('',(1.393328634647,12.635900263611));
#1087 = CARTESIAN_POINT('',(1.372855559441,12.470191463931));
#1088 = CARTESIAN_POINT('',(1.355476929435,12.292587470426));
#1089 = CARTESIAN_POINT('',(1.341142830487,12.106658200896));
#1090 = CARTESIAN_POINT('',(1.316858399511,11.698218520471));
#1091 = CARTESIAN_POINT('',(1.307571607575,11.470870271742));
#1092 = CARTESIAN_POINT('',(1.301972076509,11.237023148882));
#1093 = CARTESIAN_POINT('',(1.300100733824,11.));
#1094 = CARTESIAN_POINT('',(1.301972076509,10.762976851118));
#1095 = CARTESIAN_POINT('',(1.307571607575,10.529129728258));
#1096 = CARTESIAN_POINT('',(1.316858399511,10.301781479529));
#1097 = CARTESIAN_POINT('',(1.340438079445,9.905195002118));
#1098 = CARTESIAN_POINT('',(1.353689261459,9.730851666663));
#1099 = CARTESIAN_POINT('',(1.369587004349,9.56379697026));
#1100 = CARTESIAN_POINT('',(1.388177677036,9.40676310411));
#1101 = CARTESIAN_POINT('',(1.409480678263,9.263031724581));
#1102 = CARTESIAN_POINT('',(1.433479522731,9.136528004391));
#1103 = CARTESIAN_POINT('',(1.460103402256,9.031985520284));
#1104 = CARTESIAN_POINT('',(1.516767294023,8.882433535067));
#1105 = CARTESIAN_POINT('',(1.546165856296,8.835670789425));
#1106 = CARTESIAN_POINT('',(1.576566711577,8.820147333788));
#1107 = CARTESIAN_POINT('',(1.607059873984,8.83797649057));
#1108 = CARTESIAN_POINT('',(1.636730543243,8.888386959392));
#1109 = CARTESIAN_POINT('',(1.664693558217,8.967814517154));
#1110 = CARTESIAN_POINT('',(1.690180629848,9.069777963667));
#1111 = CARTESIAN_POINT('',(1.744512573117,9.347969195155));
#1112 = CARTESIAN_POINT('',(1.771603167529,9.544284679726));
#1113 = CARTESIAN_POINT('',(1.793906682734,9.763078924938));
#1114 = CARTESIAN_POINT('',(1.811547598734,9.997159917472));
#1115 = CARTESIAN_POINT('',(1.824663660099,10.241305993136));
#1116 = CARTESIAN_POINT('',(1.833378593846,10.491695784923));
#1117 = CARTESIAN_POINT('',(1.837759785116,10.745453940018));
#1118 = CARTESIAN_POINT('',(1.837759785116,11.));
#1119 = ( GEOMETRIC_REPRESENTATION_CONTEXT(2) 
PARAMETRIC_REPRESENTATION_CONTEXT() REPRESENTATION_CONTEXT('2D SPACE',''
  ) );
#1120 = ORIENTED_EDGE('',*,*,#1121,.T.);
#1121 = EDGE_CURVE('',#950,#739,#1122,.T.);
#1122 = SEAM_CURVE('',#1123,(#1127,#1134),.PCURVE_S1.);
#1123 = LINE('',#1124,#1125);
#1124 = CARTESIAN_POINT('',(2.15,17.,11.));
#1125 = VECTOR('',#1126,1.);
#1126 = DIRECTION('',(0.,-1.,0.));
#1127 = PCURVE('',#868,#1128);
#1128 = DEFINITIONAL_REPRESENTATION('',(#1129),#1133);
#1129 = LINE('',#1130,#1131);
#1130 = CARTESIAN_POINT('',(-0.,0.));
#1131 = VECTOR('',#1132,1.);
#1132 = DIRECTION('',(-0.,-1.));
#1133 = ( GEOMETRIC_REPRESENTATION_CONTEXT(2) 
PARAMETRIC_REPRESENTATION_CONTEXT() REPRESENTATION_CONTEXT('2D SPACE',''
  ) );
#1134 = PCURVE('',#868,#1135);
#1135 = DEFINITIONAL_REPRESENTATION('',(#1136),#1140);
#1136 = LINE('',#1137,#1138);
#1137 = CARTESIAN_POINT('',(-6.28318530718,0.));
#1138 = VECTOR('',#1139,1.);
#1139 = DIRECTION('',(-0.,-1.));
#1140 = ( GEOMETRIC_REPRESENTATION_CONTEXT(2) 
PARAMETRIC_REPRESENTATION_CONTEXT() REPRESENTATION_CONTEXT('2D SPACE',''
  ) );
#1141 = ORIENTED_EDGE('',*,*,#738,.F.);
#1142 = ORIENTED_EDGE('',*,*,#1121,.F.);
#1143 = ADVANCED_FACE('',(#1144,#1221,#1390),#1061,.F.);
#1144 = FACE_BOUND('',#1145,.F.);
#1145 = EDGE_LOOP('',(#1146,#1171,#1198,#1199));
#1146 = ORIENTED_EDGE('',*,*,#1147,.T.);
#1147 = EDGE_CURVE('',#1148,#1150,#1152,.T.);
#1148 = VERTEX_POINT('',#1149);
#1149 = CARTESIAN_POINT('',(-8.15,1.99617428261E-15,0.));
#1150 = VERTEX_POINT('',#1151);
#1151 = CARTESIAN_POINT('',(-8.15,1.99617428261E-15,22.));
#1152 = SEAM_CURVE('',#1153,(#1157,#1164),.PCURVE_S1.);
#1153 = LINE('',#1154,#1155);
#1154 = CARTESIAN_POINT('',(-8.15,1.99617428261E-15,0.));
#1155 = VECTOR('',#1156,1.);
#1156 = DIRECTION('',(0.,0.,1.));
#1157 = PCURVE('',#1061,#1158);
#1158 = DEFINITIONAL_REPRESENTATION('',(#1159),#1163);
#1159 = LINE('',#1160,#1161);
#1160 = CARTESIAN_POINT('',(6.28318530718,-0.));
#1161 = VECTOR('',#1162,1.);
#1162 = DIRECTION('',(0.,1.));
#1163 = ( GEOMETRIC_REPRESENTATION_CONTEXT(2) 
PARAMETRIC_REPRESENTATION_CONTEXT() REPRESENTATION_CONTEXT('2D SPACE',''
  ) );
#1164 = PCURVE('',#1061,#1165);
#1165 = DEFINITIONAL_REPRESENTATION('',(#1166),#1170);
#1166 = LINE('',#1167,#1168);
#1167 = CARTESIAN_POINT('',(0.,-0.));
#1168 = VECTOR('',#1169,1.);
#1169 = DIRECTION('',(0.,1.));
#1170 = ( GEOMETRIC_REPRESENTATION_CONTEXT(2) 
PARAMETRIC_REPRESENTATION_CONTEXT() REPRESENTATION_CONTEXT('2D SPACE',''
  ) );
#1171 = ORIENTED_EDGE('',*,*,#1172,.F.);
#1172 = EDGE_CURVE('',#1150,#1150,#1173,.T.);
#1173 = SURFACE_CURVE('',#1174,(#1179,#1186),.PCURVE_S1.);
#1174 = CIRCLE('',#1175,8.15);
#1175 = AXIS2_PLACEMENT_3D('',#1176,#1177,#1178);
#1176 = CARTESIAN_POINT('',(0.,0.,22.));
#1177 = DIRECTION('',(0.,0.,1.));
#1178 = DIRECTION('',(-1.,0.,0.));
#1179 = PCURVE('',#1061,#1180);
#1180 = DEFINITIONAL_REPRESENTATION('',(#1181),#1185);
#1181 = LINE('',#1182,#1183);
#1182 = CARTESIAN_POINT('',(0.,22.));
#1183 = VECTOR('',#1184,1.);
#1184 = DIRECTION('',(1.,0.));
#1185 = ( GEOMETRIC_REPRESENTATION_CONTEXT(2) 
PARAMETRIC_REPRESENTATION_CONTEXT() REPRESENTATION_CONTEXT('2D SPACE',''
  ) );
#1186 = PCURVE('',#1187,#1192);
#1187 = PLANE('',#1188);
#1188 = AXIS2_PLACEMENT_3D('',#1189,#1190,#1191);
#1189 = CARTESIAN_POINT('',(0.,0.,22.));
#1190 = DIRECTION('',(0.,0.,1.));
#1191 = DIRECTION('',(-1.,0.,0.));
#1192 = DEFINITIONAL_REPRESENTATION('',(#1193),#1197);
#1193 = CIRCLE('',#1194,8.15);
#1194 = AXIS2_PLACEMENT_2D('',#1195,#1196);
#1195 = CARTESIAN_POINT('',(0.,0.));
#1196 = DIRECTION('',(1.,0.));
#1197 = ( GEOMETRIC_REPRESENTATION_CONTEXT(2) 
PARAMETRIC_REPRESENTATION_CONTEXT() REPRESENTATION_CONTEXT('2D SPACE',''
  ) );
#1198 = ORIENTED_EDGE('',*,*,#1147,.F.);
#1199 = ORIENTED_EDGE('',*,*,#1200,.T.);
#1200 = EDGE_CURVE('',#1148,#1148,#1201,.T.);
#1201 = SURFACE_CURVE('',#1202,(#1207,#1214),.PCURVE_S1.);
#1202 = CIRCLE('',#1203,8.15);
#1203 = AXIS2_PLACEMENT_3D('',#1204,#1205,#1206);
#1204 = CARTESIAN_POINT('',(0.,0.,0.));
#1205 = DIRECTION('',(0.,0.,1.));
#1206 = DIRECTION('',(-1.,0.,0.));
#1207 = PCURVE('',#1061,#1208);
#1208 = DEFINITIONAL_REPRESENTATION('',(#1209),#1213);
#1209 = LINE('',#1210,#1211);
#1210 = CARTESIAN_POINT('',(0.,0.));
#1211 = VECTOR('',#1212,1.);
#1212 = DIRECTION('',(1.,0.));
#1213 = ( GEOMETRIC_REPRESENTATION_CONTEXT(2) 
PARAMETRIC_REPRESENTATION_CONTEXT() REPRESENTATION_CONTEXT('2D SPACE',''
  ) );
#1214 = PCURVE('',#66,#1215);
#1215 = DEFINITIONAL_REPRESENTATION('',(#1216),#1220);
#1216 = CIRCLE('',#1217,8.15);
#1217 = AXIS2_PLACEMENT_2D('',#1218,#1219);
#1218 = CARTESIAN_POINT('',(1.287002477684E-15,-1.236537197009E-15));
#1219 = DIRECTION('',(-1.,0.));
#1220 = ( GEOMETRIC_REPRESENTATION_CONTEXT(2) 
PARAMETRIC_REPRESENTATION_CONTEXT() REPRESENTATION_CONTEXT('2D SPACE',''
  ) );
#1221 = FACE_BOUND('',#1222,.F.);
#1222 = EDGE_LOOP('',(#1223));
#1223 = ORIENTED_EDGE('',*,*,#1224,.T.);
#1224 = EDGE_CURVE('',#1225,#1225,#1227,.T.);
#1225 = VERTEX_POINT('',#1226);
#1226 = CARTESIAN_POINT('',(2.15,7.861297602813,11.));
#1227 = SURFACE_CURVE('',#1228,(#1280,#1335),.PCURVE_S1.);
#1228 = B_SPLINE_CURVE_WITH_KNOTS('',8,(#1229,#1230,#1231,#1232,#1233,
    #1234,#1235,#1236,#1237,#1238,#1239,#1240,#1241,#1242,#1243,#1244,
    #1245,#1246,#1247,#1248,#1249,#1250,#1251,#1252,#1253,#1254,#1255,
    #1256,#1257,#1258,#1259,#1260,#1261,#1262,#1263,#1264,#1265,#1266,
    #1267,#1268,#1269,#1270,#1271,#1272,#1273,#1274,#1275,#1276,#1277,
    #1278,#1279),.UNSPECIFIED.,.T.,.F.,(9,7,7,7,7,7,7,9),(0.,
    0.15471458753,0.287159993172,0.423526532909,0.578415091671,
    0.706329206292,0.827640598435,1.),.UNSPECIFIED.);
#1229 = CARTESIAN_POINT('',(2.15,7.861297602813,11.));
#1230 = CARTESIAN_POINT('',(2.15,7.861297602813,11.225680561813));
#1231 = CARTESIAN_POINT('',(2.122926388612,7.868701746206,
    11.450908167575));
#1232 = CARTESIAN_POINT('',(2.06897114219,7.883459053308,11.673739772294
    ));
#1233 = CARTESIAN_POINT('',(1.987714819745,7.90511948979,11.892103522497
    ));
#1234 = CARTESIAN_POINT('',(1.878338624399,7.93280780094,12.103448591942
    ));
#1235 = CARTESIAN_POINT('',(1.739740338641,7.965084256629,
    12.304505234651));
#1236 = CARTESIAN_POINT('',(1.570727549274,7.999786776936,
    12.490929052166));
#1237 = CARTESIAN_POINT('',(1.199021326393,8.063193838962,
    12.798431182499));
#1238 = CARTESIAN_POINT('',(0.997303311001,8.093300692934,
    12.931154430424));
#1239 = CARTESIAN_POINT('',(0.768452386475,8.121137750035,
    13.042744163557));
#1240 = CARTESIAN_POINT('',(0.518158225058,8.142994211768,
    13.124422666037));
#1241 = CARTESIAN_POINT('',(0.254078117809,8.155610907828,
    13.170479314573));
#1242 = CARTESIAN_POINT('',(-1.519251065005E-02,8.157501864773,
    13.178137656015));
#1243 = CARTESIAN_POINT('',(-0.280826332126,8.149132375684,
    13.147633176615));
#1244 = CARTESIAN_POINT('',(-0.796055785358,8.115257610832,
    13.015344737449));
#1245 = CARTESIAN_POINT('',(-1.035397602079,8.089878877923,
    12.91392917544));
#1246 = CARTESIAN_POINT('',(-1.250242036572,8.059236167884,
    12.785475327204));
#1247 = CARTESIAN_POINT('',(-1.43960086949,8.026308926241,
    12.635900263611));
#1248 = CARTESIAN_POINT('',(-1.603295421084,7.993652862435,
    12.470191463931));
#1249 = CARTESIAN_POINT('',(-1.741657705596,7.963251631133,
    12.292587470426));
#1250 = CARTESIAN_POINT('',(-1.855390873474,7.93653650346,
    12.106658200896));
#1251 = CARTESIAN_POINT('',(-2.047587997984,7.889294101774,
    11.698218520743));
#1252 = CARTESIAN_POINT('',(-2.120716878802,7.869719333636,
    11.470870271298));
#1253 = CARTESIAN_POINT('',(-2.164630307209,7.857298104128,
    11.237023149116));
#1254 = CARTESIAN_POINT('',(-2.179272869094,7.853042509685,
    11.000000000001));
#1255 = CARTESIAN_POINT('',(-2.164630307209,7.857298104128,
    10.762976850884));
#1256 = CARTESIAN_POINT('',(-2.120716878802,7.869719333636,
    10.529129728701));
#1257 = CARTESIAN_POINT('',(-2.047587997983,7.889294101774,
    10.301781479256));
#1258 = CARTESIAN_POINT('',(-1.86096856743,7.935165496172,9.905195002118
    ));
#1259 = CARTESIAN_POINT('',(-1.755840476443,7.959914840986,
    9.730851666663));
#1260 = CARTESIAN_POINT('',(-1.629312575037,7.98790899548,9.56379697026)
  );
#1261 = CARTESIAN_POINT('',(-1.480769789762,8.018019546786,9.40676310411
    ));
#1262 = CARTESIAN_POINT('',(-1.309780552836,8.04871355203,9.263031724582
    ));
#1263 = CARTESIAN_POINT('',(-1.116240838134,8.078011807419,
    9.136528004391));
#1264 = CARTESIAN_POINT('',(-0.900620386479,8.103552473594,
    9.031985520284));
#1265 = CARTESIAN_POINT('',(-0.440346703626,8.14119920047,8.882433535067
    ));
#1266 = CARTESIAN_POINT('',(-0.200968023093,8.153669267246,
    8.835670789426));
#1267 = CARTESIAN_POINT('',(4.700168340938E-02,8.15809244958,
    8.820147333787));
#1268 = CARTESIAN_POINT('',(0.295823424525,8.153236658765,8.83797649057)
  );
#1269 = CARTESIAN_POINT('',(0.537538809293,8.139441789392,8.888386959393
    ));
#1270 = CARTESIAN_POINT('',(0.764650007022,8.11874071169,8.967814517154)
  );
#1271 = CARTESIAN_POINT('',(0.97094739789,8.094023703873,9.069777963667)
  );
#1272 = CARTESIAN_POINT('',(1.409306635569,8.031431805166,9.347969195155
    ));
#1273 = CARTESIAN_POINT('',(1.626539395209,7.990846224717,9.544284679728
    ));
#1274 = CARTESIAN_POINT('',(1.80411604195,7.951395561636,9.763078924934)
  );
#1275 = CARTESIAN_POINT('',(1.943706351625,7.91681225609,9.997159917479)
  );
#1276 = CARTESIAN_POINT('',(2.047047769243,7.889452940026,10.24130599313
    ));
#1277 = CARTESIAN_POINT('',(2.115558086167,7.870717436922,
    10.491695784926));
#1278 = CARTESIAN_POINT('',(2.15,7.861297602813,10.745453940017));
#1279 = CARTESIAN_POINT('',(2.15,7.861297602813,11.));
#1280 = PCURVE('',#1061,#1281);
#1281 = DEFINITIONAL_REPRESENTATION('',(#1282),#1334);
#1282 = B_SPLINE_CURVE_WITH_KNOTS('',8,(#1283,#1284,#1285,#1286,#1287,
    #1288,#1289,#1290,#1291,#1292,#1293,#1294,#1295,#1296,#1297,#1298,
    #1299,#1300,#1301,#1302,#1303,#1304,#1305,#1306,#1307,#1308,#1309,
    #1310,#1311,#1312,#1313,#1314,#1315,#1316,#1317,#1318,#1319,#1320,
    #1321,#1322,#1323,#1324,#1325,#1326,#1327,#1328,#1329,#1330,#1331,
    #1332,#1333),.UNSPECIFIED.,.T.,.F.,(9,7,7,7,7,7,7,9),(0.,
    0.15471458753,0.287159993172,0.423526532909,0.578415091671,
    0.706329206292,0.827640598435,1.),.UNSPECIFIED.);
#1283 = CARTESIAN_POINT('',(4.445425522063,11.));
#1284 = CARTESIAN_POINT('',(4.445425522063,11.225680561813));
#1285 = CARTESIAN_POINT('',(4.448869428764,11.450908167575));
#1286 = CARTESIAN_POINT('',(4.455732852059,11.673739772294));
#1287 = CARTESIAN_POINT('',(4.466050888905,11.892103522497));
#1288 = CARTESIAN_POINT('',(4.479892186811,12.103448591942));
#1289 = CARTESIAN_POINT('',(4.497345542343,12.304505234651));
#1290 = CARTESIAN_POINT('',(4.518504006712,12.490929052166));
#1291 = CARTESIAN_POINT('',(4.564770945564,12.798431182499));
#1292 = CARTESIAN_POINT('',(4.5897903431,12.931154430424));
#1293 = CARTESIAN_POINT('',(4.618059662759,13.042744163557));
#1294 = CARTESIAN_POINT('',(4.648849735069,13.124422666037));
#1295 = CARTESIAN_POINT('',(4.681236378844,13.170479314573));
#1296 = CARTESIAN_POINT('',(4.714235875192,13.178137656015));
#1297 = CARTESIAN_POINT('',(4.7468261032,13.147633176615));
#1298 = CARTESIAN_POINT('',(4.810180929414,13.015344737449));
#1299 = CARTESIAN_POINT('',(4.839688996653,12.91392917544));
#1300 = CARTESIAN_POINT('',(4.866290971458,12.785475327204));
#1301 = CARTESIAN_POINT('',(4.889856672533,12.635900263611));
#1302 = CARTESIAN_POINT('',(4.910329747738,12.470191463931));
#1303 = CARTESIAN_POINT('',(4.927708377745,12.292587470426));
#1304 = CARTESIAN_POINT('',(4.942042476692,12.106658200896));
#1305 = CARTESIAN_POINT('',(4.966326907653,11.698218520743));
#1306 = CARTESIAN_POINT('',(4.975613699626,11.470870271298));
#1307 = CARTESIAN_POINT('',(4.981213230672,11.237023149116));
#1308 = CARTESIAN_POINT('',(4.983084573337,11.000000000001));
#1309 = CARTESIAN_POINT('',(4.981213230672,10.762976850884));
#1310 = CARTESIAN_POINT('',(4.975613699626,10.529129728701));
#1311 = CARTESIAN_POINT('',(4.966326907653,10.301781479256));
#1312 = CARTESIAN_POINT('',(4.942747227735,9.905195002118));
#1313 = CARTESIAN_POINT('',(4.92949604572,9.730851666663));
#1314 = CARTESIAN_POINT('',(4.913598302831,9.56379697026));
#1315 = CARTESIAN_POINT('',(4.895007630143,9.40676310411));
#1316 = CARTESIAN_POINT('',(4.873704628916,9.263031724582));
#1317 = CARTESIAN_POINT('',(4.849705784449,9.136528004391));
#1318 = CARTESIAN_POINT('',(4.823081904924,9.031985520284));
#1319 = CARTESIAN_POINT('',(4.766418013156,8.882433535067));
#1320 = CARTESIAN_POINT('',(4.737019450884,8.835670789426));
#1321 = CARTESIAN_POINT('',(4.706618595602,8.820147333787));
#1322 = CARTESIAN_POINT('',(4.676125433197,8.83797649057));
#1323 = CARTESIAN_POINT('',(4.646454763936,8.888386959393));
#1324 = CARTESIAN_POINT('',(4.618491748962,8.967814517154));
#1325 = CARTESIAN_POINT('',(4.593004677332,9.069777963667));
#1326 = CARTESIAN_POINT('',(4.538672734063,9.347969195155));
#1327 = CARTESIAN_POINT('',(4.511582139651,9.544284679728));
#1328 = CARTESIAN_POINT('',(4.489278624446,9.763078924934));
#1329 = CARTESIAN_POINT('',(4.471637708445,9.997159917479));
#1330 = CARTESIAN_POINT('',(4.458521647081,10.24130599313));
#1331 = CARTESIAN_POINT('',(4.449806713334,10.491695784926));
#1332 = CARTESIAN_POINT('',(4.445425522063,10.745453940017));
#1333 = CARTESIAN_POINT('',(4.445425522063,11.));
#1334 = ( GEOMETRIC_REPRESENTATION_CONTEXT(2) 
PARAMETRIC_REPRESENTATION_CONTEXT() REPRESENTATION_CONTEXT('2D SPACE',''
  ) );
#1335 = PCURVE('',#658,#1336);
#1336 = DEFINITIONAL_REPRESENTATION('',(#1337),#1389);
#1337 = B_SPLINE_CURVE_WITH_KNOTS('',8,(#1338,#1339,#1340,#1341,#1342,
    #1343,#1344,#1345,#1346,#1347,#1348,#1349,#1350,#1351,#1352,#1353,
    #1354,#1355,#1356,#1357,#1358,#1359,#1360,#1361,#1362,#1363,#1364,
    #1365,#1366,#1367,#1368,#1369,#1370,#1371,#1372,#1373,#1374,#1375,
    #1376,#1377,#1378,#1379,#1380,#1381,#1382,#1383,#1384,#1385,#1386,
    #1387,#1388),.UNSPECIFIED.,.F.,.F.,(9,7,7,7,7,7,7,9),(0.,
    0.15471458753,0.287159993172,0.423526532909,0.578415091671,
    0.706329206292,0.827640598435,1.),.UNSPECIFIED.);
#1338 = CARTESIAN_POINT('',(0.,-9.138702397187));
#1339 = CARTESIAN_POINT('',(-0.104967703169,-9.138702397187));
#1340 = CARTESIAN_POINT('',(-0.209724389287,-9.131298253794));
#1341 = CARTESIAN_POINT('',(-0.315130594601,-9.116540946692));
#1342 = CARTESIAN_POINT('',(-0.421951054337,-9.09488051021));
#1343 = CARTESIAN_POINT('',(-0.530946748591,-9.06719219906));
#1344 = CARTESIAN_POINT('',(-0.642915061181,-9.034915743371));
#1345 = CARTESIAN_POINT('',(-0.758756439449,-9.000213223064));
#1346 = CARTESIAN_POINT('',(-0.983134951973,-8.936806161038));
#1347 = CARTESIAN_POINT('',(-1.094775859911,-8.906699307066));
#1348 = CARTESIAN_POINT('',(-1.211561899013,-8.878862249965));
#1349 = CARTESIAN_POINT('',(-1.331668830494,-8.857005788232));
#1350 = CARTESIAN_POINT('',(-1.453843029419,-8.844389092172));
#1351 = CARTESIAN_POINT('',(-1.577023108925,-8.842498135227));
#1352 = CARTESIAN_POINT('',(-1.700220950308,-8.850867624316));
#1353 = CARTESIAN_POINT('',(-1.947635540785,-8.884742389168));
#1354 = CARTESIAN_POINT('',(-2.067191616253,-8.910121122077));
#1355 = CARTESIAN_POINT('',(-2.181846515492,-8.940763832116));
#1356 = CARTESIAN_POINT('',(-2.292302283338,-8.973691073759));
#1357 = CARTESIAN_POINT('',(-2.39910205646,-9.006347137565));
#1358 = CARTESIAN_POINT('',(-2.502697673911,-9.036748368867));
#1359 = CARTESIAN_POINT('',(-2.603468627985,-9.06346349654));
#1360 = CARTESIAN_POINT('',(-2.813422501203,-9.110705898226));
#1361 = CARTESIAN_POINT('',(-2.923584160888,-9.130280666364));
#1362 = CARTESIAN_POINT('',(-3.032816108704,-9.142701895872));
#1363 = CARTESIAN_POINT('',(-3.14159265359,-9.146957490315));
#1364 = CARTESIAN_POINT('',(-3.250369198475,-9.142701895872));
#1365 = CARTESIAN_POINT('',(-3.359601146293,-9.130280666364));
#1366 = CARTESIAN_POINT('',(-3.469762805978,-9.110705898226));
#1367 = CARTESIAN_POINT('',(-3.673623672066,-9.064834503828));
#1368 = CARTESIAN_POINT('',(-3.767814764992,-9.040085159014));
#1369 = CARTESIAN_POINT('',(-3.864373419461,-9.01209100452));
#1370 = CARTESIAN_POINT('',(-3.963675161502,-8.981980453214));
#1371 = CARTESIAN_POINT('',(-4.066150383118,-8.95128644797));
#1372 = CARTESIAN_POINT('',(-4.172292661225,-8.921988192581));
#1373 = CARTESIAN_POINT('',(-4.2826990323,-8.896447526406));
#1374 = CARTESIAN_POINT('',(-4.507796888268,-8.85880079953));
#1375 = CARTESIAN_POINT('',(-4.620407924236,-8.846330732754));
#1376 = CARTESIAN_POINT('',(-4.734331731242,-8.84190755042));
#1377 = CARTESIAN_POINT('',(-4.848321172326,-8.846763341235));
#1378 = CARTESIAN_POINT('',(-4.961201716004,-8.860558210608));
#1379 = CARTESIAN_POINT('',(-5.071696784364,-8.88125928831));
#1380 = CARTESIAN_POINT('',(-5.178123711475,-8.905976296127));
#1381 = CARTESIAN_POINT('',(-5.419603368096,-8.968568194834));
#1382 = CARTESIAN_POINT('',(-5.553839505618,-9.009153775283));
#1383 = CARTESIAN_POINT('',(-5.682439312191,-9.048604438364));
#1384 = CARTESIAN_POINT('',(-5.806693965264,-9.08318774391));
#1385 = CARTESIAN_POINT('',(-5.927777466875,-9.110547059974));
#1386 = CARTESIAN_POINT('',(-6.046764336366,-9.129282563078));
#1387 = CARTESIAN_POINT('',(-6.164791790909,-9.138702397187));
#1388 = CARTESIAN_POINT('',(-6.28318530718,-9.138702397187));
#1389 = ( GEOMETRIC_REPRESENTATION_CONTEXT(2) 
PARAMETRIC_REPRESENTATION_CONTEXT() REPRESENTATION_CONTEXT('2D SPACE',''
  ) );
#1390 = FACE_BOUND('',#1391,.F.);
#1391 = EDGE_LOOP('',(#1392));
#1392 = ORIENTED_EDGE('',*,*,#949,.F.);
#1393 = ADVANCED_FACE('',(#1394),#1187,.F.);
#1394 = FACE_BOUND('',#1395,.F.);
#1395 = EDGE_LOOP('',(#1396));
#1396 = ORIENTED_EDGE('',*,*,#1172,.T.);
#1397 = ADVANCED_FACE('',(#1398),#658,.F.);
#1398 = FACE_BOUND('',#1399,.T.);
#1399 = EDGE_LOOP('',(#1400,#1401,#1422,#1423));
#1400 = ORIENTED_EDGE('',*,*,#528,.F.);
#1401 = ORIENTED_EDGE('',*,*,#1402,.T.);
#1402 = EDGE_CURVE('',#529,#1225,#1403,.T.);
#1403 = SEAM_CURVE('',#1404,(#1408,#1415),.PCURVE_S1.);
#1404 = LINE('',#1405,#1406);
#1405 = CARTESIAN_POINT('',(2.15,17.,11.));
#1406 = VECTOR('',#1407,1.);
#1407 = DIRECTION('',(0.,-1.,0.));
#1408 = PCURVE('',#658,#1409);
#1409 = DEFINITIONAL_REPRESENTATION('',(#1410),#1414);
#1410 = LINE('',#1411,#1412);
#1411 = CARTESIAN_POINT('',(-0.,0.));
#1412 = VECTOR('',#1413,1.);
#1413 = DIRECTION('',(-0.,-1.));
#1414 = ( GEOMETRIC_REPRESENTATION_CONTEXT(2) 
PARAMETRIC_REPRESENTATION_CONTEXT() REPRESENTATION_CONTEXT('2D SPACE',''
  ) );
#1415 = PCURVE('',#658,#1416);
#1416 = DEFINITIONAL_REPRESENTATION('',(#1417),#1421);
#1417 = LINE('',#1418,#1419);
#1418 = CARTESIAN_POINT('',(-6.28318530718,0.));
#1419 = VECTOR('',#1420,1.);
#1420 = DIRECTION('',(-0.,-1.));
#1421 = ( GEOMETRIC_REPRESENTATION_CONTEXT(2) 
PARAMETRIC_REPRESENTATION_CONTEXT() REPRESENTATION_CONTEXT('2D SPACE',''
  ) );
#1422 = ORIENTED_EDGE('',*,*,#1224,.T.);
#1423 = ORIENTED_EDGE('',*,*,#1402,.F.);
#1424 = ADVANCED_FACE('',(#1425),#448,.F.);
#1425 = FACE_BOUND('',#1426,.T.);
#1426 = EDGE_LOOP('',(#1427,#1752,#1773,#1774));
#1427 = ORIENTED_EDGE('',*,*,#1428,.F.);
#1428 = EDGE_CURVE('',#1429,#1429,#1431,.T.);
#1429 = VERTEX_POINT('',#1430);
#1430 = CARTESIAN_POINT('',(2.15,-3.54964786986,39.));
#1431 = SURFACE_CURVE('',#1432,(#1535,#1641),.PCURVE_S1.);
#1432 = B_SPLINE_CURVE_WITH_KNOTS('',6,(#1433,#1434,#1435,#1436,#1437,
    #1438,#1439,#1440,#1441,#1442,#1443,#1444,#1445,#1446,#1447,#1448,
    #1449,#1450,#1451,#1452,#1453,#1454,#1455,#1456,#1457,#1458,#1459,
    #1460,#1461,#1462,#1463,#1464,#1465,#1466,#1467,#1468,#1469,#1470,
    #1471,#1472,#1473,#1474,#1475,#1476,#1477,#1478,#1479,#1480,#1481,
    #1482,#1483,#1484,#1485,#1486,#1487,#1488,#1489,#1490,#1491,#1492,
    #1493,#1494,#1495,#1496,#1497,#1498,#1499,#1500,#1501,#1502,#1503,
    #1504,#1505,#1506,#1507,#1508,#1509,#1510,#1511,#1512,#1513,#1514,
    #1515,#1516,#1517,#1518,#1519,#1520,#1521,#1522,#1523,#1524,#1525,
    #1526,#1527,#1528,#1529,#1530,#1531,#1532,#1533,#1534),
  .UNSPECIFIED.,.T.,.F.,(7,5,5,5,5,5,5,5,5,5,5,5,5,5,5,5,5,5,5,5,7),(0.,
    8.75098894662E-02,0.142919158681,0.189611800315,0.24909990149,
    0.309881106839,0.337419910878,0.371717477453,0.411560903443,
    0.4531320897,0.499485576426,0.546131929521,0.587477119937,
    0.662961869538,0.689616277657,0.749152258688,0.80998238469,
    0.837543353744,0.871868525224,0.911744019785,1.),.UNSPECIFIED.);
#1433 = CARTESIAN_POINT('',(2.15,-3.54964786986,39.));
#1434 = CARTESIAN_POINT('',(2.15,-3.54964786986,39.178331088639));
#1435 = CARTESIAN_POINT('',(2.132250665869,-3.560398435457,
    39.356164155387));
#1436 = CARTESIAN_POINT('',(2.096933811311,-3.581790093593,
    39.531996224999));
#1437 = CARTESIAN_POINT('',(2.04414618908,-3.612852370204,
    39.704255704473));
#1438 = CARTESIAN_POINT('',(1.973979583236,-3.651775762874,
    39.871156966132));
#1439 = CARTESIAN_POINT('',(1.831743267789,-3.724385852922,
    40.131570012876));
#1440 = CARTESIAN_POINT('',(1.769718147328,-3.754804528562,
    40.229719240609));
#1441 = CARTESIAN_POINT('',(1.700745312833,-3.786985515767,
    40.324762717364));
#1442 = CARTESIAN_POINT('',(1.624694605201,-3.820372625654,
    40.416319756392));
#1443 = CARTESIAN_POINT('',(1.541403198506,-3.854341356881,
    40.503887492522));
#1444 = CARTESIAN_POINT('',(1.374276634088,-3.916697378444,
    40.656679677568));
#1445 = CARTESIAN_POINT('',(1.29252061915,-3.945147278671,
    40.723314339991));
#1446 = CARTESIAN_POINT('',(1.205357623086,-3.973091816355,
    40.786267796282));
#1447 = CARTESIAN_POINT('',(1.112738536174,-4.000038568495,
    40.845017952165));
#1448 = CARTESIAN_POINT('',(1.014653044805,-4.025448719848,
    40.898957723024));
#1449 = CARTESIAN_POINT('',(0.779254389042,-4.078423290534,
    41.009095111953));
#1450 = CARTESIAN_POINT('',(0.637594812812,-4.104886576651,
    41.062310346215));
#1451 = CARTESIAN_POINT('',(0.487899370745,-4.12641437934,
    41.104451706264));
#1452 = CARTESIAN_POINT('',(0.332250316291,-4.141572131882,
    41.133731888664));
#1453 = CARTESIAN_POINT('',(0.172937608573,-4.149504696389,
    41.149043937564));
#1454 = CARTESIAN_POINT('',(-0.151778902178,-4.150469068521,
    41.150905422427));
#1455 = CARTESIAN_POINT('',(-0.31489170059,-4.143166241552,
    41.136808930184));
#1456 = CARTESIAN_POINT('',(-0.4744410752,-4.128246989633,
    41.108030955227));
#1457 = CARTESIAN_POINT('',(-0.627921828315,-4.106583358945,
    41.065702925042));
#1458 = CARTESIAN_POINT('',(-0.773051360307,-4.079705436697,
    41.011723125131));
#1459 = CARTESIAN_POINT('',(-0.969031177004,-4.035765164999,
    40.920422658484));
#1460 = CARTESIAN_POINT('',(-1.028275306589,-4.021319953728,
    40.8900245372));
#1461 = CARTESIAN_POINT('',(-1.085635368882,-4.00625020159,
    40.857841901758));
#1462 = CARTESIAN_POINT('',(-1.141098179927,-3.990672326188,
    40.824011588779));
#1463 = CARTESIAN_POINT('',(-1.194657215334,-3.974698337364,
    40.788662275418));
#1464 = CARTESIAN_POINT('',(-1.310644595701,-3.938179741251,
    40.706148863004));
#1465 = CARTESIAN_POINT('',(-1.372037337293,-3.917471253194,
    40.658204651851));
#1466 = CARTESIAN_POINT('',(-1.430529275501,-3.896501585242,
    40.608283859707));
#1467 = CARTESIAN_POINT('',(-1.486162185368,-3.875448293317,
    40.556560964814));
#1468 = CARTESIAN_POINT('',(-1.538979613657,-3.854474887174,
    40.503183777672));
#1469 = CARTESIAN_POINT('',(-1.647164318101,-3.809633905323,
    40.384485034134));
#1470 = CARTESIAN_POINT('',(-1.701570600313,-3.785843575526,
    40.318619323026));
#1471 = CARTESIAN_POINT('',(-1.752301333024,-3.762600137743,
    40.250875970999));
#1472 = CARTESIAN_POINT('',(-1.799404316999,-3.740125389443,
    40.181424781487));
#1473 = CARTESIAN_POINT('',(-1.842917352773,-3.718624113879,
    40.110406974336));
#1474 = CARTESIAN_POINT('',(-1.92454932153,-3.677063726818,
    39.962322563045));
#1475 = CARTESIAN_POINT('',(-1.962356863188,-3.657105317351,
    39.885119108677));
#1476 = CARTESIAN_POINT('',(-1.996285772648,-3.638640859863,
    39.806511516607));
#1477 = CARTESIAN_POINT('',(-2.026332090927,-3.621878763942,
    39.726669583863));
#1478 = CARTESIAN_POINT('',(-2.05248781308,-3.607000657676,
    39.645747761908));
#1479 = CARTESIAN_POINT('',(-2.099545280471,-3.579836610833,
    39.472606576688));
#1480 = CARTESIAN_POINT('',(-2.119495821487,-3.568045887519,
    39.380160528576));
#1481 = CARTESIAN_POINT('',(-2.134538288527,-3.559011644469,
    39.286844525468));
#1482 = CARTESIAN_POINT('',(-2.144643794599,-3.552891795583,
    39.192945418651));
#1483 = CARTESIAN_POINT('',(-2.149798146968,-3.549770130645,
    39.098740447154));
#1484 = CARTESIAN_POINT('',(-2.150193689968,-3.549530553386,
    38.909659364161));
#1485 = CARTESIAN_POINT('',(-2.145371921531,-3.552450761958,
    38.814839959166));
#1486 = CARTESIAN_POINT('',(-2.135535319695,-3.558411191816,
    38.720313355998));
#1487 = CARTESIAN_POINT('',(-2.120697791806,-3.567329706783,
    38.626362716304));
#1488 = CARTESIAN_POINT('',(-2.100888455378,-3.579047840481,
    38.5332808373));
#1489 = CARTESIAN_POINT('',(-2.054238567083,-3.606001217311,
    38.359905525011));
#1490 = CARTESIAN_POINT('',(-2.028453427346,-3.620685330561,
    38.279362516539));
#1491 = CARTESIAN_POINT('',(-1.998818954015,-3.637241390114,
    38.1998796953));
#1492 = CARTESIAN_POINT('',(-1.965343456252,-3.655491610909,
    38.121609448615));
#1493 = CARTESIAN_POINT('',(-1.928031473739,-3.675231772386,
    38.044719038188));
#1494 = CARTESIAN_POINT('',(-1.81177096634,-3.734581495309,
    37.831863742741));
#1495 = CARTESIAN_POINT('',(-1.723914143352,-3.777122375027,
    37.699604019887));
#1496 = CARTESIAN_POINT('',(-1.623140292687,-3.822585933391,
    37.573301297075));
#1497 = CARTESIAN_POINT('',(-1.509034694307,-3.869539541031,
    37.453967392133));
#1498 = CARTESIAN_POINT('',(-1.381099566757,-3.916279862996,
    37.343100232556));
#1499 = CARTESIAN_POINT('',(-1.188754248869,-3.97644682849,
    37.207477905305));
#1500 = CARTESIAN_POINT('',(-1.13677652826,-3.991867987809,
    37.173404627165));
#1501 = CARTESIAN_POINT('',(-1.08301650329,-4.006911538544,
    37.140760417678));
#1502 = CARTESIAN_POINT('',(-1.027480701568,-4.021476154467,
    37.10966248225));
#1503 = CARTESIAN_POINT('',(-0.970181522989,-4.03545667749,
    37.080235117825));
#1504 = CARTESIAN_POINT('',(-0.779254388986,-4.078423290546,
    36.990904888021));
#1505 = CARTESIAN_POINT('',(-0.63759481283,-4.104886576642,
    36.937689653805));
#1506 = CARTESIAN_POINT('',(-0.487899370807,-4.126414379332,
    36.89554829375));
#1507 = CARTESIAN_POINT('',(-0.332250316306,-4.141572131888,
    36.866268111324));
#1508 = CARTESIAN_POINT('',(-0.172937608508,-4.14950469639,
    36.850956062435));
#1509 = CARTESIAN_POINT('',(0.151778902178,-4.150469068521,
    36.849094577573));
#1510 = CARTESIAN_POINT('',(0.31489170059,-4.143166241552,
    36.863191069816));
#1511 = CARTESIAN_POINT('',(0.4744410752,-4.128246989633,36.891969044773
    ));
#1512 = CARTESIAN_POINT('',(0.627921828314,-4.106583358945,
    36.934297074958));
#1513 = CARTESIAN_POINT('',(0.773051360307,-4.079705436697,
    36.988276874869));
#1514 = CARTESIAN_POINT('',(0.969031177004,-4.035765164999,
    37.079577341516));
#1515 = CARTESIAN_POINT('',(1.028275306589,-4.021319953728,37.1099754628
    ));
#1516 = CARTESIAN_POINT('',(1.085635368882,-4.00625020159,
    37.142158098242));
#1517 = CARTESIAN_POINT('',(1.141098179927,-3.990672326188,
    37.175988411221));
#1518 = CARTESIAN_POINT('',(1.194657215334,-3.974698337364,
    37.211337724582));
#1519 = CARTESIAN_POINT('',(1.310644595701,-3.938179741251,
    37.293851136996));
#1520 = CARTESIAN_POINT('',(1.372037337293,-3.917471253194,
    37.341795348149));
#1521 = CARTESIAN_POINT('',(1.430529275501,-3.896501585242,
    37.391716140293));
#1522 = CARTESIAN_POINT('',(1.486162185368,-3.875448293317,
    37.443439035186));
#1523 = CARTESIAN_POINT('',(1.538979613657,-3.854474887175,
    37.496816222327));
#1524 = CARTESIAN_POINT('',(1.647164318101,-3.809633905323,
    37.615514965866));
#1525 = CARTESIAN_POINT('',(1.701570600313,-3.785843575526,
    37.681380676974));
#1526 = CARTESIAN_POINT('',(1.752301333024,-3.762600137743,
    37.749124029001));
#1527 = CARTESIAN_POINT('',(1.799404316999,-3.740125389443,
    37.818575218513));
#1528 = CARTESIAN_POINT('',(1.842917352773,-3.718624113879,
    37.889593025664));
#1529 = CARTESIAN_POINT('',(1.971287585632,-3.653268388102,
    38.122462949661));
#1530 = CARTESIAN_POINT('',(2.042526477528,-3.613805096708,
    38.290479312225));
#1531 = CARTESIAN_POINT('',(2.096119822979,-3.58228314309,
    38.463970785274));
#1532 = CARTESIAN_POINT('',(2.13197691085,-3.560564241372,
    38.641111810878));
#1533 = CARTESIAN_POINT('',(2.15,-3.54964786986,38.820298819841));
#1534 = CARTESIAN_POINT('',(2.15,-3.54964786986,39.));
#1535 = PCURVE('',#448,#1536);
#1536 = DEFINITIONAL_REPRESENTATION('',(#1537),#1640);
#1537 = B_SPLINE_CURVE_WITH_KNOTS('',6,(#1538,#1539,#1540,#1541,#1542,
    #1543,#1544,#1545,#1546,#1547,#1548,#1549,#1550,#1551,#1552,#1553,
    #1554,#1555,#1556,#1557,#1558,#1559,#1560,#1561,#1562,#1563,#1564,
    #1565,#1566,#1567,#1568,#1569,#1570,#1571,#1572,#1573,#1574,#1575,
    #1576,#1577,#1578,#1579,#1580,#1581,#1582,#1583,#1584,#1585,#1586,
    #1587,#1588,#1589,#1590,#1591,#1592,#1593,#1594,#1595,#1596,#1597,
    #1598,#1599,#1600,#1601,#1602,#1603,#1604,#1605,#1606,#1607,#1608,
    #1609,#1610,#1611,#1612,#1613,#1614,#1615,#1616,#1617,#1618,#1619,
    #1620,#1621,#1622,#1623,#1624,#1625,#1626,#1627,#1628,#1629,#1630,
    #1631,#1632,#1633,#1634,#1635,#1636,#1637,#1638,#1639),
  .UNSPECIFIED.,.F.,.F.,(7,5,5,5,5,5,5,5,5,5,5,5,5,5,5,5,5,5,5,5,7),(0.,
    8.75098894662E-02,0.142919158681,0.189611800315,0.24909990149,
    0.309881106839,0.337419910878,0.371717477453,0.411560903443,
    0.4531320897,0.499485576426,0.546131929521,0.587477119937,
    0.662961869538,0.689616277657,0.749152258688,0.80998238469,
    0.837543353744,0.871868525224,0.911744019785,1.),.UNSPECIFIED.);
#1538 = CARTESIAN_POINT('',(0.,-20.54964786986));
#1539 = CARTESIAN_POINT('',(-8.294469239012E-02,-20.54964786986));
#1540 = CARTESIAN_POINT('',(-0.16565756551,-20.56039843545));
#1541 = CARTESIAN_POINT('',(-0.248467881263,-20.58179009359));
#1542 = CARTESIAN_POINT('',(-0.331639696043,-20.6128523702));
#1543 = CARTESIAN_POINT('',(-0.415412063552,-20.65177576287));
#1544 = CARTESIAN_POINT('',(-0.553424003957,-20.72438585292));
#1545 = CARTESIAN_POINT('',(-0.607316822432,-20.75480452856));
#1546 = CARTESIAN_POINT('',(-0.661767159744,-20.78698551576));
#1547 = CARTESIAN_POINT('',(-0.716943172252,-20.82037262565));
#1548 = CARTESIAN_POINT('',(-0.773017412559,-20.85434135688));
#1549 = CARTESIAN_POINT('',(-0.878340054556,-20.91669737844));
#1550 = CARTESIAN_POINT('',(-0.927317331267,-20.94514727867));
#1551 = CARTESIAN_POINT('',(-0.977197109274,-20.97309181635));
#1552 = CARTESIAN_POINT('',(-1.028066245814,-21.00003856849));
#1553 = CARTESIAN_POINT('',(-1.080020367699,-21.02544871984));
#1554 = CARTESIAN_POINT('',(-1.200899401204,-21.07842329053));
#1555 = CARTESIAN_POINT('',(-1.271067617585,-21.10488657665));
#1556 = CARTESIAN_POINT('',(-1.342997880997,-21.12641437934));
#1557 = CARTESIAN_POINT('',(-1.416220502228,-21.14157213188));
#1558 = CARTESIAN_POINT('',(-1.490358970896,-21.14950469638));
#1559 = CARTESIAN_POINT('',(-1.641392387791,-21.15046906852));
#1560 = CARTESIAN_POINT('',(-1.717219883081,-21.14316624155));
#1561 = CARTESIAN_POINT('',(-1.792151872389,-21.12824698963));
#1562 = CARTESIAN_POINT('',(-1.865771585519,-21.10658335894));
#1563 = CARTESIAN_POINT('',(-1.937561908444,-21.07970543669));
#1564 = CARTESIAN_POINT('',(-2.038121579454,-21.03576516499));
#1565 = CARTESIAN_POINT('',(-2.069070099754,-21.02131995372));
#1566 = CARTESIAN_POINT('',(-2.099630241508,-21.00625020159));
#1567 = CARTESIAN_POINT('',(-2.129817938335,-20.99067232618));
#1568 = CARTESIAN_POINT('',(-2.159647493724,-20.97469833736));
#1569 = CARTESIAN_POINT('',(-2.225853550012,-20.93817974125));
#1570 = CARTESIAN_POINT('',(-2.262047899514,-20.91747125319));
#1571 = CARTESIAN_POINT('',(-2.297764843334,-20.89650158524));
#1572 = CARTESIAN_POINT('',(-2.333049698854,-20.87544829331));
#1573 = CARTESIAN_POINT('',(-2.367946775192,-20.85447488717));
#1574 = CARTESIAN_POINT('',(-2.44264584262,-20.80963390532));
#1575 = CARTESIAN_POINT('',(-2.482333799778,-20.78584357552));
#1576 = CARTESIAN_POINT('',(-2.521631998685,-20.76260013774));
#1577 = CARTESIAN_POINT('',(-2.560600505378,-20.74012538944));
#1578 = CARTESIAN_POINT('',(-2.599298341265,-20.71862411387));
#1579 = CARTESIAN_POINT('',(-2.677946700092,-20.67706372681));
#1580 = CARTESIAN_POINT('',(-2.717883013444,-20.65710531735));
#1581 = CARTESIAN_POINT('',(-2.757636975873,-20.63864085986));
#1582 = CARTESIAN_POINT('',(-2.797248581286,-20.62187876394));
#1583 = CARTESIAN_POINT('',(-2.836759747778,-20.60700065767));
#1584 = CARTESIAN_POINT('',(-2.920211868244,-20.57983661083));
#1585 = CARTESIAN_POINT('',(-2.964138508183,-20.56804588751));
#1586 = CARTESIAN_POINT('',(-3.008010302008,-20.55901164446));
#1587 = CARTESIAN_POINT('',(-3.05184554685,-20.55289179558));
#1588 = CARTESIAN_POINT('',(-3.095666766779,-20.54977013064));
#1589 = CARTESIAN_POINT('',(-3.183611648972,-20.54953055338));
#1590 = CARTESIAN_POINT('',(-3.227708945424,-20.55245076195));
#1591 = CARTESIAN_POINT('',(-3.271819534754,-20.55841119181));
#1592 = CARTESIAN_POINT('',(-3.315966075585,-20.56732970678));
#1593 = CARTESIAN_POINT('',(-3.360166970456,-20.57904784048));
#1594 = CARTESIAN_POINT('',(-3.443674723586,-20.60600121731));
#1595 = CARTESIAN_POINT('',(-3.482966106187,-20.62068533056));
#1596 = CARTESIAN_POINT('',(-3.522355209571,-20.63724139011));
#1597 = CARTESIAN_POINT('',(-3.561882917906,-20.6554916109));
#1598 = CARTESIAN_POINT('',(-3.601588181848,-20.67523177238));
#1599 = CARTESIAN_POINT('',(-3.714395787754,-20.7345814953));
#1600 = CARTESIAN_POINT('',(-3.787972021114,-20.77712237502));
#1601 = CARTESIAN_POINT('',(-3.86269242816,-20.82258593339));
#1602 = CARTESIAN_POINT('',(-3.939003510718,-20.86953954103));
#1603 = CARTESIAN_POINT('',(-4.017350340179,-20.91627986299));
#1604 = CARTESIAN_POINT('',(-4.126815964816,-20.97644682849));
#1605 = CARTESIAN_POINT('',(-4.155706705237,-20.9918679878));
#1606 = CARTESIAN_POINT('',(-4.184933544178,-21.00691153854));
#1607 = CARTESIAN_POINT('',(-4.214509615266,-21.02147615446));
#1608 = CARTESIAN_POINT('',(-4.244449492288,-21.03545667749));
#1609 = CARTESIAN_POINT('',(-4.342492054822,-21.07842329054));
#1610 = CARTESIAN_POINT('',(-4.412660271163,-21.10488657664));
#1611 = CARTESIAN_POINT('',(-4.484590534559,-21.12641437933));
#1612 = CARTESIAN_POINT('',(-4.557813155811,-21.14157213188));
#1613 = CARTESIAN_POINT('',(-4.631951624516,-21.14950469639));
#1614 = CARTESIAN_POINT('',(-4.782985041381,-21.15046906852));
#1615 = CARTESIAN_POINT('',(-4.858812536671,-21.14316624155));
#1616 = CARTESIAN_POINT('',(-4.933744525979,-21.12824698963));
#1617 = CARTESIAN_POINT('',(-5.007364239108,-21.10658335894));
#1618 = CARTESIAN_POINT('',(-5.079154562034,-21.07970543669));
#1619 = CARTESIAN_POINT('',(-5.179714233044,-21.03576516499));
#1620 = CARTESIAN_POINT('',(-5.210662753344,-21.02131995372));
#1621 = CARTESIAN_POINT('',(-5.241222895098,-21.00625020159));
#1622 = CARTESIAN_POINT('',(-5.271410591924,-20.99067232618));
#1623 = CARTESIAN_POINT('',(-5.301240147314,-20.97469833736));
#1624 = CARTESIAN_POINT('',(-5.367446203602,-20.93817974125));
#1625 = CARTESIAN_POINT('',(-5.403640553104,-20.91747125319));
#1626 = CARTESIAN_POINT('',(-5.439357496924,-20.89650158524));
#1627 = CARTESIAN_POINT('',(-5.474642352444,-20.87544829331));
#1628 = CARTESIAN_POINT('',(-5.509539428782,-20.85447488717));
#1629 = CARTESIAN_POINT('',(-5.58423849621,-20.80963390532));
#1630 = CARTESIAN_POINT('',(-5.623926453368,-20.78584357552));
#1631 = CARTESIAN_POINT('',(-5.663224652275,-20.76260013774));
#1632 = CARTESIAN_POINT('',(-5.702193158968,-20.74012538944));
#1633 = CARTESIAN_POINT('',(-5.740890994855,-20.71862411387));
#1634 = CARTESIAN_POINT('',(-5.864569356291,-20.6532683881));
#1635 = CARTESIAN_POINT('',(-5.949002756816,-20.6138050967));
#1636 = CARTESIAN_POINT('',(-6.032817742087,-20.58228314309));
#1637 = CARTESIAN_POINT('',(-6.116260755142,-20.56056424137));
#1638 = CARTESIAN_POINT('',(-6.19960336292,-20.54964786986));
#1639 = CARTESIAN_POINT('',(-6.28318530718,-20.54964786986));
#1640 = ( GEOMETRIC_REPRESENTATION_CONTEXT(2) 
PARAMETRIC_REPRESENTATION_CONTEXT() REPRESENTATION_CONTEXT('2D SPACE',''
  ) );
#1641 = PCURVE('',#1642,#1647);
#1642 = CYLINDRICAL_SURFACE('',#1643,4.15);
#1643 = AXIS2_PLACEMENT_3D('',#1644,#1645,#1646);
#1644 = CARTESIAN_POINT('',(0.,0.,50.));
#1645 = DIRECTION('',(0.,0.,-1.));
#1646 = DIRECTION('',(-1.,0.,0.));
#1647 = DEFINITIONAL_REPRESENTATION('',(#1648),#1751);
#1648 = B_SPLINE_CURVE_WITH_KNOTS('',6,(#1649,#1650,#1651,#1652,#1653,
    #1654,#1655,#1656,#1657,#1658,#1659,#1660,#1661,#1662,#1663,#1664,
    #1665,#1666,#1667,#1668,#1669,#1670,#1671,#1672,#1673,#1674,#1675,
    #1676,#1677,#1678,#1679,#1680,#1681,#1682,#1683,#1684,#1685,#1686,
    #1687,#1688,#1689,#1690,#1691,#1692,#1693,#1694,#1695,#1696,#1697,
    #1698,#1699,#1700,#1701,#1702,#1703,#1704,#1705,#1706,#1707,#1708,
    #1709,#1710,#1711,#1712,#1713,#1714,#1715,#1716,#1717,#1718,#1719,
    #1720,#1721,#1722,#1723,#1724,#1725,#1726,#1727,#1728,#1729,#1730,
    #1731,#1732,#1733,#1734,#1735,#1736,#1737,#1738,#1739,#1740,#1741,
    #1742,#1743,#1744,#1745,#1746,#1747,#1748,#1749,#1750),
  .UNSPECIFIED.,.T.,.F.,(7,5,5,5,5,5,5,5,5,5,5,5,5,5,5,5,5,5,5,5,7),(0.,
    8.75098894662E-02,0.142919158681,0.189611800315,0.24909990149,
    0.309881106839,0.337419910878,0.371717477453,0.411560903443,
    0.4531320897,0.499485576426,0.546131929521,0.587477119937,
    0.662961869538,0.689616277657,0.749152258688,0.80998238469,
    0.837543353744,0.871868525224,0.911744019785,1.),.UNSPECIFIED.);
#1649 = CARTESIAN_POINT('',(4.167793316655,11.));
#1650 = CARTESIAN_POINT('',(4.167793316655,10.821668911361));
#1651 = CARTESIAN_POINT('',(4.172793516626,10.643835844613));
#1652 = CARTESIAN_POINT('',(4.182743425543,10.468003775001));
#1653 = CARTESIAN_POINT('',(4.19749980955,10.295744295527));
#1654 = CARTESIAN_POINT('',(4.216823043152,10.128843033868));
#1655 = CARTESIAN_POINT('',(4.255304446237,9.868429987124));
#1656 = CARTESIAN_POINT('',(4.271948683362,9.770280759391));
#1657 = CARTESIAN_POINT('',(4.29028322045,9.675237282636));
#1658 = CARTESIAN_POINT('',(4.310287584624,9.583680243608));
#1659 = CARTESIAN_POINT('',(4.331952932465,9.496112507478));
#1660 = CARTESIAN_POINT('',(4.374936157905,9.343320322432));
#1661 = CARTESIAN_POINT('',(4.395789959766,9.276685660009));
#1662 = CARTESIAN_POINT('',(4.417835560715,9.213732203718));
#1663 = CARTESIAN_POINT('',(4.441064547304,9.154982047835));
#1664 = CARTESIAN_POINT('',(4.465467230855,9.101042276976));
#1665 = CARTESIAN_POINT('',(4.523608384981,8.990904888047));
#1666 = CARTESIAN_POINT('',(4.558310427173,8.937689653785));
#1667 = CARTESIAN_POINT('',(4.594702388439,8.895548293736));
#1668 = CARTESIAN_POINT('',(4.632322921329,8.866268111336));
#1669 = CARTESIAN_POINT('',(4.67071709243,8.850956062436));
#1670 = CARTESIAN_POINT('',(4.748962379849,8.849094577573));
#1671 = CARTESIAN_POINT('',(4.788261341766,8.863191069816));
#1672 = CARTESIAN_POINT('',(4.826807070043,8.891969044773));
#1673 = CARTESIAN_POINT('',(4.864102706525,8.934297074958));
#1674 = CARTESIAN_POINT('',(4.899643498311,8.988276874869));
#1675 = CARTESIAN_POINT('',(4.948039957041,9.079577341516));
#1676 = CARTESIAN_POINT('',(4.962731333102,9.1099754628));
#1677 = CARTESIAN_POINT('',(4.977018827002,9.142158098242));
#1678 = CARTESIAN_POINT('',(4.990897745549,9.175988411221));
#1679 = CARTESIAN_POINT('',(5.004363765919,9.211337724582));
#1680 = CARTESIAN_POINT('',(5.033665089899,9.293851136996));
#1681 = CARTESIAN_POINT('',(5.049274232096,9.341795348149));
#1682 = CARTESIAN_POINT('',(5.06424326705,9.391716140293));
#1683 = CARTESIAN_POINT('',(5.078573646946,9.443439035186));
#1684 = CARTESIAN_POINT('',(5.092265913836,9.496816222328));
#1685 = CARTESIAN_POINT('',(5.120485079658,9.615514965866));
#1686 = CARTESIAN_POINT('',(5.134790935782,9.681380676974));
#1687 = CARTESIAN_POINT('',(5.148234414109,9.749124029001));
#1688 = CARTESIAN_POINT('',(5.160808461532,9.818575218513));
#1689 = CARTESIAN_POINT('',(5.17250290558,9.889593025664));
#1690 = CARTESIAN_POINT('',(5.194575831461,10.037677436955));
#1691 = CARTESIAN_POINT('',(5.204876434898,10.114880891323));
#1692 = CARTESIAN_POINT('',(5.214183397057,10.193488483393));
#1693 = CARTESIAN_POINT('',(5.222473463291,10.273330416137));
#1694 = CARTESIAN_POINT('',(5.229724203737,10.354252238092));
#1695 = CARTESIAN_POINT('',(5.242816971391,10.527393423312));
#1696 = CARTESIAN_POINT('',(5.248400850028,10.619839471424));
#1697 = CARTESIAN_POINT('',(5.252628924897,10.713155474532));
#1698 = CARTESIAN_POINT('',(5.255475760275,10.807054581349));
#1699 = CARTESIAN_POINT('',(5.256927778509,10.901259552846));
#1700 = CARTESIAN_POINT('',(5.257039210037,11.090340635839));
#1701 = CARTESIAN_POINT('',(5.255680889184,11.185160040834));
#1702 = CARTESIAN_POINT('',(5.252909375091,11.279686644002));
#1703 = CARTESIAN_POINT('',(5.248737989067,11.373637283696));
#1704 = CARTESIAN_POINT('',(5.243192299149,11.4667191627));
#1705 = CARTESIAN_POINT('',(5.230209966725,11.640094474989));
#1706 = CARTESIAN_POINT('',(5.2230599497,11.720637483461));
#1707 = CARTESIAN_POINT('',(5.21488071648,11.8001203047));
#1708 = CARTESIAN_POINT('',(5.205694357453,11.878390551385));
#1709 = CARTESIAN_POINT('',(5.195523860774,11.955280961812));
#1710 = CARTESIAN_POINT('',(5.164070097126,12.168136257259));
#1711 = CARTESIAN_POINT('',(5.140553798057,12.300395980113));
#1712 = CARTESIAN_POINT('',(5.113930015893,12.426698702925));
#1713 = CARTESIAN_POINT('',(5.084227673595,12.546032607867));
#1714 = CARTESIAN_POINT('',(5.051443376646,12.656899767444));
#1715 = CARTESIAN_POINT('',(5.002880469684,12.792522094695));
#1716 = CARTESIAN_POINT('',(4.989817492603,12.826595372835));
#1717 = CARTESIAN_POINT('',(4.976368197856,12.859239582322));
#1718 = CARTESIAN_POINT('',(4.962536514746,12.89033751775));
#1719 = CARTESIAN_POINT('',(4.948326701158,12.919764882175));
#1720 = CARTESIAN_POINT('',(4.901169575775,13.009095111979));
#1721 = CARTESIAN_POINT('',(4.866467533601,13.062310346195));
#1722 = CARTESIAN_POINT('',(4.830075572345,13.10445170625));
#1723 = CARTESIAN_POINT('',(4.792455039444,13.133731888676));
#1724 = CARTESIAN_POINT('',(4.754060868324,13.149043937565));
#1725 = CARTESIAN_POINT('',(4.675815580921,13.150905422427));
#1726 = CARTESIAN_POINT('',(4.636516619004,13.136808930184));
#1727 = CARTESIAN_POINT('',(4.597970890726,13.108030955227));
#1728 = CARTESIAN_POINT('',(4.560675254244,13.065702925042));
#1729 = CARTESIAN_POINT('',(4.525134462458,13.011723125131));
#1730 = CARTESIAN_POINT('',(4.476738003729,12.920422658484));
#1731 = CARTESIAN_POINT('',(4.462046627667,12.8900245372));
#1732 = CARTESIAN_POINT('',(4.447759133767,12.857841901758));
#1733 = CARTESIAN_POINT('',(4.43388021522,12.824011588779));
#1734 = CARTESIAN_POINT('',(4.42041419485,12.788662275418));
#1735 = CARTESIAN_POINT('',(4.391112870871,12.706148863004));
#1736 = CARTESIAN_POINT('',(4.375503728673,12.658204651851));
#1737 = CARTESIAN_POINT('',(4.360534693719,12.608283859707));
#1738 = CARTESIAN_POINT('',(4.346204313823,12.556560964814));
#1739 = CARTESIAN_POINT('',(4.332512046934,12.503183777673));
#1740 = CARTESIAN_POINT('',(4.304292881111,12.384485034134));
#1741 = CARTESIAN_POINT('',(4.289987024987,12.318619323026));
#1742 = CARTESIAN_POINT('',(4.27654354666,12.250875970999));
#1743 = CARTESIAN_POINT('',(4.263969499238,12.181424781487));
#1744 = CARTESIAN_POINT('',(4.25227505519,12.110406974336));
#1745 = CARTESIAN_POINT('',(4.217564307937,11.877537050339));
#1746 = CARTESIAN_POINT('',(4.197952533324,11.709520687775));
#1747 = CARTESIAN_POINT('',(4.182972762767,11.536029214726));
#1748 = CARTESIAN_POINT('',(4.172870632555,11.358888189122));
#1749 = CARTESIAN_POINT('',(4.167793316655,11.179701180159));
#1750 = CARTESIAN_POINT('',(4.167793316655,11.));
#1751 = ( GEOMETRIC_REPRESENTATION_CONTEXT(2) 
PARAMETRIC_REPRESENTATION_CONTEXT() REPRESENTATION_CONTEXT('2D SPACE',''
  ) );
#1752 = ORIENTED_EDGE('',*,*,#1753,.T.);
#1753 = EDGE_CURVE('',#1429,#319,#1754,.T.);
#1754 = SEAM_CURVE('',#1755,(#1759,#1766),.PCURVE_S1.);
#1755 = LINE('',#1756,#1757);
#1756 = CARTESIAN_POINT('',(2.15,17.,39.));
#1757 = VECTOR('',#1758,1.);
#1758 = DIRECTION('',(0.,-1.,0.));
#1759 = PCURVE('',#448,#1760);
#1760 = DEFINITIONAL_REPRESENTATION('',(#1761),#1765);
#1761 = LINE('',#1762,#1763);
#1762 = CARTESIAN_POINT('',(-0.,0.));
#1763 = VECTOR('',#1764,1.);
#1764 = DIRECTION('',(-0.,-1.));
#1765 = ( GEOMETRIC_REPRESENTATION_CONTEXT(2) 
PARAMETRIC_REPRESENTATION_CONTEXT() REPRESENTATION_CONTEXT('2D SPACE',''
  ) );
#1766 = PCURVE('',#448,#1767);
#1767 = DEFINITIONAL_REPRESENTATION('',(#1768),#1772);
#1768 = LINE('',#1769,#1770);
#1769 = CARTESIAN_POINT('',(-6.28318530718,0.));
#1770 = VECTOR('',#1771,1.);
#1771 = DIRECTION('',(-0.,-1.));
#1772 = ( GEOMETRIC_REPRESENTATION_CONTEXT(2) 
PARAMETRIC_REPRESENTATION_CONTEXT() REPRESENTATION_CONTEXT('2D SPACE',''
  ) );
#1773 = ORIENTED_EDGE('',*,*,#318,.F.);
#1774 = ORIENTED_EDGE('',*,*,#1753,.F.);
#1775 = ADVANCED_FACE('',(#1776,#1857,#2179),#1642,.F.);
#1776 = FACE_BOUND('',#1777,.F.);
#1777 = EDGE_LOOP('',(#1778,#1803,#1830,#1831));
#1778 = ORIENTED_EDGE('',*,*,#1779,.T.);
#1779 = EDGE_CURVE('',#1780,#1782,#1784,.T.);
#1780 = VERTEX_POINT('',#1781);
#1781 = CARTESIAN_POINT('',(-4.15,-1.016456843292E-15,50.));
#1782 = VERTEX_POINT('',#1783);
#1783 = CARTESIAN_POINT('',(-4.15,-1.016456843292E-15,28.));
#1784 = SEAM_CURVE('',#1785,(#1789,#1796),.PCURVE_S1.);
#1785 = LINE('',#1786,#1787);
#1786 = CARTESIAN_POINT('',(-4.15,-1.016456843292E-15,50.));
#1787 = VECTOR('',#1788,1.);
#1788 = DIRECTION('',(0.,0.,-1.));
#1789 = PCURVE('',#1642,#1790);
#1790 = DEFINITIONAL_REPRESENTATION('',(#1791),#1795);
#1791 = LINE('',#1792,#1793);
#1792 = CARTESIAN_POINT('',(6.28318530718,-0.));
#1793 = VECTOR('',#1794,1.);
#1794 = DIRECTION('',(0.,1.));
#1795 = ( GEOMETRIC_REPRESENTATION_CONTEXT(2) 
PARAMETRIC_REPRESENTATION_CONTEXT() REPRESENTATION_CONTEXT('2D SPACE',''
  ) );
#1796 = PCURVE('',#1642,#1797);
#1797 = DEFINITIONAL_REPRESENTATION('',(#1798),#1802);
#1798 = LINE('',#1799,#1800);
#1799 = CARTESIAN_POINT('',(0.,-0.));
#1800 = VECTOR('',#1801,1.);
#1801 = DIRECTION('',(0.,1.));
#1802 = ( GEOMETRIC_REPRESENTATION_CONTEXT(2) 
PARAMETRIC_REPRESENTATION_CONTEXT() REPRESENTATION_CONTEXT('2D SPACE',''
  ) );
#1803 = ORIENTED_EDGE('',*,*,#1804,.F.);
#1804 = EDGE_CURVE('',#1782,#1782,#1805,.T.);
#1805 = SURFACE_CURVE('',#1806,(#1811,#1818),.PCURVE_S1.);
#1806 = CIRCLE('',#1807,4.15);
#1807 = AXIS2_PLACEMENT_3D('',#1808,#1809,#1810);
#1808 = CARTESIAN_POINT('',(0.,0.,28.));
#1809 = DIRECTION('',(0.,0.,-1.));
#1810 = DIRECTION('',(-1.,0.,0.));
#1811 = PCURVE('',#1642,#1812);
#1812 = DEFINITIONAL_REPRESENTATION('',(#1813),#1817);
#1813 = LINE('',#1814,#1815);
#1814 = CARTESIAN_POINT('',(0.,22.));
#1815 = VECTOR('',#1816,1.);
#1816 = DIRECTION('',(1.,0.));
#1817 = ( GEOMETRIC_REPRESENTATION_CONTEXT(2) 
PARAMETRIC_REPRESENTATION_CONTEXT() REPRESENTATION_CONTEXT('2D SPACE',''
  ) );
#1818 = PCURVE('',#1819,#1824);
#1819 = PLANE('',#1820);
#1820 = AXIS2_PLACEMENT_3D('',#1821,#1822,#1823);
#1821 = CARTESIAN_POINT('',(0.,0.,28.));
#1822 = DIRECTION('',(0.,0.,-1.));
#1823 = DIRECTION('',(-1.,0.,0.));
#1824 = DEFINITIONAL_REPRESENTATION('',(#1825),#1829);
#1825 = CIRCLE('',#1826,4.15);
#1826 = AXIS2_PLACEMENT_2D('',#1827,#1828);
#1827 = CARTESIAN_POINT('',(0.,0.));
#1828 = DIRECTION('',(1.,0.));
#1829 = ( GEOMETRIC_REPRESENTATION_CONTEXT(2) 
PARAMETRIC_REPRESENTATION_CONTEXT() REPRESENTATION_CONTEXT('2D SPACE',''
  ) );
#1830 = ORIENTED_EDGE('',*,*,#1779,.F.);
#1831 = ORIENTED_EDGE('',*,*,#1832,.T.);
#1832 = EDGE_CURVE('',#1780,#1780,#1833,.T.);
#1833 = SURFACE_CURVE('',#1834,(#1839,#1846),.PCURVE_S1.);
#1834 = CIRCLE('',#1835,4.15);
#1835 = AXIS2_PLACEMENT_3D('',#1836,#1837,#1838);
#1836 = CARTESIAN_POINT('',(0.,0.,50.));
#1837 = DIRECTION('',(0.,0.,-1.));
#1838 = DIRECTION('',(-1.,0.,0.));
#1839 = PCURVE('',#1642,#1840);
#1840 = DEFINITIONAL_REPRESENTATION('',(#1841),#1845);
#1841 = LINE('',#1842,#1843);
#1842 = CARTESIAN_POINT('',(0.,0.));
#1843 = VECTOR('',#1844,1.);
#1844 = DIRECTION('',(1.,0.));
#1845 = ( GEOMETRIC_REPRESENTATION_CONTEXT(2) 
PARAMETRIC_REPRESENTATION_CONTEXT() REPRESENTATION_CONTEXT('2D SPACE',''
  ) );
#1846 = PCURVE('',#94,#1847);
#1847 = DEFINITIONAL_REPRESENTATION('',(#1848),#1856);
#1848 = ( BOUNDED_CURVE() B_SPLINE_CURVE(2,(#1849,#1850,#1851,#1852,
#1853,#1854,#1855),.UNSPECIFIED.,.T.,.F.) B_SPLINE_CURVE_WITH_KNOTS((1,2
    ,2,2,2,1),(-2.094395102393,0.,2.094395102393,4.188790204786,
6.28318530718,8.377580409573),.UNSPECIFIED.) CURVE() 
GEOMETRIC_REPRESENTATION_ITEM() RATIONAL_B_SPLINE_CURVE((1.,0.5,1.,0.5,
1.,0.5,1.)) REPRESENTATION_ITEM('') );
#1849 = CARTESIAN_POINT('',(-4.15,-1.236537197009E-15));
#1850 = CARTESIAN_POINT('',(-4.15,7.188010851411));
#1851 = CARTESIAN_POINT('',(2.075,3.594005425705));
#1852 = CARTESIAN_POINT('',(8.3,-2.200803537171E-16));
#1853 = CARTESIAN_POINT('',(2.075,-3.594005425705));
#1854 = CARTESIAN_POINT('',(-4.15,-7.188010851411));
#1855 = CARTESIAN_POINT('',(-4.15,-1.236537197009E-15));
#1856 = ( GEOMETRIC_REPRESENTATION_CONTEXT(2) 
PARAMETRIC_REPRESENTATION_CONTEXT() REPRESENTATION_CONTEXT('2D SPACE',''
  ) );
#1857 = FACE_BOUND('',#1858,.F.);
#1858 = EDGE_LOOP('',(#1859));
#1859 = ORIENTED_EDGE('',*,*,#1860,.T.);
#1860 = EDGE_CURVE('',#1861,#1861,#1863,.T.);
#1861 = VERTEX_POINT('',#1862);
#1862 = CARTESIAN_POINT('',(2.15,3.54964786986,39.));
#1863 = SURFACE_CURVE('',#1864,(#1967,#2073),.PCURVE_S1.);
#1864 = B_SPLINE_CURVE_WITH_KNOTS('',6,(#1865,#1866,#1867,#1868,#1869,
    #1870,#1871,#1872,#1873,#1874,#1875,#1876,#1877,#1878,#1879,#1880,
    #1881,#1882,#1883,#1884,#1885,#1886,#1887,#1888,#1889,#1890,#1891,
    #1892,#1893,#1894,#1895,#1896,#1897,#1898,#1899,#1900,#1901,#1902,
    #1903,#1904,#1905,#1906,#1907,#1908,#1909,#1910,#1911,#1912,#1913,
    #1914,#1915,#1916,#1917,#1918,#1919,#1920,#1921,#1922,#1923,#1924,
    #1925,#1926,#1927,#1928,#1929,#1930,#1931,#1932,#1933,#1934,#1935,
    #1936,#1937,#1938,#1939,#1940,#1941,#1942,#1943,#1944,#1945,#1946,
    #1947,#1948,#1949,#1950,#1951,#1952,#1953,#1954,#1955,#1956,#1957,
    #1958,#1959,#1960,#1961,#1962,#1963,#1964,#1965,#1966),
  .UNSPECIFIED.,.T.,.F.,(7,5,5,5,5,5,5,5,5,5,5,5,5,5,5,5,5,5,5,5,7),(0.,
    8.750988271425E-02,0.142919147654,0.189611785664,0.249099882223,
    0.309881082878,0.33741988479,0.371717448712,0.41156087162,
    0.453132054662,0.499485537803,0.546131887291,0.587477074509,
    0.662961818317,0.689616227447,0.74915221813,0.809982353973,
    0.837543327484,0.871868504512,0.911744005519,1.),.UNSPECIFIED.);
#1865 = CARTESIAN_POINT('',(2.15,3.54964786986,39.));
#1866 = CARTESIAN_POINT('',(2.15,3.54964786986,39.178331088639));
#1867 = CARTESIAN_POINT('',(2.132250665869,3.560398435457,
    39.356164155386));
#1868 = CARTESIAN_POINT('',(2.096933811311,3.581790093593,
    39.531996224999));
#1869 = CARTESIAN_POINT('',(2.04414618908,3.612852370203,39.704255704473
    ));
#1870 = CARTESIAN_POINT('',(1.973979583236,3.651775762874,
    39.871156966132));
#1871 = CARTESIAN_POINT('',(1.831743267789,3.724385852922,
    40.131570012876));
#1872 = CARTESIAN_POINT('',(1.769718147328,3.754804528562,
    40.229719240609));
#1873 = CARTESIAN_POINT('',(1.700745312833,3.786985515767,
    40.324762717364));
#1874 = CARTESIAN_POINT('',(1.624694605201,3.820372625654,
    40.416319756392));
#1875 = CARTESIAN_POINT('',(1.541403198506,3.854341356881,
    40.503887492522));
#1876 = CARTESIAN_POINT('',(1.374276634122,3.916697378431,
    40.656679677537));
#1877 = CARTESIAN_POINT('',(1.292520619147,3.945147278675,
    40.723314340002));
#1878 = CARTESIAN_POINT('',(1.205357623048,3.973091816366,
    40.786267796307));
#1879 = CARTESIAN_POINT('',(1.112738536158,4.000038568497,
    40.845017952167));
#1880 = CARTESIAN_POINT('',(1.014653044849,4.025448719838,
    40.898957723003));
#1881 = CARTESIAN_POINT('',(0.779254388986,4.078423290546,
    41.009095111979));
#1882 = CARTESIAN_POINT('',(0.63759481283,4.104886576642,41.062310346195
    ));
#1883 = CARTESIAN_POINT('',(0.487899370807,4.126414379332,41.10445170625
    ));
#1884 = CARTESIAN_POINT('',(0.332250316306,4.141572131888,
    41.133731888676));
#1885 = CARTESIAN_POINT('',(0.172937608508,4.14950469639,41.149043937565
    ));
#1886 = CARTESIAN_POINT('',(-0.151778902178,4.150469068521,
    41.150905422427));
#1887 = CARTESIAN_POINT('',(-0.31489170059,4.143166241552,
    41.136808930184));
#1888 = CARTESIAN_POINT('',(-0.4744410752,4.128246989633,41.108030955227
    ));
#1889 = CARTESIAN_POINT('',(-0.627921828315,4.106583358945,
    41.065702925042));
#1890 = CARTESIAN_POINT('',(-0.773051360307,4.079705436697,
    41.011723125131));
#1891 = CARTESIAN_POINT('',(-0.969031177,4.035765165,40.920422658486));
#1892 = CARTESIAN_POINT('',(-1.02827530659,4.021319953727,40.8900245372)
  );
#1893 = CARTESIAN_POINT('',(-1.085635368886,4.006250201589,
    40.857841901756));
#1894 = CARTESIAN_POINT('',(-1.141098179927,3.990672326187,
    40.824011588778));
#1895 = CARTESIAN_POINT('',(-1.19465721533,3.974698337365,40.78866227542
    ));
#1896 = CARTESIAN_POINT('',(-1.310644595701,3.938179741251,
    40.706148863004));
#1897 = CARTESIAN_POINT('',(-1.372037337293,3.917471253194,
    40.658204651851));
#1898 = CARTESIAN_POINT('',(-1.430529275501,3.896501585242,
    40.608283859707));
#1899 = CARTESIAN_POINT('',(-1.486162185368,3.875448293317,
    40.556560964814));
#1900 = CARTESIAN_POINT('',(-1.538979613657,3.854474887174,
    40.503183777672));
#1901 = CARTESIAN_POINT('',(-1.647164318101,3.809633905323,
    40.384485034134));
#1902 = CARTESIAN_POINT('',(-1.701570600313,3.785843575526,
    40.318619323026));
#1903 = CARTESIAN_POINT('',(-1.752301333024,3.762600137743,
    40.250875970999));
#1904 = CARTESIAN_POINT('',(-1.799404316999,3.740125389443,
    40.181424781487));
#1905 = CARTESIAN_POINT('',(-1.842917352773,3.718624113879,
    40.110406974336));
#1906 = CARTESIAN_POINT('',(-1.92454932153,3.677063726818,
    39.962322563045));
#1907 = CARTESIAN_POINT('',(-1.962356863188,3.657105317351,
    39.885119108677));
#1908 = CARTESIAN_POINT('',(-1.996285772648,3.638640859863,
    39.806511516607));
#1909 = CARTESIAN_POINT('',(-2.026332090927,3.621878763942,
    39.726669583864));
#1910 = CARTESIAN_POINT('',(-2.05248781308,3.607000657676,
    39.645747761908));
#1911 = CARTESIAN_POINT('',(-2.099545280471,3.579836610833,
    39.472606576688));
#1912 = CARTESIAN_POINT('',(-2.119495821487,3.568045887519,
    39.380160528576));
#1913 = CARTESIAN_POINT('',(-2.134538288527,3.559011644469,
    39.286844525468));
#1914 = CARTESIAN_POINT('',(-2.144643794599,3.552891795583,
    39.192945418651));
#1915 = CARTESIAN_POINT('',(-2.149798146968,3.549770130645,
    39.098740447154));
#1916 = CARTESIAN_POINT('',(-2.150193689968,3.549530553386,
    38.909659364161));
#1917 = CARTESIAN_POINT('',(-2.145371921531,3.552450761958,
    38.814839959166));
#1918 = CARTESIAN_POINT('',(-2.135535319695,3.558411191816,
    38.720313355998));
#1919 = CARTESIAN_POINT('',(-2.120697791806,3.567329706783,
    38.626362716304));
#1920 = CARTESIAN_POINT('',(-2.100888455378,3.579047840481,38.5332808373
    ));
#1921 = CARTESIAN_POINT('',(-2.054238567083,3.606001217311,
    38.359905525011));
#1922 = CARTESIAN_POINT('',(-2.028453427346,3.620685330561,
    38.279362516539));
#1923 = CARTESIAN_POINT('',(-1.998818954015,3.637241390114,38.1998796953
    ));
#1924 = CARTESIAN_POINT('',(-1.965343456252,3.655491610909,
    38.121609448615));
#1925 = CARTESIAN_POINT('',(-1.928031473739,3.675231772386,
    38.044719038188));
#1926 = CARTESIAN_POINT('',(-1.811770966295,3.734581495332,
    37.831863742659));
#1927 = CARTESIAN_POINT('',(-1.723914143408,3.777122374992,
    37.699604020028));
#1928 = CARTESIAN_POINT('',(-1.623140292747,3.822585933385,
    37.573301297042));
#1929 = CARTESIAN_POINT('',(-1.509034694158,3.869539541075,
    37.453967392046));
#1930 = CARTESIAN_POINT('',(-1.381099566834,3.916279862972,
    37.343100232609));
#1931 = CARTESIAN_POINT('',(-1.188754243086,3.976446830299,
    37.207477901227));
#1932 = CARTESIAN_POINT('',(-1.136776530623,3.991867987402,
    37.173404627929));
#1933 = CARTESIAN_POINT('',(-1.083016509833,4.006911536802,
    37.140760421462));
#1934 = CARTESIAN_POINT('',(-1.027480702674,4.021476153936,
    37.109662483524));
#1935 = CARTESIAN_POINT('',(-0.970181515635,4.035456679145,
    37.080235114384));
#1936 = CARTESIAN_POINT('',(-0.779254389034,4.078423290536,
    36.990904888043));
#1937 = CARTESIAN_POINT('',(-0.637594812814,4.104886576649,
    36.937689653788));
#1938 = CARTESIAN_POINT('',(-0.487899370754,4.126414379339,
    36.895548293738));
#1939 = CARTESIAN_POINT('',(-0.332250316293,4.141572131883,
    36.866268111334));
#1940 = CARTESIAN_POINT('',(-0.172937608564,4.14950469639,
    36.850956062436));
#1941 = CARTESIAN_POINT('',(0.151778902178,4.150469068521,
    36.849094577573));
#1942 = CARTESIAN_POINT('',(0.31489170059,4.143166241552,36.863191069816
    ));
#1943 = CARTESIAN_POINT('',(0.474441075199,4.128246989633,
    36.891969044773));
#1944 = CARTESIAN_POINT('',(0.627921828315,4.106583358945,
    36.934297074958));
#1945 = CARTESIAN_POINT('',(0.773051360307,4.079705436697,
    36.988276874869));
#1946 = CARTESIAN_POINT('',(0.969031177,4.035765165,37.079577341513));
#1947 = CARTESIAN_POINT('',(1.02827530659,4.021319953727,37.1099754628)
  );
#1948 = CARTESIAN_POINT('',(1.085635368886,4.006250201589,
    37.142158098244));
#1949 = CARTESIAN_POINT('',(1.141098179927,3.990672326187,
    37.175988411222));
#1950 = CARTESIAN_POINT('',(1.19465721533,3.974698337365,37.21133772458)
  );
#1951 = CARTESIAN_POINT('',(1.310644595701,3.938179741251,
    37.293851136996));
#1952 = CARTESIAN_POINT('',(1.372037337293,3.917471253194,
    37.341795348149));
#1953 = CARTESIAN_POINT('',(1.430529275501,3.896501585242,
    37.391716140293));
#1954 = CARTESIAN_POINT('',(1.486162185368,3.875448293317,
    37.443439035186));
#1955 = CARTESIAN_POINT('',(1.538979613657,3.854474887174,
    37.496816222328));
#1956 = CARTESIAN_POINT('',(1.647164318101,3.809633905323,
    37.615514965866));
#1957 = CARTESIAN_POINT('',(1.701570600313,3.785843575526,
    37.681380676974));
#1958 = CARTESIAN_POINT('',(1.752301333024,3.762600137743,
    37.749124029001));
#1959 = CARTESIAN_POINT('',(1.799404316999,3.740125389443,
    37.818575218514));
#1960 = CARTESIAN_POINT('',(1.842917352773,3.718624113879,
    37.889593025664));
#1961 = CARTESIAN_POINT('',(1.971287585632,3.653268388102,
    38.122462949661));
#1962 = CARTESIAN_POINT('',(2.042526477528,3.613805096708,
    38.290479312225));
#1963 = CARTESIAN_POINT('',(2.096119822979,3.58228314309,38.463970785274
    ));
#1964 = CARTESIAN_POINT('',(2.131976910849,3.560564241372,
    38.641111810878));
#1965 = CARTESIAN_POINT('',(2.15,3.54964786986,38.820298819841));
#1966 = CARTESIAN_POINT('',(2.15,3.54964786986,39.));
#1967 = PCURVE('',#1642,#1968);
#1968 = DEFINITIONAL_REPRESENTATION('',(#1969),#2072);
#1969 = B_SPLINE_CURVE_WITH_KNOTS('',6,(#1970,#1971,#1972,#1973,#1974,
    #1975,#1976,#1977,#1978,#1979,#1980,#1981,#1982,#1983,#1984,#1985,
    #1986,#1987,#1988,#1989,#1990,#1991,#1992,#1993,#1994,#1995,#1996,
    #1997,#1998,#1999,#2000,#2001,#2002,#2003,#2004,#2005,#2006,#2007,
    #2008,#2009,#2010,#2011,#2012,#2013,#2014,#2015,#2016,#2017,#2018,
    #2019,#2020,#2021,#2022,#2023,#2024,#2025,#2026,#2027,#2028,#2029,
    #2030,#2031,#2032,#2033,#2034,#2035,#2036,#2037,#2038,#2039,#2040,
    #2041,#2042,#2043,#2044,#2045,#2046,#2047,#2048,#2049,#2050,#2051,
    #2052,#2053,#2054,#2055,#2056,#2057,#2058,#2059,#2060,#2061,#2062,
    #2063,#2064,#2065,#2066,#2067,#2068,#2069,#2070,#2071),
  .UNSPECIFIED.,.T.,.F.,(7,5,5,5,5,5,5,5,5,5,5,5,5,5,5,5,5,5,5,5,7),(0.,
    8.750988271425E-02,0.142919147654,0.189611785664,0.249099882223,
    0.309881082878,0.33741988479,0.371717448712,0.41156087162,
    0.453132054662,0.499485537803,0.546131887291,0.587477074509,
    0.662961818317,0.689616227447,0.74915221813,0.809982353973,
    0.837543327484,0.871868504512,0.911744005519,1.),.UNSPECIFIED.);
#1970 = CARTESIAN_POINT('',(2.115391990524,11.));
#1971 = CARTESIAN_POINT('',(2.115391990524,10.821668911361));
#1972 = CARTESIAN_POINT('',(2.110391790553,10.643835844614));
#1973 = CARTESIAN_POINT('',(2.100441881637,10.468003775001));
#1974 = CARTESIAN_POINT('',(2.085685497629,10.295744295527));
#1975 = CARTESIAN_POINT('',(2.066362264028,10.128843033868));
#1976 = CARTESIAN_POINT('',(2.027880860942,9.868429987124));
#1977 = CARTESIAN_POINT('',(2.011236623818,9.770280759391));
#1978 = CARTESIAN_POINT('',(1.992902086729,9.675237282636));
#1979 = CARTESIAN_POINT('',(1.972897722556,9.583680243608));
#1980 = CARTESIAN_POINT('',(1.951232374715,9.496112507478));
#1981 = CARTESIAN_POINT('',(1.908249149283,9.343320322463));
#1982 = CARTESIAN_POINT('',(1.887395347412,9.276685659998));
#1983 = CARTESIAN_POINT('',(1.865349746455,9.213732203693));
#1984 = CARTESIAN_POINT('',(1.842120759872,9.154982047833));
#1985 = CARTESIAN_POINT('',(1.817718076336,9.101042276997));
#1986 = CARTESIAN_POINT('',(1.759576922185,8.990904888021));
#1987 = CARTESIAN_POINT('',(1.724874880011,8.937689653805));
#1988 = CARTESIAN_POINT('',(1.688482918755,8.89554829375));
#1989 = CARTESIAN_POINT('',(1.650862385854,8.866268111324));
#1990 = CARTESIAN_POINT('',(1.612468214734,8.850956062435));
#1991 = CARTESIAN_POINT('',(1.534222927331,8.849094577573));
#1992 = CARTESIAN_POINT('',(1.494923965414,8.863191069816));
#1993 = CARTESIAN_POINT('',(1.456378237137,8.891969044773));
#1994 = CARTESIAN_POINT('',(1.419082600655,8.934297074958));
#1995 = CARTESIAN_POINT('',(1.383541808868,8.988276874869));
#1996 = CARTESIAN_POINT('',(1.33514535014,9.079577341514));
#1997 = CARTESIAN_POINT('',(1.320453974077,9.1099754628));
#1998 = CARTESIAN_POINT('',(1.306166480177,9.142158098244));
#1999 = CARTESIAN_POINT('',(1.29228756163,9.175988411222));
#2000 = CARTESIAN_POINT('',(1.278821541261,9.21133772458));
#2001 = CARTESIAN_POINT('',(1.249520217281,9.293851136996));
#2002 = CARTESIAN_POINT('',(1.233911075084,9.341795348149));
#2003 = CARTESIAN_POINT('',(1.21894204013,9.391716140293));
#2004 = CARTESIAN_POINT('',(1.204611660233,9.443439035186));
#2005 = CARTESIAN_POINT('',(1.190919393344,9.496816222328));
#2006 = CARTESIAN_POINT('',(1.162700227521,9.615514965866));
#2007 = CARTESIAN_POINT('',(1.148394371398,9.681380676974));
#2008 = CARTESIAN_POINT('',(1.13495089307,9.749124029001));
#2009 = CARTESIAN_POINT('',(1.122376845648,9.818575218513));
#2010 = CARTESIAN_POINT('',(1.1106824016,9.889593025664));
#2011 = CARTESIAN_POINT('',(1.088609475719,10.037677436955));
#2012 = CARTESIAN_POINT('',(1.078308872281,10.114880891323));
#2013 = CARTESIAN_POINT('',(1.069001910123,10.193488483393));
#2014 = CARTESIAN_POINT('',(1.060711843888,10.273330416136));
#2015 = CARTESIAN_POINT('',(1.053461103443,10.354252238092));
#2016 = CARTESIAN_POINT('',(1.040368335788,10.527393423312));
#2017 = CARTESIAN_POINT('',(1.034784457151,10.619839471424));
#2018 = CARTESIAN_POINT('',(1.030556382283,10.713155474532));
#2019 = CARTESIAN_POINT('',(1.027709546905,10.807054581349));
#2020 = CARTESIAN_POINT('',(1.02625752867,10.901259552846));
#2021 = CARTESIAN_POINT('',(1.026146097143,11.090340635839));
#2022 = CARTESIAN_POINT('',(1.027504417996,11.185160040834));
#2023 = CARTESIAN_POINT('',(1.030275932089,11.279686644002));
#2024 = CARTESIAN_POINT('',(1.034447318113,11.373637283696));
#2025 = CARTESIAN_POINT('',(1.03999300803,11.4667191627));
#2026 = CARTESIAN_POINT('',(1.052975340454,11.640094474989));
#2027 = CARTESIAN_POINT('',(1.06012535748,11.720637483461));
#2028 = CARTESIAN_POINT('',(1.0683045907,11.8001203047));
#2029 = CARTESIAN_POINT('',(1.077490949727,11.878390551385));
#2030 = CARTESIAN_POINT('',(1.087661446406,11.955280961812));
#2031 = CARTESIAN_POINT('',(1.119115210065,12.168136257341));
#2032 = CARTESIAN_POINT('',(1.142631509107,12.300395979972));
#2033 = CARTESIAN_POINT('',(1.169255291273,12.426698702958));
#2034 = CARTESIAN_POINT('',(1.198957633622,12.546032607954));
#2035 = CARTESIAN_POINT('',(1.231741930514,12.656899767391));
#2036 = CARTESIAN_POINT('',(1.280304838956,12.792522098773));
#2037 = CARTESIAN_POINT('',(1.293367814002,12.826595372071));
#2038 = CARTESIAN_POINT('',(1.306817107691,12.859239578538));
#2039 = CARTESIAN_POINT('',(1.320648792143,12.890337516476));
#2040 = CARTESIAN_POINT('',(1.334858607838,12.919764885616));
#2041 = CARTESIAN_POINT('',(1.382015731393,13.009095111957));
#2042 = CARTESIAN_POINT('',(1.416717773583,13.062310346212));
#2043 = CARTESIAN_POINT('',(1.453109734847,13.104451706262));
#2044 = CARTESIAN_POINT('',(1.490730267738,13.133731888666));
#2045 = CARTESIAN_POINT('',(1.529124438843,13.149043937564));
#2046 = CARTESIAN_POINT('',(1.607369726259,13.150905422427));
#2047 = CARTESIAN_POINT('',(1.646668688176,13.136808930184));
#2048 = CARTESIAN_POINT('',(1.685214416453,13.108030955227));
#2049 = CARTESIAN_POINT('',(1.722510052935,13.065702925042));
#2050 = CARTESIAN_POINT('',(1.758050844721,13.011723125131));
#2051 = CARTESIAN_POINT('',(1.80644730345,12.920422658487));
#2052 = CARTESIAN_POINT('',(1.821138679513,12.8900245372));
#2053 = CARTESIAN_POINT('',(1.835426173413,12.857841901756));
#2054 = CARTESIAN_POINT('',(1.849305091959,12.824011588778));
#2055 = CARTESIAN_POINT('',(1.862771112328,12.78866227542));
#2056 = CARTESIAN_POINT('',(1.892072436309,12.706148863004));
#2057 = CARTESIAN_POINT('',(1.907681578506,12.658204651851));
#2058 = CARTESIAN_POINT('',(1.92265061346,12.608283859707));
#2059 = CARTESIAN_POINT('',(1.936980993356,12.556560964814));
#2060 = CARTESIAN_POINT('',(1.950673260246,12.503183777672));
#2061 = CARTESIAN_POINT('',(1.978892426068,12.384485034134));
#2062 = CARTESIAN_POINT('',(1.993198282192,12.318619323026));
#2063 = CARTESIAN_POINT('',(2.006641760519,12.250875970999));
#2064 = CARTESIAN_POINT('',(2.019215807942,12.181424781486));
#2065 = CARTESIAN_POINT('',(2.03091025199,12.110406974336));
#2066 = CARTESIAN_POINT('',(2.065620999242,11.877537050339));
#2067 = CARTESIAN_POINT('',(2.085232773855,11.709520687775));
#2068 = CARTESIAN_POINT('',(2.100212544413,11.536029214726));
#2069 = CARTESIAN_POINT('',(2.110314674624,11.358888189122));
#2070 = CARTESIAN_POINT('',(2.115391990524,11.179701180159));
#2071 = CARTESIAN_POINT('',(2.115391990524,11.));
#2072 = ( GEOMETRIC_REPRESENTATION_CONTEXT(2) 
PARAMETRIC_REPRESENTATION_CONTEXT() REPRESENTATION_CONTEXT('2D SPACE',''
  ) );
#2073 = PCURVE('',#238,#2074);
#2074 = DEFINITIONAL_REPRESENTATION('',(#2075),#2178);
#2075 = B_SPLINE_CURVE_WITH_KNOTS('',6,(#2076,#2077,#2078,#2079,#2080,
    #2081,#2082,#2083,#2084,#2085,#2086,#2087,#2088,#2089,#2090,#2091,
    #2092,#2093,#2094,#2095,#2096,#2097,#2098,#2099,#2100,#2101,#2102,
    #2103,#2104,#2105,#2106,#2107,#2108,#2109,#2110,#2111,#2112,#2113,
    #2114,#2115,#2116,#2117,#2118,#2119,#2120,#2121,#2122,#2123,#2124,
    #2125,#2126,#2127,#2128,#2129,#2130,#2131,#2132,#2133,#2134,#2135,
    #2136,#2137,#2138,#2139,#2140,#2141,#2142,#2143,#2144,#2145,#2146,
    #2147,#2148,#2149,#2150,#2151,#2152,#2153,#2154,#2155,#2156,#2157,
    #2158,#2159,#2160,#2161,#2162,#2163,#2164,#2165,#2166,#2167,#2168,
    #2169,#2170,#2171,#2172,#2173,#2174,#2175,#2176,#2177),
  .UNSPECIFIED.,.F.,.F.,(7,5,5,5,5,5,5,5,5,5,5,5,5,5,5,5,5,5,5,5,7),(0.,
    8.750988271425E-02,0.142919147654,0.189611785664,0.249099882223,
    0.309881082878,0.33741988479,0.371717448712,0.41156087162,
    0.453132054662,0.499485537803,0.546131887291,0.587477074509,
    0.662961818317,0.689616227447,0.74915221813,0.809982353973,
    0.837543327484,0.871868504512,0.911744005519,1.),.UNSPECIFIED.);
#2076 = CARTESIAN_POINT('',(0.,-13.45035213014));
#2077 = CARTESIAN_POINT('',(-8.294469239015E-02,-13.45035213014));
#2078 = CARTESIAN_POINT('',(-0.16565756551,-13.43960156454));
#2079 = CARTESIAN_POINT('',(-0.248467881263,-13.4182099064));
#2080 = CARTESIAN_POINT('',(-0.331639696043,-13.38714762979));
#2081 = CARTESIAN_POINT('',(-0.415412063552,-13.34822423712));
#2082 = CARTESIAN_POINT('',(-0.553424003957,-13.27561414707));
#2083 = CARTESIAN_POINT('',(-0.607316822432,-13.24519547143));
#2084 = CARTESIAN_POINT('',(-0.661767159744,-13.21301448423));
#2085 = CARTESIAN_POINT('',(-0.716943172252,-13.17962737434));
#2086 = CARTESIAN_POINT('',(-0.773017412559,-13.14565864311));
#2087 = CARTESIAN_POINT('',(-0.878340054534,-13.08330262156));
#2088 = CARTESIAN_POINT('',(-0.927317331271,-13.05485272132));
#2089 = CARTESIAN_POINT('',(-0.977197109296,-13.02690818363));
#2090 = CARTESIAN_POINT('',(-1.02806624582,-12.9999614315));
#2091 = CARTESIAN_POINT('',(-1.080020367677,-12.97455128016));
#2092 = CARTESIAN_POINT('',(-1.200899401233,-12.92157670945));
#2093 = CARTESIAN_POINT('',(-1.271067617574,-12.89511342335));
#2094 = CARTESIAN_POINT('',(-1.342997880969,-12.87358562066));
#2095 = CARTESIAN_POINT('',(-1.416220502221,-12.85842786811));
#2096 = CARTESIAN_POINT('',(-1.490358970927,-12.85049530361));
#2097 = CARTESIAN_POINT('',(-1.641392387791,-12.84953093147));
#2098 = CARTESIAN_POINT('',(-1.717219883081,-12.85683375844));
#2099 = CARTESIAN_POINT('',(-1.792151872389,-12.87175301036));
#2100 = CARTESIAN_POINT('',(-1.865771585519,-12.89341664105));
#2101 = CARTESIAN_POINT('',(-1.937561908444,-12.9202945633));
#2102 = CARTESIAN_POINT('',(-2.038121579452,-12.964234835));
#2103 = CARTESIAN_POINT('',(-2.069070099755,-12.97868004627));
#2104 = CARTESIAN_POINT('',(-2.09963024151,-12.99374979841));
#2105 = CARTESIAN_POINT('',(-2.129817938335,-13.00932767381));
#2106 = CARTESIAN_POINT('',(-2.159647493723,-13.02530166263));
#2107 = CARTESIAN_POINT('',(-2.225853550012,-13.06182025874));
#2108 = CARTESIAN_POINT('',(-2.262047899514,-13.0825287468));
#2109 = CARTESIAN_POINT('',(-2.297764843334,-13.10349841475));
#2110 = CARTESIAN_POINT('',(-2.333049698854,-13.12455170668));
#2111 = CARTESIAN_POINT('',(-2.367946775192,-13.14552511282));
#2112 = CARTESIAN_POINT('',(-2.44264584262,-13.19036609467));
#2113 = CARTESIAN_POINT('',(-2.482333799778,-13.21415642447));
#2114 = CARTESIAN_POINT('',(-2.521631998685,-13.23739986225));
#2115 = CARTESIAN_POINT('',(-2.560600505378,-13.25987461055));
#2116 = CARTESIAN_POINT('',(-2.599298341265,-13.28137588612));
#2117 = CARTESIAN_POINT('',(-2.677946700092,-13.32293627318));
#2118 = CARTESIAN_POINT('',(-2.717883013444,-13.34289468264));
#2119 = CARTESIAN_POINT('',(-2.757636975873,-13.36135914013));
#2120 = CARTESIAN_POINT('',(-2.797248581286,-13.37812123605));
#2121 = CARTESIAN_POINT('',(-2.836759747778,-13.39299934232));
#2122 = CARTESIAN_POINT('',(-2.920211868244,-13.42016338916));
#2123 = CARTESIAN_POINT('',(-2.964138508183,-13.43195411248));
#2124 = CARTESIAN_POINT('',(-3.008010302008,-13.44098835553));
#2125 = CARTESIAN_POINT('',(-3.05184554685,-13.44710820441));
#2126 = CARTESIAN_POINT('',(-3.095666766779,-13.45022986935));
#2127 = CARTESIAN_POINT('',(-3.183611648972,-13.45046944661));
#2128 = CARTESIAN_POINT('',(-3.227708945423,-13.44754923804));
#2129 = CARTESIAN_POINT('',(-3.271819534754,-13.44158880818));
#2130 = CARTESIAN_POINT('',(-3.315966075585,-13.43267029321));
#2131 = CARTESIAN_POINT('',(-3.360166970456,-13.42095215951));
#2132 = CARTESIAN_POINT('',(-3.443674723586,-13.39399878268));
#2133 = CARTESIAN_POINT('',(-3.482966106187,-13.37931466943));
#2134 = CARTESIAN_POINT('',(-3.522355209571,-13.36275860988));
#2135 = CARTESIAN_POINT('',(-3.561882917906,-13.34450838909));
#2136 = CARTESIAN_POINT('',(-3.601588181848,-13.32476822761));
#2137 = CARTESIAN_POINT('',(-3.714395787798,-13.26541850466));
#2138 = CARTESIAN_POINT('',(-3.787972021047,-13.222877625));
#2139 = CARTESIAN_POINT('',(-3.862692428153,-13.17741406661));
#2140 = CARTESIAN_POINT('',(-3.939003510796,-13.13046045892));
#2141 = CARTESIAN_POINT('',(-4.017350340135,-13.08372013702));
#2142 = CARTESIAN_POINT('',(-4.126815968108,-13.0235531697));
#2143 = CARTESIAN_POINT('',(-4.155706704105,-13.00813201259));
#2144 = CARTESIAN_POINT('',(-4.184933540651,-12.99308846319));
#2145 = CARTESIAN_POINT('',(-4.214509614522,-12.97852384606));
#2146 = CARTESIAN_POINT('',(-4.244449496065,-12.96454332085));
#2147 = CARTESIAN_POINT('',(-4.342492054798,-12.92157670946));
#2148 = CARTESIAN_POINT('',(-4.412660271173,-12.89511342335));
#2149 = CARTESIAN_POINT('',(-4.484590534583,-12.87358562066));
#2150 = CARTESIAN_POINT('',(-4.557813155817,-12.85842786811));
#2151 = CARTESIAN_POINT('',(-4.631951624491,-12.85049530361));
#2152 = CARTESIAN_POINT('',(-4.782985041381,-12.84953093147));
#2153 = CARTESIAN_POINT('',(-4.858812536671,-12.85683375844));
#2154 = CARTESIAN_POINT('',(-4.933744525978,-12.87175301036));
#2155 = CARTESIAN_POINT('',(-5.007364239109,-12.89341664105));
#2156 = CARTESIAN_POINT('',(-5.079154562034,-12.9202945633));
#2157 = CARTESIAN_POINT('',(-5.179714233042,-12.964234835));
#2158 = CARTESIAN_POINT('',(-5.210662753344,-12.97868004627));
#2159 = CARTESIAN_POINT('',(-5.2412228951,-12.99374979841));
#2160 = CARTESIAN_POINT('',(-5.271410591925,-13.00932767381));
#2161 = CARTESIAN_POINT('',(-5.301240147312,-13.02530166263));
#2162 = CARTESIAN_POINT('',(-5.367446203602,-13.06182025874));
#2163 = CARTESIAN_POINT('',(-5.403640553104,-13.0825287468));
#2164 = CARTESIAN_POINT('',(-5.439357496924,-13.10349841475));
#2165 = CARTESIAN_POINT('',(-5.474642352444,-13.12455170668));
#2166 = CARTESIAN_POINT('',(-5.509539428782,-13.14552511282));
#2167 = CARTESIAN_POINT('',(-5.58423849621,-13.19036609467));
#2168 = CARTESIAN_POINT('',(-5.623926453367,-13.21415642447));
#2169 = CARTESIAN_POINT('',(-5.663224652275,-13.23739986225));
#2170 = CARTESIAN_POINT('',(-5.702193158968,-13.25987461055));
#2171 = CARTESIAN_POINT('',(-5.740890994855,-13.28137588612));
#2172 = CARTESIAN_POINT('',(-5.864569356291,-13.34673161189));
#2173 = CARTESIAN_POINT('',(-5.949002756817,-13.38619490329));
#2174 = CARTESIAN_POINT('',(-6.032817742087,-13.41771685691));
#2175 = CARTESIAN_POINT('',(-6.116260755143,-13.43943575862));
#2176 = CARTESIAN_POINT('',(-6.19960336292,-13.45035213014));
#2177 = CARTESIAN_POINT('',(-6.28318530718,-13.45035213014));
#2178 = ( GEOMETRIC_REPRESENTATION_CONTEXT(2) 
PARAMETRIC_REPRESENTATION_CONTEXT() REPRESENTATION_CONTEXT('2D SPACE',''
  ) );
#2179 = FACE_BOUND('',#2180,.F.);
#2180 = EDGE_LOOP('',(#2181));
#2181 = ORIENTED_EDGE('',*,*,#1428,.F.);
#2182 = ADVANCED_FACE('',(#2183),#1819,.F.);
#2183 = FACE_BOUND('',#2184,.F.);
#2184 = EDGE_LOOP('',(#2185));
#2185 = ORIENTED_EDGE('',*,*,#1804,.T.);
#2186 = ADVANCED_FACE('',(#2187),#238,.F.);
#2187 = FACE_BOUND('',#2188,.T.);
#2188 = EDGE_LOOP('',(#2189,#2190,#2211,#2212));
#2189 = ORIENTED_EDGE('',*,*,#108,.F.);
#2190 = ORIENTED_EDGE('',*,*,#2191,.T.);
#2191 = EDGE_CURVE('',#109,#1861,#2192,.T.);
#2192 = SEAM_CURVE('',#2193,(#2197,#2204),.PCURVE_S1.);
#2193 = LINE('',#2194,#2195);
#2194 = CARTESIAN_POINT('',(2.15,17.,39.));
#2195 = VECTOR('',#2196,1.);
#2196 = DIRECTION('',(0.,-1.,0.));
#2197 = PCURVE('',#238,#2198);
#2198 = DEFINITIONAL_REPRESENTATION('',(#2199),#2203);
#2199 = LINE('',#2200,#2201);
#2200 = CARTESIAN_POINT('',(-0.,0.));
#2201 = VECTOR('',#2202,1.);
#2202 = DIRECTION('',(-0.,-1.));
#2203 = ( GEOMETRIC_REPRESENTATION_CONTEXT(2) 
PARAMETRIC_REPRESENTATION_CONTEXT() REPRESENTATION_CONTEXT('2D SPACE',''
  ) );
#2204 = PCURVE('',#238,#2205);
#2205 = DEFINITIONAL_REPRESENTATION('',(#2206),#2210);
#2206 = LINE('',#2207,#2208);
#2207 = CARTESIAN_POINT('',(-6.28318530718,0.));
#2208 = VECTOR('',#2209,1.);
#2209 = DIRECTION('',(-0.,-1.));
#2210 = ( GEOMETRIC_REPRESENTATION_CONTEXT(2) 
PARAMETRIC_REPRESENTATION_CONTEXT() REPRESENTATION_CONTEXT('2D SPACE',''
  ) );
#2211 = ORIENTED_EDGE('',*,*,#1860,.T.);
#2212 = ORIENTED_EDGE('',*,*,#2191,.F.);
#2213 = ADVANCED_FACE('',(#2214,#2217),#94,.T.);
#2214 = FACE_BOUND('',#2215,.T.);
#2215 = EDGE_LOOP('',(#2216));
#2216 = ORIENTED_EDGE('',*,*,#79,.T.);
#2217 = FACE_BOUND('',#2218,.T.);
#2218 = EDGE_LOOP('',(#2219));
#2219 = ORIENTED_EDGE('',*,*,#1832,.T.);
#2220 = ADVANCED_FACE('',(#2221,#2224),#66,.F.);
#2221 = FACE_BOUND('',#2222,.F.);
#2222 = EDGE_LOOP('',(#2223));
#2223 = ORIENTED_EDGE('',*,*,#51,.T.);
#2224 = FACE_BOUND('',#2225,.F.);
#2225 = EDGE_LOOP('',(#2226));
#2226 = ORIENTED_EDGE('',*,*,#1200,.F.);
#2227 = ( GEOMETRIC_REPRESENTATION_CONTEXT(3) 
GLOBAL_UNCERTAINTY_ASSIGNED_CONTEXT((#2231)) 
GLOBAL_UNIT_ASSIGNED_CONTEXT((#2228,#2229,#2230)) REPRESENTATION_CONTEXT
('Context #1','3D Context with UNIT and UNCERTAINTY') );
#2228 = ( LENGTH_UNIT() NAMED_UNIT(*) SI_UNIT(.MILLI.,.METRE.) );
#2229 = ( NAMED_UNIT(*) PLANE_ANGLE_UNIT() SI_UNIT($,.RADIAN.) );
#2230 = ( NAMED_UNIT(*) SI_UNIT($,.STERADIAN.) SOLID_ANGLE_UNIT() );
#2231 = UNCERTAINTY_MEASURE_WITH_UNIT(LENGTH_MEASURE(1.E-07),#2228,
  'distance_accuracy_value','confusion accuracy');
#2232 = PRODUCT_RELATED_PRODUCT_CATEGORY('part',$,(#7));
ENDSEC;
END-ISO-10303-21;
