ISO-10303-21;
HEADER;
FILE_DESCRIPTION(('Open CASCADE Model'),'2;1');
FILE_NAME('Open CASCADE Shape Model','2026-07-23T01:26:47',('Author'),(
    'Open CASCADE'),'Open CASCADE STEP processor 7.9','Open CASCADE 7.9'
  ,'Unknown');
FILE_SCHEMA(('AUTOMOTIVE_DESIGN { 1 0 10303 214 1 1 1 1 }'));
ENDSEC;
DATA;
#1 = APPLICATION_PROTOCOL_DEFINITION('international standard',
  'automotive_design',2000,#2);
#2 = APPLICATION_CONTEXT(
  'core data for automotive mechanical design processes');
#3 = SHAPE_DEFINITION_REPRESENTATION(#4,#10);
#4 = PRODUCT_DEFINITION_SHAPE('','',#5);
#5 = PRODUCT_DEFINITION('design','',#6,#9);
#6 = PRODUCT_DEFINITION_FORMATION('','',#7);
#7 = PRODUCT('Open CASCADE STEP translator 7.9 7',
  'Open CASCADE STEP translator 7.9 7','',(#8));
#8 = PRODUCT_CONTEXT('',#2,'mechanical');
#9 = PRODUCT_DEFINITION_CONTEXT('part definition',#2,'design');
#10 = ADVANCED_BREP_SHAPE_REPRESENTATION('',(#11,#15),#3245);
#11 = AXIS2_PLACEMENT_3D('',#12,#13,#14);
#12 = CARTESIAN_POINT('',(0.,0.,0.));
#13 = DIRECTION('',(0.,0.,1.));
#14 = DIRECTION('',(1.,0.,-0.));
#15 = MANIFOLD_SOLID_BREP('',#16);
#16 = CLOSED_SHELL('',(#17,#109,#1279,#1346,#1374,#1441,#1489,#1536,
    #1564,#1631,#1679,#1726,#1754,#1821,#1869,#1916,#1944,#2011,#2059,
    #2106,#2134,#2201,#2249,#2296,#2324,#2391,#2439,#2486,#2514,#2581,
    #2629,#2676,#2704,#2771,#2819,#2866,#2894,#2961,#3009,#3056,#3084,
    #3152,#3179));
#17 = ADVANCED_FACE('',(#18),#31,.T.);
#18 = FACE_BOUND('',#19,.F.);
#19 = EDGE_LOOP('',(#20,#54,#77,#108));
#20 = ORIENTED_EDGE('',*,*,#21,.F.);
#21 = EDGE_CURVE('',#22,#22,#24,.T.);
#22 = VERTEX_POINT('',#23);
#23 = CARTESIAN_POINT('',(80.,0.,0.));
#24 = SURFACE_CURVE('',#25,(#30,#42),.PCURVE_S1.);
#25 = CIRCLE('',#26,80.);
#26 = AXIS2_PLACEMENT_3D('',#27,#28,#29);
#27 = CARTESIAN_POINT('',(0.,0.,0.));
#28 = DIRECTION('',(0.,0.,1.));
#29 = DIRECTION('',(1.,0.,0.));
#30 = PCURVE('',#31,#36);
#31 = CYLINDRICAL_SURFACE('',#32,80.);
#32 = AXIS2_PLACEMENT_3D('',#33,#34,#35);
#33 = CARTESIAN_POINT('',(0.,0.,0.));
#34 = DIRECTION('',(-0.,-0.,-1.));
#35 = DIRECTION('',(1.,0.,0.));
#36 = DEFINITIONAL_REPRESENTATION('',(#37),#41);
#37 = LINE('',#38,#39);
#38 = CARTESIAN_POINT('',(-0.,0.));
#39 = VECTOR('',#40,1.);
#40 = DIRECTION('',(-1.,0.));
#41 = ( GEOMETRIC_REPRESENTATION_CONTEXT(2) 
PARAMETRIC_REPRESENTATION_CONTEXT() REPRESENTATION_CONTEXT('2D SPACE',''
  ) );
#42 = PCURVE('',#43,#48);
#43 = PLANE('',#44);
#44 = AXIS2_PLACEMENT_3D('',#45,#46,#47);
#45 = CARTESIAN_POINT('',(-4.375808424126E-15,5.485892050526E-15,0.));
#46 = DIRECTION('',(0.,0.,1.));
#47 = DIRECTION('',(1.,0.,-0.));
#48 = DEFINITIONAL_REPRESENTATION('',(#49),#53);
#49 = CIRCLE('',#50,80.);
#50 = AXIS2_PLACEMENT_2D('',#51,#52);
#51 = CARTESIAN_POINT('',(4.375808424126E-15,-5.485892050526E-15));
#52 = DIRECTION('',(1.,0.));
#53 = ( GEOMETRIC_REPRESENTATION_CONTEXT(2) 
PARAMETRIC_REPRESENTATION_CONTEXT() REPRESENTATION_CONTEXT('2D SPACE',''
  ) );
#54 = ORIENTED_EDGE('',*,*,#55,.T.);
#55 = EDGE_CURVE('',#22,#56,#58,.T.);
#56 = VERTEX_POINT('',#57);
#57 = CARTESIAN_POINT('',(80.,0.,6.));
#58 = SEAM_CURVE('',#59,(#63,#70),.PCURVE_S1.);
#59 = LINE('',#60,#61);
#60 = CARTESIAN_POINT('',(80.,0.,0.));
#61 = VECTOR('',#62,1.);
#62 = DIRECTION('',(0.,0.,1.));
#63 = PCURVE('',#31,#64);
#64 = DEFINITIONAL_REPRESENTATION('',(#65),#69);
#65 = LINE('',#66,#67);
#66 = CARTESIAN_POINT('',(-0.,0.));
#67 = VECTOR('',#68,1.);
#68 = DIRECTION('',(-0.,-1.));
#69 = ( GEOMETRIC_REPRESENTATION_CONTEXT(2) 
PARAMETRIC_REPRESENTATION_CONTEXT() REPRESENTATION_CONTEXT('2D SPACE',''
  ) );
#70 = PCURVE('',#31,#71);
#71 = DEFINITIONAL_REPRESENTATION('',(#72),#76);
#72 = LINE('',#73,#74);
#73 = CARTESIAN_POINT('',(-6.28318530718,0.));
#74 = VECTOR('',#75,1.);
#75 = DIRECTION('',(-0.,-1.));
#76 = ( GEOMETRIC_REPRESENTATION_CONTEXT(2) 
PARAMETRIC_REPRESENTATION_CONTEXT() REPRESENTATION_CONTEXT('2D SPACE',''
  ) );
#77 = ORIENTED_EDGE('',*,*,#78,.F.);
#78 = EDGE_CURVE('',#56,#56,#79,.T.);
#79 = SURFACE_CURVE('',#80,(#85,#92),.PCURVE_S1.);
#80 = CIRCLE('',#81,80.);
#81 = AXIS2_PLACEMENT_3D('',#82,#83,#84);
#82 = CARTESIAN_POINT('',(2.913225216616E-13,-8.260059303211E-14,6.));
#83 = DIRECTION('',(0.,0.,-1.));
#84 = DIRECTION('',(1.,7.875780530719E-16,0.));
#85 = PCURVE('',#31,#86);
#86 = DEFINITIONAL_REPRESENTATION('',(#87),#91);
#87 = LINE('',#88,#89);
#88 = CARTESIAN_POINT('',(-6.28318530718,-6.));
#89 = VECTOR('',#90,1.);
#90 = DIRECTION('',(1.,-0.));
#91 = ( GEOMETRIC_REPRESENTATION_CONTEXT(2) 
PARAMETRIC_REPRESENTATION_CONTEXT() REPRESENTATION_CONTEXT('2D SPACE',''
  ) );
#92 = PCURVE('',#93,#98);
#93 = PLANE('',#94);
#94 = AXIS2_PLACEMENT_3D('',#95,#96,#97);
#95 = CARTESIAN_POINT('',(-4.375808424126E-15,5.485892050526E-15,6.));
#96 = DIRECTION('',(0.,0.,1.));
#97 = DIRECTION('',(1.,0.,-0.));
#98 = DEFINITIONAL_REPRESENTATION('',(#99),#107);
#99 = ( BOUNDED_CURVE() B_SPLINE_CURVE(2,(#100,#101,#102,#103,#104,#105,
#106),.UNSPECIFIED.,.T.,.F.) B_SPLINE_CURVE_WITH_KNOTS((1,2,2,2,2,1),(
    -2.094395102393,0.,2.094395102393,4.188790204786,6.28318530718,
8.377580409573),.UNSPECIFIED.) CURVE() GEOMETRIC_REPRESENTATION_ITEM() 
RATIONAL_B_SPLINE_CURVE((1.,0.5,1.,0.5,1.,0.5,1.)) REPRESENTATION_ITEM(
  '') );
#100 = CARTESIAN_POINT('',(80.,-2.508024083688E-14));
#101 = CARTESIAN_POINT('',(80.,-138.5640646055));
#102 = CARTESIAN_POINT('',(-39.99999999999,-69.28203230275));
#103 = CARTESIAN_POINT('',(-159.9999999999,-2.336933223605E-13));
#104 = CARTESIAN_POINT('',(-40.,69.282032302755));
#105 = CARTESIAN_POINT('',(80.,138.56406460551));
#106 = CARTESIAN_POINT('',(80.,-2.508024083688E-14));
#107 = ( GEOMETRIC_REPRESENTATION_CONTEXT(2) 
PARAMETRIC_REPRESENTATION_CONTEXT() REPRESENTATION_CONTEXT('2D SPACE',''
  ) );
#108 = ORIENTED_EDGE('',*,*,#55,.F.);
#109 = ADVANCED_FACE('',(#110,#113,#176,#292,#408,#524,#640,#756,#872,
    #988,#1104,#1220),#93,.T.);
#110 = FACE_BOUND('',#111,.T.);
#111 = EDGE_LOOP('',(#112));
#112 = ORIENTED_EDGE('',*,*,#78,.F.);
#113 = FACE_BOUND('',#114,.T.);
#114 = EDGE_LOOP('',(#115,#145));
#115 = ORIENTED_EDGE('',*,*,#116,.T.);
#116 = EDGE_CURVE('',#117,#119,#121,.T.);
#117 = VERTEX_POINT('',#118);
#118 = CARTESIAN_POINT('',(65.,-30.9677251344,6.));
#119 = VERTEX_POINT('',#120);
#120 = CARTESIAN_POINT('',(65.,30.967725134407,6.));
#121 = SURFACE_CURVE('',#122,(#126,#133),.PCURVE_S1.);
#122 = LINE('',#123,#124);
#123 = CARTESIAN_POINT('',(65.,-80.,6.));
#124 = VECTOR('',#125,1.);
#125 = DIRECTION('',(0.,1.,0.));
#126 = PCURVE('',#93,#127);
#127 = DEFINITIONAL_REPRESENTATION('',(#128),#132);
#128 = LINE('',#129,#130);
#129 = CARTESIAN_POINT('',(65.,-80.));
#130 = VECTOR('',#131,1.);
#131 = DIRECTION('',(0.,1.));
#132 = ( GEOMETRIC_REPRESENTATION_CONTEXT(2) 
PARAMETRIC_REPRESENTATION_CONTEXT() REPRESENTATION_CONTEXT('2D SPACE',''
  ) );
#133 = PCURVE('',#134,#139);
#134 = PLANE('',#135);
#135 = AXIS2_PLACEMENT_3D('',#136,#137,#138);
#136 = CARTESIAN_POINT('',(65.,-80.,0.));
#137 = DIRECTION('',(1.,0.,0.));
#138 = DIRECTION('',(0.,0.,1.));
#139 = DEFINITIONAL_REPRESENTATION('',(#140),#144);
#140 = LINE('',#141,#142);
#141 = CARTESIAN_POINT('',(6.,0.));
#142 = VECTOR('',#143,1.);
#143 = DIRECTION('',(0.,-1.));
#144 = ( GEOMETRIC_REPRESENTATION_CONTEXT(2) 
PARAMETRIC_REPRESENTATION_CONTEXT() REPRESENTATION_CONTEXT('2D SPACE',''
  ) );
#145 = ORIENTED_EDGE('',*,*,#146,.T.);
#146 = EDGE_CURVE('',#119,#117,#147,.T.);
#147 = SURFACE_CURVE('',#148,(#153,#164),.PCURVE_S1.);
#148 = CIRCLE('',#149,72.);
#149 = AXIS2_PLACEMENT_3D('',#150,#151,#152);
#150 = CARTESIAN_POINT('',(3.794298208959E-13,2.13162820728E-15,6.));
#151 = DIRECTION('',(0.,0.,-1.));
#152 = DIRECTION('',(0.902777777778,0.430107293533,0.));
#153 = PCURVE('',#93,#154);
#154 = DEFINITIONAL_REPRESENTATION('',(#155),#163);
#155 = ( BOUNDED_CURVE() B_SPLINE_CURVE(2,(#156,#157,#158,#159,#160,#161
,#162),.UNSPECIFIED.,.T.,.F.) B_SPLINE_CURVE_WITH_KNOTS((1,2,2,2,2,1),(
    -2.094395102393,0.,2.094395102393,4.188790204786,6.28318530718,
8.377580409573),.UNSPECIFIED.) CURVE() GEOMETRIC_REPRESENTATION_ITEM() 
RATIONAL_B_SPLINE_CURVE((1.,0.5,1.,0.5,1.,0.5,1.)) REPRESENTATION_ITEM(
  '') );
#156 = CARTESIAN_POINT('',(64.999999999999,30.967725134406));
#157 = CARTESIAN_POINT('',(118.63767332761,-81.61557735756));
#158 = CARTESIAN_POINT('',(-5.681163336189,-71.77551381319));
#159 = CARTESIAN_POINT('',(-129.9999999999,-61.93545026881));
#160 = CARTESIAN_POINT('',(-59.3188366638,40.807788678784));
#161 = CARTESIAN_POINT('',(11.362326672379,143.55102762638));
#162 = CARTESIAN_POINT('',(64.999999999999,30.967725134406));
#163 = ( GEOMETRIC_REPRESENTATION_CONTEXT(2) 
PARAMETRIC_REPRESENTATION_CONTEXT() REPRESENTATION_CONTEXT('2D SPACE',''
  ) );
#164 = PCURVE('',#165,#170);
#165 = CYLINDRICAL_SURFACE('',#166,72.);
#166 = AXIS2_PLACEMENT_3D('',#167,#168,#169);
#167 = CARTESIAN_POINT('',(3.794298208959E-13,2.13162820728E-15,0.));
#168 = DIRECTION('',(-0.,-0.,-1.));
#169 = DIRECTION('',(1.,0.,0.));
#170 = DEFINITIONAL_REPRESENTATION('',(#171),#175);
#171 = LINE('',#172,#173);
#172 = CARTESIAN_POINT('',(-6.727796928973,-6.));
#173 = VECTOR('',#174,1.);
#174 = DIRECTION('',(1.,-0.));
#175 = ( GEOMETRIC_REPRESENTATION_CONTEXT(2) 
PARAMETRIC_REPRESENTATION_CONTEXT() REPRESENTATION_CONTEXT('2D SPACE',''
  ) );
#176 = FACE_BOUND('',#177,.T.);
#177 = EDGE_LOOP('',(#178,#209,#237,#266));
#178 = ORIENTED_EDGE('',*,*,#179,.F.);
#179 = EDGE_CURVE('',#180,#182,#184,.T.);
#180 = VERTEX_POINT('',#181);
#181 = CARTESIAN_POINT('',(50.999999999998,-50.82322303829,6.));
#182 = VERTEX_POINT('',#183);
#183 = CARTESIAN_POINT('',(61.,-38.24918299781,6.));
#184 = SURFACE_CURVE('',#185,(#190,#197),.PCURVE_S1.);
#185 = CIRCLE('',#186,72.);
#186 = AXIS2_PLACEMENT_3D('',#187,#188,#189);
#187 = CARTESIAN_POINT('',(3.794298208959E-13,2.13162820728E-15,6.));
#188 = DIRECTION('',(0.,0.,1.));
#189 = DIRECTION('',(1.,0.,0.));
#190 = PCURVE('',#93,#191);
#191 = DEFINITIONAL_REPRESENTATION('',(#192),#196);
#192 = CIRCLE('',#193,72.);
#193 = AXIS2_PLACEMENT_2D('',#194,#195);
#194 = CARTESIAN_POINT('',(3.8380562932E-13,-3.354263843246E-15));
#195 = DIRECTION('',(1.,0.));
#196 = ( GEOMETRIC_REPRESENTATION_CONTEXT(2) 
PARAMETRIC_REPRESENTATION_CONTEXT() REPRESENTATION_CONTEXT('2D SPACE',''
  ) );
#197 = PCURVE('',#198,#203);
#198 = CYLINDRICAL_SURFACE('',#199,72.);
#199 = AXIS2_PLACEMENT_3D('',#200,#201,#202);
#200 = CARTESIAN_POINT('',(3.794298208959E-13,2.13162820728E-15,0.));
#201 = DIRECTION('',(-0.,-0.,-1.));
#202 = DIRECTION('',(1.,0.,0.));
#203 = DEFINITIONAL_REPRESENTATION('',(#204),#208);
#204 = LINE('',#205,#206);
#205 = CARTESIAN_POINT('',(-0.,-6.));
#206 = VECTOR('',#207,1.);
#207 = DIRECTION('',(-1.,0.));
#208 = ( GEOMETRIC_REPRESENTATION_CONTEXT(2) 
PARAMETRIC_REPRESENTATION_CONTEXT() REPRESENTATION_CONTEXT('2D SPACE',''
  ) );
#209 = ORIENTED_EDGE('',*,*,#210,.T.);
#210 = EDGE_CURVE('',#180,#211,#213,.T.);
#211 = VERTEX_POINT('',#212);
#212 = CARTESIAN_POINT('',(50.999999999998,50.823223038297,6.));
#213 = SURFACE_CURVE('',#214,(#218,#225),.PCURVE_S1.);
#214 = LINE('',#215,#216);
#215 = CARTESIAN_POINT('',(51.,-80.,6.));
#216 = VECTOR('',#217,1.);
#217 = DIRECTION('',(0.,1.,0.));
#218 = PCURVE('',#93,#219);
#219 = DEFINITIONAL_REPRESENTATION('',(#220),#224);
#220 = LINE('',#221,#222);
#221 = CARTESIAN_POINT('',(51.,-80.));
#222 = VECTOR('',#223,1.);
#223 = DIRECTION('',(0.,1.));
#224 = ( GEOMETRIC_REPRESENTATION_CONTEXT(2) 
PARAMETRIC_REPRESENTATION_CONTEXT() REPRESENTATION_CONTEXT('2D SPACE',''
  ) );
#225 = PCURVE('',#226,#231);
#226 = PLANE('',#227);
#227 = AXIS2_PLACEMENT_3D('',#228,#229,#230);
#228 = CARTESIAN_POINT('',(51.,-80.,0.));
#229 = DIRECTION('',(1.,0.,0.));
#230 = DIRECTION('',(0.,0.,1.));
#231 = DEFINITIONAL_REPRESENTATION('',(#232),#236);
#232 = LINE('',#233,#234);
#233 = CARTESIAN_POINT('',(6.,0.));
#234 = VECTOR('',#235,1.);
#235 = DIRECTION('',(0.,-1.));
#236 = ( GEOMETRIC_REPRESENTATION_CONTEXT(2) 
PARAMETRIC_REPRESENTATION_CONTEXT() REPRESENTATION_CONTEXT('2D SPACE',''
  ) );
#237 = ORIENTED_EDGE('',*,*,#238,.F.);
#238 = EDGE_CURVE('',#239,#211,#241,.T.);
#239 = VERTEX_POINT('',#240);
#240 = CARTESIAN_POINT('',(61.,38.249182997811,6.));
#241 = SURFACE_CURVE('',#242,(#247,#254),.PCURVE_S1.);
#242 = CIRCLE('',#243,72.);
#243 = AXIS2_PLACEMENT_3D('',#244,#245,#246);
#244 = CARTESIAN_POINT('',(3.794298208959E-13,2.13162820728E-15,6.));
#245 = DIRECTION('',(0.,0.,1.));
#246 = DIRECTION('',(1.,0.,0.));
#247 = PCURVE('',#93,#248);
#248 = DEFINITIONAL_REPRESENTATION('',(#249),#253);
#249 = CIRCLE('',#250,72.);
#250 = AXIS2_PLACEMENT_2D('',#251,#252);
#251 = CARTESIAN_POINT('',(3.8380562932E-13,-3.354263843246E-15));
#252 = DIRECTION('',(1.,0.));
#253 = ( GEOMETRIC_REPRESENTATION_CONTEXT(2) 
PARAMETRIC_REPRESENTATION_CONTEXT() REPRESENTATION_CONTEXT('2D SPACE',''
  ) );
#254 = PCURVE('',#255,#260);
#255 = CYLINDRICAL_SURFACE('',#256,72.);
#256 = AXIS2_PLACEMENT_3D('',#257,#258,#259);
#257 = CARTESIAN_POINT('',(3.794298208959E-13,2.13162820728E-15,0.));
#258 = DIRECTION('',(-0.,-0.,-1.));
#259 = DIRECTION('',(1.,0.,0.));
#260 = DEFINITIONAL_REPRESENTATION('',(#261),#265);
#261 = LINE('',#262,#263);
#262 = CARTESIAN_POINT('',(-0.,-6.));
#263 = VECTOR('',#264,1.);
#264 = DIRECTION('',(-1.,0.));
#265 = ( GEOMETRIC_REPRESENTATION_CONTEXT(2) 
PARAMETRIC_REPRESENTATION_CONTEXT() REPRESENTATION_CONTEXT('2D SPACE',''
  ) );
#266 = ORIENTED_EDGE('',*,*,#267,.F.);
#267 = EDGE_CURVE('',#182,#239,#268,.T.);
#268 = SURFACE_CURVE('',#269,(#273,#280),.PCURVE_S1.);
#269 = LINE('',#270,#271);
#270 = CARTESIAN_POINT('',(61.,-80.,6.));
#271 = VECTOR('',#272,1.);
#272 = DIRECTION('',(0.,1.,0.));
#273 = PCURVE('',#93,#274);
#274 = DEFINITIONAL_REPRESENTATION('',(#275),#279);
#275 = LINE('',#276,#277);
#276 = CARTESIAN_POINT('',(61.,-80.));
#277 = VECTOR('',#278,1.);
#278 = DIRECTION('',(0.,1.));
#279 = ( GEOMETRIC_REPRESENTATION_CONTEXT(2) 
PARAMETRIC_REPRESENTATION_CONTEXT() REPRESENTATION_CONTEXT('2D SPACE',''
  ) );
#280 = PCURVE('',#281,#286);
#281 = PLANE('',#282);
#282 = AXIS2_PLACEMENT_3D('',#283,#284,#285);
#283 = CARTESIAN_POINT('',(61.,-80.,0.));
#284 = DIRECTION('',(1.,0.,0.));
#285 = DIRECTION('',(0.,0.,1.));
#286 = DEFINITIONAL_REPRESENTATION('',(#287),#291);
#287 = LINE('',#288,#289);
#288 = CARTESIAN_POINT('',(6.,0.));
#289 = VECTOR('',#290,1.);
#290 = DIRECTION('',(0.,-1.));
#291 = ( GEOMETRIC_REPRESENTATION_CONTEXT(2) 
PARAMETRIC_REPRESENTATION_CONTEXT() REPRESENTATION_CONTEXT('2D SPACE',''
  ) );
#292 = FACE_BOUND('',#293,.T.);
#293 = EDGE_LOOP('',(#294,#325,#353,#382));
#294 = ORIENTED_EDGE('',*,*,#295,.F.);
#295 = EDGE_CURVE('',#296,#298,#300,.T.);
#296 = VERTEX_POINT('',#297);
#297 = CARTESIAN_POINT('',(37.000000000001,-61.76568626672,6.));
#298 = VERTEX_POINT('',#299);
#299 = CARTESIAN_POINT('',(47.,-54.54356057317,6.));
#300 = SURFACE_CURVE('',#301,(#306,#313),.PCURVE_S1.);
#301 = CIRCLE('',#302,72.);
#302 = AXIS2_PLACEMENT_3D('',#303,#304,#305);
#303 = CARTESIAN_POINT('',(3.794298208959E-13,2.13162820728E-15,6.));
#304 = DIRECTION('',(0.,0.,1.));
#305 = DIRECTION('',(1.,0.,0.));
#306 = PCURVE('',#93,#307);
#307 = DEFINITIONAL_REPRESENTATION('',(#308),#312);
#308 = CIRCLE('',#309,72.);
#309 = AXIS2_PLACEMENT_2D('',#310,#311);
#310 = CARTESIAN_POINT('',(3.8380562932E-13,-3.354263843246E-15));
#311 = DIRECTION('',(1.,0.));
#312 = ( GEOMETRIC_REPRESENTATION_CONTEXT(2) 
PARAMETRIC_REPRESENTATION_CONTEXT() REPRESENTATION_CONTEXT('2D SPACE',''
  ) );
#313 = PCURVE('',#314,#319);
#314 = CYLINDRICAL_SURFACE('',#315,72.);
#315 = AXIS2_PLACEMENT_3D('',#316,#317,#318);
#316 = CARTESIAN_POINT('',(3.794298208959E-13,2.13162820728E-15,0.));
#317 = DIRECTION('',(-0.,-0.,-1.));
#318 = DIRECTION('',(1.,0.,0.));
#319 = DEFINITIONAL_REPRESENTATION('',(#320),#324);
#320 = LINE('',#321,#322);
#321 = CARTESIAN_POINT('',(-0.,-6.));
#322 = VECTOR('',#323,1.);
#323 = DIRECTION('',(-1.,0.));
#324 = ( GEOMETRIC_REPRESENTATION_CONTEXT(2) 
PARAMETRIC_REPRESENTATION_CONTEXT() REPRESENTATION_CONTEXT('2D SPACE',''
  ) );
#325 = ORIENTED_EDGE('',*,*,#326,.T.);
#326 = EDGE_CURVE('',#296,#327,#329,.T.);
#327 = VERTEX_POINT('',#328);
#328 = CARTESIAN_POINT('',(37.000000000001,61.765686266728,6.));
#329 = SURFACE_CURVE('',#330,(#334,#341),.PCURVE_S1.);
#330 = LINE('',#331,#332);
#331 = CARTESIAN_POINT('',(37.,-80.,6.));
#332 = VECTOR('',#333,1.);
#333 = DIRECTION('',(0.,1.,0.));
#334 = PCURVE('',#93,#335);
#335 = DEFINITIONAL_REPRESENTATION('',(#336),#340);
#336 = LINE('',#337,#338);
#337 = CARTESIAN_POINT('',(37.,-80.));
#338 = VECTOR('',#339,1.);
#339 = DIRECTION('',(0.,1.));
#340 = ( GEOMETRIC_REPRESENTATION_CONTEXT(2) 
PARAMETRIC_REPRESENTATION_CONTEXT() REPRESENTATION_CONTEXT('2D SPACE',''
  ) );
#341 = PCURVE('',#342,#347);
#342 = PLANE('',#343);
#343 = AXIS2_PLACEMENT_3D('',#344,#345,#346);
#344 = CARTESIAN_POINT('',(37.,-80.,0.));
#345 = DIRECTION('',(1.,0.,0.));
#346 = DIRECTION('',(0.,0.,1.));
#347 = DEFINITIONAL_REPRESENTATION('',(#348),#352);
#348 = LINE('',#349,#350);
#349 = CARTESIAN_POINT('',(6.,0.));
#350 = VECTOR('',#351,1.);
#351 = DIRECTION('',(0.,-1.));
#352 = ( GEOMETRIC_REPRESENTATION_CONTEXT(2) 
PARAMETRIC_REPRESENTATION_CONTEXT() REPRESENTATION_CONTEXT('2D SPACE',''
  ) );
#353 = ORIENTED_EDGE('',*,*,#354,.F.);
#354 = EDGE_CURVE('',#355,#327,#357,.T.);
#355 = VERTEX_POINT('',#356);
#356 = CARTESIAN_POINT('',(47.,54.543560573179,6.));
#357 = SURFACE_CURVE('',#358,(#363,#370),.PCURVE_S1.);
#358 = CIRCLE('',#359,72.);
#359 = AXIS2_PLACEMENT_3D('',#360,#361,#362);
#360 = CARTESIAN_POINT('',(3.794298208959E-13,2.13162820728E-15,6.));
#361 = DIRECTION('',(0.,0.,1.));
#362 = DIRECTION('',(1.,0.,0.));
#363 = PCURVE('',#93,#364);
#364 = DEFINITIONAL_REPRESENTATION('',(#365),#369);
#365 = CIRCLE('',#366,72.);
#366 = AXIS2_PLACEMENT_2D('',#367,#368);
#367 = CARTESIAN_POINT('',(3.8380562932E-13,-3.354263843246E-15));
#368 = DIRECTION('',(1.,0.));
#369 = ( GEOMETRIC_REPRESENTATION_CONTEXT(2) 
PARAMETRIC_REPRESENTATION_CONTEXT() REPRESENTATION_CONTEXT('2D SPACE',''
  ) );
#370 = PCURVE('',#371,#376);
#371 = CYLINDRICAL_SURFACE('',#372,72.);
#372 = AXIS2_PLACEMENT_3D('',#373,#374,#375);
#373 = CARTESIAN_POINT('',(3.794298208959E-13,2.13162820728E-15,0.));
#374 = DIRECTION('',(-0.,-0.,-1.));
#375 = DIRECTION('',(1.,0.,0.));
#376 = DEFINITIONAL_REPRESENTATION('',(#377),#381);
#377 = LINE('',#378,#379);
#378 = CARTESIAN_POINT('',(-0.,-6.));
#379 = VECTOR('',#380,1.);
#380 = DIRECTION('',(-1.,0.));
#381 = ( GEOMETRIC_REPRESENTATION_CONTEXT(2) 
PARAMETRIC_REPRESENTATION_CONTEXT() REPRESENTATION_CONTEXT('2D SPACE',''
  ) );
#382 = ORIENTED_EDGE('',*,*,#383,.F.);
#383 = EDGE_CURVE('',#298,#355,#384,.T.);
#384 = SURFACE_CURVE('',#385,(#389,#396),.PCURVE_S1.);
#385 = LINE('',#386,#387);
#386 = CARTESIAN_POINT('',(47.,-80.,6.));
#387 = VECTOR('',#388,1.);
#388 = DIRECTION('',(0.,1.,0.));
#389 = PCURVE('',#93,#390);
#390 = DEFINITIONAL_REPRESENTATION('',(#391),#395);
#391 = LINE('',#392,#393);
#392 = CARTESIAN_POINT('',(47.,-80.));
#393 = VECTOR('',#394,1.);
#394 = DIRECTION('',(0.,1.));
#395 = ( GEOMETRIC_REPRESENTATION_CONTEXT(2) 
PARAMETRIC_REPRESENTATION_CONTEXT() REPRESENTATION_CONTEXT('2D SPACE',''
  ) );
#396 = PCURVE('',#397,#402);
#397 = PLANE('',#398);
#398 = AXIS2_PLACEMENT_3D('',#399,#400,#401);
#399 = CARTESIAN_POINT('',(47.,-80.,0.));
#400 = DIRECTION('',(1.,0.,0.));
#401 = DIRECTION('',(0.,0.,1.));
#402 = DEFINITIONAL_REPRESENTATION('',(#403),#407);
#403 = LINE('',#404,#405);
#404 = CARTESIAN_POINT('',(6.,0.));
#405 = VECTOR('',#406,1.);
#406 = DIRECTION('',(0.,-1.));
#407 = ( GEOMETRIC_REPRESENTATION_CONTEXT(2) 
PARAMETRIC_REPRESENTATION_CONTEXT() REPRESENTATION_CONTEXT('2D SPACE',''
  ) );
#408 = FACE_BOUND('',#409,.T.);
#409 = EDGE_LOOP('',(#410,#441,#469,#498));
#410 = ORIENTED_EDGE('',*,*,#411,.F.);
#411 = EDGE_CURVE('',#412,#414,#416,.T.);
#412 = VERTEX_POINT('',#413);
#413 = CARTESIAN_POINT('',(22.999999999999,-68.22756041366,6.));
#414 = VERTEX_POINT('',#415);
#415 = CARTESIAN_POINT('',(33.000000000002,-63.9921870231,6.));
#416 = SURFACE_CURVE('',#417,(#422,#429),.PCURVE_S1.);
#417 = CIRCLE('',#418,72.);
#418 = AXIS2_PLACEMENT_3D('',#419,#420,#421);
#419 = CARTESIAN_POINT('',(3.794298208959E-13,2.13162820728E-15,6.));
#420 = DIRECTION('',(0.,0.,1.));
#421 = DIRECTION('',(1.,0.,0.));
#422 = PCURVE('',#93,#423);
#423 = DEFINITIONAL_REPRESENTATION('',(#424),#428);
#424 = CIRCLE('',#425,72.);
#425 = AXIS2_PLACEMENT_2D('',#426,#427);
#426 = CARTESIAN_POINT('',(3.8380562932E-13,-3.354263843246E-15));
#427 = DIRECTION('',(1.,0.));
#428 = ( GEOMETRIC_REPRESENTATION_CONTEXT(2) 
PARAMETRIC_REPRESENTATION_CONTEXT() REPRESENTATION_CONTEXT('2D SPACE',''
  ) );
#429 = PCURVE('',#430,#435);
#430 = CYLINDRICAL_SURFACE('',#431,72.);
#431 = AXIS2_PLACEMENT_3D('',#432,#433,#434);
#432 = CARTESIAN_POINT('',(3.794298208959E-13,2.13162820728E-15,0.));
#433 = DIRECTION('',(-0.,-0.,-1.));
#434 = DIRECTION('',(1.,0.,0.));
#435 = DEFINITIONAL_REPRESENTATION('',(#436),#440);
#436 = LINE('',#437,#438);
#437 = CARTESIAN_POINT('',(-0.,-6.));
#438 = VECTOR('',#439,1.);
#439 = DIRECTION('',(-1.,0.));
#440 = ( GEOMETRIC_REPRESENTATION_CONTEXT(2) 
PARAMETRIC_REPRESENTATION_CONTEXT() REPRESENTATION_CONTEXT('2D SPACE',''
  ) );
#441 = ORIENTED_EDGE('',*,*,#442,.T.);
#442 = EDGE_CURVE('',#412,#443,#445,.T.);
#443 = VERTEX_POINT('',#444);
#444 = CARTESIAN_POINT('',(22.999999999999,68.227560413663,6.));
#445 = SURFACE_CURVE('',#446,(#450,#457),.PCURVE_S1.);
#446 = LINE('',#447,#448);
#447 = CARTESIAN_POINT('',(23.,-80.,6.));
#448 = VECTOR('',#449,1.);
#449 = DIRECTION('',(0.,1.,0.));
#450 = PCURVE('',#93,#451);
#451 = DEFINITIONAL_REPRESENTATION('',(#452),#456);
#452 = LINE('',#453,#454);
#453 = CARTESIAN_POINT('',(23.,-80.));
#454 = VECTOR('',#455,1.);
#455 = DIRECTION('',(0.,1.));
#456 = ( GEOMETRIC_REPRESENTATION_CONTEXT(2) 
PARAMETRIC_REPRESENTATION_CONTEXT() REPRESENTATION_CONTEXT('2D SPACE',''
  ) );
#457 = PCURVE('',#458,#463);
#458 = PLANE('',#459);
#459 = AXIS2_PLACEMENT_3D('',#460,#461,#462);
#460 = CARTESIAN_POINT('',(23.,-80.,0.));
#461 = DIRECTION('',(1.,0.,0.));
#462 = DIRECTION('',(0.,0.,1.));
#463 = DEFINITIONAL_REPRESENTATION('',(#464),#468);
#464 = LINE('',#465,#466);
#465 = CARTESIAN_POINT('',(6.,0.));
#466 = VECTOR('',#467,1.);
#467 = DIRECTION('',(0.,-1.));
#468 = ( GEOMETRIC_REPRESENTATION_CONTEXT(2) 
PARAMETRIC_REPRESENTATION_CONTEXT() REPRESENTATION_CONTEXT('2D SPACE',''
  ) );
#469 = ORIENTED_EDGE('',*,*,#470,.F.);
#470 = EDGE_CURVE('',#471,#443,#473,.T.);
#471 = VERTEX_POINT('',#472);
#472 = CARTESIAN_POINT('',(33.000000000002,63.992187023103,6.));
#473 = SURFACE_CURVE('',#474,(#479,#486),.PCURVE_S1.);
#474 = CIRCLE('',#475,72.);
#475 = AXIS2_PLACEMENT_3D('',#476,#477,#478);
#476 = CARTESIAN_POINT('',(3.794298208959E-13,2.13162820728E-15,6.));
#477 = DIRECTION('',(0.,0.,1.));
#478 = DIRECTION('',(1.,0.,0.));
#479 = PCURVE('',#93,#480);
#480 = DEFINITIONAL_REPRESENTATION('',(#481),#485);
#481 = CIRCLE('',#482,72.);
#482 = AXIS2_PLACEMENT_2D('',#483,#484);
#483 = CARTESIAN_POINT('',(3.8380562932E-13,-3.354263843246E-15));
#484 = DIRECTION('',(1.,0.));
#485 = ( GEOMETRIC_REPRESENTATION_CONTEXT(2) 
PARAMETRIC_REPRESENTATION_CONTEXT() REPRESENTATION_CONTEXT('2D SPACE',''
  ) );
#486 = PCURVE('',#487,#492);
#487 = CYLINDRICAL_SURFACE('',#488,72.);
#488 = AXIS2_PLACEMENT_3D('',#489,#490,#491);
#489 = CARTESIAN_POINT('',(3.794298208959E-13,2.13162820728E-15,0.));
#490 = DIRECTION('',(-0.,-0.,-1.));
#491 = DIRECTION('',(1.,0.,0.));
#492 = DEFINITIONAL_REPRESENTATION('',(#493),#497);
#493 = LINE('',#494,#495);
#494 = CARTESIAN_POINT('',(-0.,-6.));
#495 = VECTOR('',#496,1.);
#496 = DIRECTION('',(-1.,0.));
#497 = ( GEOMETRIC_REPRESENTATION_CONTEXT(2) 
PARAMETRIC_REPRESENTATION_CONTEXT() REPRESENTATION_CONTEXT('2D SPACE',''
  ) );
#498 = ORIENTED_EDGE('',*,*,#499,.F.);
#499 = EDGE_CURVE('',#414,#471,#500,.T.);
#500 = SURFACE_CURVE('',#501,(#505,#512),.PCURVE_S1.);
#501 = LINE('',#502,#503);
#502 = CARTESIAN_POINT('',(33.,-80.,6.));
#503 = VECTOR('',#504,1.);
#504 = DIRECTION('',(0.,1.,0.));
#505 = PCURVE('',#93,#506);
#506 = DEFINITIONAL_REPRESENTATION('',(#507),#511);
#507 = LINE('',#508,#509);
#508 = CARTESIAN_POINT('',(33.,-80.));
#509 = VECTOR('',#510,1.);
#510 = DIRECTION('',(0.,1.));
#511 = ( GEOMETRIC_REPRESENTATION_CONTEXT(2) 
PARAMETRIC_REPRESENTATION_CONTEXT() REPRESENTATION_CONTEXT('2D SPACE',''
  ) );
#512 = PCURVE('',#513,#518);
#513 = PLANE('',#514);
#514 = AXIS2_PLACEMENT_3D('',#515,#516,#517);
#515 = CARTESIAN_POINT('',(33.,-80.,0.));
#516 = DIRECTION('',(1.,0.,0.));
#517 = DIRECTION('',(0.,0.,1.));
#518 = DEFINITIONAL_REPRESENTATION('',(#519),#523);
#519 = LINE('',#520,#521);
#520 = CARTESIAN_POINT('',(6.,0.));
#521 = VECTOR('',#522,1.);
#522 = DIRECTION('',(0.,-1.));
#523 = ( GEOMETRIC_REPRESENTATION_CONTEXT(2) 
PARAMETRIC_REPRESENTATION_CONTEXT() REPRESENTATION_CONTEXT('2D SPACE',''
  ) );
#524 = FACE_BOUND('',#525,.T.);
#525 = EDGE_LOOP('',(#526,#557,#585,#614));
#526 = ORIENTED_EDGE('',*,*,#527,.F.);
#527 = EDGE_CURVE('',#528,#530,#532,.T.);
#528 = VERTEX_POINT('',#529);
#529 = CARTESIAN_POINT('',(8.999999999999,-71.43528539874,6.));
#530 = VERTEX_POINT('',#531);
#531 = CARTESIAN_POINT('',(18.999999999999,-69.44782214007,6.));
#532 = SURFACE_CURVE('',#533,(#538,#545),.PCURVE_S1.);
#533 = CIRCLE('',#534,72.);
#534 = AXIS2_PLACEMENT_3D('',#535,#536,#537);
#535 = CARTESIAN_POINT('',(3.794298208959E-13,2.13162820728E-15,6.));
#536 = DIRECTION('',(0.,0.,1.));
#537 = DIRECTION('',(1.,0.,0.));
#538 = PCURVE('',#93,#539);
#539 = DEFINITIONAL_REPRESENTATION('',(#540),#544);
#540 = CIRCLE('',#541,72.);
#541 = AXIS2_PLACEMENT_2D('',#542,#543);
#542 = CARTESIAN_POINT('',(3.8380562932E-13,-3.354263843246E-15));
#543 = DIRECTION('',(1.,0.));
#544 = ( GEOMETRIC_REPRESENTATION_CONTEXT(2) 
PARAMETRIC_REPRESENTATION_CONTEXT() REPRESENTATION_CONTEXT('2D SPACE',''
  ) );
#545 = PCURVE('',#546,#551);
#546 = CYLINDRICAL_SURFACE('',#547,72.);
#547 = AXIS2_PLACEMENT_3D('',#548,#549,#550);
#548 = CARTESIAN_POINT('',(3.794298208959E-13,2.13162820728E-15,0.));
#549 = DIRECTION('',(-0.,-0.,-1.));
#550 = DIRECTION('',(1.,0.,0.));
#551 = DEFINITIONAL_REPRESENTATION('',(#552),#556);
#552 = LINE('',#553,#554);
#553 = CARTESIAN_POINT('',(-0.,-6.));
#554 = VECTOR('',#555,1.);
#555 = DIRECTION('',(-1.,0.));
#556 = ( GEOMETRIC_REPRESENTATION_CONTEXT(2) 
PARAMETRIC_REPRESENTATION_CONTEXT() REPRESENTATION_CONTEXT('2D SPACE',''
  ) );
#557 = ORIENTED_EDGE('',*,*,#558,.T.);
#558 = EDGE_CURVE('',#528,#559,#561,.T.);
#559 = VERTEX_POINT('',#560);
#560 = CARTESIAN_POINT('',(8.999999999999,71.435285398744,6.));
#561 = SURFACE_CURVE('',#562,(#566,#573),.PCURVE_S1.);
#562 = LINE('',#563,#564);
#563 = CARTESIAN_POINT('',(9.,-80.,6.));
#564 = VECTOR('',#565,1.);
#565 = DIRECTION('',(0.,1.,0.));
#566 = PCURVE('',#93,#567);
#567 = DEFINITIONAL_REPRESENTATION('',(#568),#572);
#568 = LINE('',#569,#570);
#569 = CARTESIAN_POINT('',(9.,-80.));
#570 = VECTOR('',#571,1.);
#571 = DIRECTION('',(0.,1.));
#572 = ( GEOMETRIC_REPRESENTATION_CONTEXT(2) 
PARAMETRIC_REPRESENTATION_CONTEXT() REPRESENTATION_CONTEXT('2D SPACE',''
  ) );
#573 = PCURVE('',#574,#579);
#574 = PLANE('',#575);
#575 = AXIS2_PLACEMENT_3D('',#576,#577,#578);
#576 = CARTESIAN_POINT('',(9.,-80.,0.));
#577 = DIRECTION('',(1.,0.,0.));
#578 = DIRECTION('',(0.,0.,1.));
#579 = DEFINITIONAL_REPRESENTATION('',(#580),#584);
#580 = LINE('',#581,#582);
#581 = CARTESIAN_POINT('',(6.,0.));
#582 = VECTOR('',#583,1.);
#583 = DIRECTION('',(0.,-1.));
#584 = ( GEOMETRIC_REPRESENTATION_CONTEXT(2) 
PARAMETRIC_REPRESENTATION_CONTEXT() REPRESENTATION_CONTEXT('2D SPACE',''
  ) );
#585 = ORIENTED_EDGE('',*,*,#586,.F.);
#586 = EDGE_CURVE('',#587,#559,#589,.T.);
#587 = VERTEX_POINT('',#588);
#588 = CARTESIAN_POINT('',(18.999999999999,69.447822140079,6.));
#589 = SURFACE_CURVE('',#590,(#595,#602),.PCURVE_S1.);
#590 = CIRCLE('',#591,72.);
#591 = AXIS2_PLACEMENT_3D('',#592,#593,#594);
#592 = CARTESIAN_POINT('',(3.794298208959E-13,2.13162820728E-15,6.));
#593 = DIRECTION('',(0.,0.,1.));
#594 = DIRECTION('',(1.,0.,0.));
#595 = PCURVE('',#93,#596);
#596 = DEFINITIONAL_REPRESENTATION('',(#597),#601);
#597 = CIRCLE('',#598,72.);
#598 = AXIS2_PLACEMENT_2D('',#599,#600);
#599 = CARTESIAN_POINT('',(3.8380562932E-13,-3.354263843246E-15));
#600 = DIRECTION('',(1.,0.));
#601 = ( GEOMETRIC_REPRESENTATION_CONTEXT(2) 
PARAMETRIC_REPRESENTATION_CONTEXT() REPRESENTATION_CONTEXT('2D SPACE',''
  ) );
#602 = PCURVE('',#603,#608);
#603 = CYLINDRICAL_SURFACE('',#604,72.);
#604 = AXIS2_PLACEMENT_3D('',#605,#606,#607);
#605 = CARTESIAN_POINT('',(3.794298208959E-13,2.13162820728E-15,0.));
#606 = DIRECTION('',(-0.,-0.,-1.));
#607 = DIRECTION('',(1.,0.,0.));
#608 = DEFINITIONAL_REPRESENTATION('',(#609),#613);
#609 = LINE('',#610,#611);
#610 = CARTESIAN_POINT('',(-0.,-6.));
#611 = VECTOR('',#612,1.);
#612 = DIRECTION('',(-1.,0.));
#613 = ( GEOMETRIC_REPRESENTATION_CONTEXT(2) 
PARAMETRIC_REPRESENTATION_CONTEXT() REPRESENTATION_CONTEXT('2D SPACE',''
  ) );
#614 = ORIENTED_EDGE('',*,*,#615,.F.);
#615 = EDGE_CURVE('',#530,#587,#616,.T.);
#616 = SURFACE_CURVE('',#617,(#621,#628),.PCURVE_S1.);
#617 = LINE('',#618,#619);
#618 = CARTESIAN_POINT('',(19.,-80.,6.));
#619 = VECTOR('',#620,1.);
#620 = DIRECTION('',(0.,1.,0.));
#621 = PCURVE('',#93,#622);
#622 = DEFINITIONAL_REPRESENTATION('',(#623),#627);
#623 = LINE('',#624,#625);
#624 = CARTESIAN_POINT('',(19.,-80.));
#625 = VECTOR('',#626,1.);
#626 = DIRECTION('',(0.,1.));
#627 = ( GEOMETRIC_REPRESENTATION_CONTEXT(2) 
PARAMETRIC_REPRESENTATION_CONTEXT() REPRESENTATION_CONTEXT('2D SPACE',''
  ) );
#628 = PCURVE('',#629,#634);
#629 = PLANE('',#630);
#630 = AXIS2_PLACEMENT_3D('',#631,#632,#633);
#631 = CARTESIAN_POINT('',(19.,-80.,0.));
#632 = DIRECTION('',(1.,0.,0.));
#633 = DIRECTION('',(0.,0.,1.));
#634 = DEFINITIONAL_REPRESENTATION('',(#635),#639);
#635 = LINE('',#636,#637);
#636 = CARTESIAN_POINT('',(6.,0.));
#637 = VECTOR('',#638,1.);
#638 = DIRECTION('',(0.,-1.));
#639 = ( GEOMETRIC_REPRESENTATION_CONTEXT(2) 
PARAMETRIC_REPRESENTATION_CONTEXT() REPRESENTATION_CONTEXT('2D SPACE',''
  ) );
#640 = FACE_BOUND('',#641,.T.);
#641 = EDGE_LOOP('',(#642,#673,#701,#730));
#642 = ORIENTED_EDGE('',*,*,#643,.F.);
#643 = EDGE_CURVE('',#644,#646,#648,.T.);
#644 = VERTEX_POINT('',#645);
#645 = CARTESIAN_POINT('',(-5.000000000001,-71.82617907142,6.));
#646 = VERTEX_POINT('',#647);
#647 = CARTESIAN_POINT('',(5.000000000001,-71.82617907142,6.));
#648 = SURFACE_CURVE('',#649,(#654,#661),.PCURVE_S1.);
#649 = CIRCLE('',#650,72.);
#650 = AXIS2_PLACEMENT_3D('',#651,#652,#653);
#651 = CARTESIAN_POINT('',(3.794298208959E-13,2.13162820728E-15,6.));
#652 = DIRECTION('',(0.,0.,1.));
#653 = DIRECTION('',(1.,0.,0.));
#654 = PCURVE('',#93,#655);
#655 = DEFINITIONAL_REPRESENTATION('',(#656),#660);
#656 = CIRCLE('',#657,72.);
#657 = AXIS2_PLACEMENT_2D('',#658,#659);
#658 = CARTESIAN_POINT('',(3.8380562932E-13,-3.354263843246E-15));
#659 = DIRECTION('',(1.,0.));
#660 = ( GEOMETRIC_REPRESENTATION_CONTEXT(2) 
PARAMETRIC_REPRESENTATION_CONTEXT() REPRESENTATION_CONTEXT('2D SPACE',''
  ) );
#661 = PCURVE('',#662,#667);
#662 = CYLINDRICAL_SURFACE('',#663,72.);
#663 = AXIS2_PLACEMENT_3D('',#664,#665,#666);
#664 = CARTESIAN_POINT('',(3.794298208959E-13,2.13162820728E-15,0.));
#665 = DIRECTION('',(-0.,-0.,-1.));
#666 = DIRECTION('',(1.,0.,0.));
#667 = DEFINITIONAL_REPRESENTATION('',(#668),#672);
#668 = LINE('',#669,#670);
#669 = CARTESIAN_POINT('',(-0.,-6.));
#670 = VECTOR('',#671,1.);
#671 = DIRECTION('',(-1.,0.));
#672 = ( GEOMETRIC_REPRESENTATION_CONTEXT(2) 
PARAMETRIC_REPRESENTATION_CONTEXT() REPRESENTATION_CONTEXT('2D SPACE',''
  ) );
#673 = ORIENTED_EDGE('',*,*,#674,.T.);
#674 = EDGE_CURVE('',#644,#675,#677,.T.);
#675 = VERTEX_POINT('',#676);
#676 = CARTESIAN_POINT('',(-5.000000000001,71.826179071422,6.));
#677 = SURFACE_CURVE('',#678,(#682,#689),.PCURVE_S1.);
#678 = LINE('',#679,#680);
#679 = CARTESIAN_POINT('',(-5.,-80.,6.));
#680 = VECTOR('',#681,1.);
#681 = DIRECTION('',(0.,1.,0.));
#682 = PCURVE('',#93,#683);
#683 = DEFINITIONAL_REPRESENTATION('',(#684),#688);
#684 = LINE('',#685,#686);
#685 = CARTESIAN_POINT('',(-5.,-80.));
#686 = VECTOR('',#687,1.);
#687 = DIRECTION('',(0.,1.));
#688 = ( GEOMETRIC_REPRESENTATION_CONTEXT(2) 
PARAMETRIC_REPRESENTATION_CONTEXT() REPRESENTATION_CONTEXT('2D SPACE',''
  ) );
#689 = PCURVE('',#690,#695);
#690 = PLANE('',#691);
#691 = AXIS2_PLACEMENT_3D('',#692,#693,#694);
#692 = CARTESIAN_POINT('',(-5.,-80.,0.));
#693 = DIRECTION('',(1.,0.,0.));
#694 = DIRECTION('',(0.,0.,1.));
#695 = DEFINITIONAL_REPRESENTATION('',(#696),#700);
#696 = LINE('',#697,#698);
#697 = CARTESIAN_POINT('',(6.,0.));
#698 = VECTOR('',#699,1.);
#699 = DIRECTION('',(0.,-1.));
#700 = ( GEOMETRIC_REPRESENTATION_CONTEXT(2) 
PARAMETRIC_REPRESENTATION_CONTEXT() REPRESENTATION_CONTEXT('2D SPACE',''
  ) );
#701 = ORIENTED_EDGE('',*,*,#702,.F.);
#702 = EDGE_CURVE('',#703,#675,#705,.T.);
#703 = VERTEX_POINT('',#704);
#704 = CARTESIAN_POINT('',(5.000000000001,71.826179071422,6.));
#705 = SURFACE_CURVE('',#706,(#711,#718),.PCURVE_S1.);
#706 = CIRCLE('',#707,72.);
#707 = AXIS2_PLACEMENT_3D('',#708,#709,#710);
#708 = CARTESIAN_POINT('',(3.794298208959E-13,2.13162820728E-15,6.));
#709 = DIRECTION('',(0.,0.,1.));
#710 = DIRECTION('',(1.,0.,0.));
#711 = PCURVE('',#93,#712);
#712 = DEFINITIONAL_REPRESENTATION('',(#713),#717);
#713 = CIRCLE('',#714,72.);
#714 = AXIS2_PLACEMENT_2D('',#715,#716);
#715 = CARTESIAN_POINT('',(3.8380562932E-13,-3.354263843246E-15));
#716 = DIRECTION('',(1.,0.));
#717 = ( GEOMETRIC_REPRESENTATION_CONTEXT(2) 
PARAMETRIC_REPRESENTATION_CONTEXT() REPRESENTATION_CONTEXT('2D SPACE',''
  ) );
#718 = PCURVE('',#719,#724);
#719 = CYLINDRICAL_SURFACE('',#720,72.);
#720 = AXIS2_PLACEMENT_3D('',#721,#722,#723);
#721 = CARTESIAN_POINT('',(3.794298208959E-13,2.13162820728E-15,0.));
#722 = DIRECTION('',(-0.,-0.,-1.));
#723 = DIRECTION('',(1.,0.,0.));
#724 = DEFINITIONAL_REPRESENTATION('',(#725),#729);
#725 = LINE('',#726,#727);
#726 = CARTESIAN_POINT('',(-0.,-6.));
#727 = VECTOR('',#728,1.);
#728 = DIRECTION('',(-1.,0.));
#729 = ( GEOMETRIC_REPRESENTATION_CONTEXT(2) 
PARAMETRIC_REPRESENTATION_CONTEXT() REPRESENTATION_CONTEXT('2D SPACE',''
  ) );
#730 = ORIENTED_EDGE('',*,*,#731,.F.);
#731 = EDGE_CURVE('',#646,#703,#732,.T.);
#732 = SURFACE_CURVE('',#733,(#737,#744),.PCURVE_S1.);
#733 = LINE('',#734,#735);
#734 = CARTESIAN_POINT('',(5.,-80.,6.));
#735 = VECTOR('',#736,1.);
#736 = DIRECTION('',(0.,1.,0.));
#737 = PCURVE('',#93,#738);
#738 = DEFINITIONAL_REPRESENTATION('',(#739),#743);
#739 = LINE('',#740,#741);
#740 = CARTESIAN_POINT('',(5.,-80.));
#741 = VECTOR('',#742,1.);
#742 = DIRECTION('',(0.,1.));
#743 = ( GEOMETRIC_REPRESENTATION_CONTEXT(2) 
PARAMETRIC_REPRESENTATION_CONTEXT() REPRESENTATION_CONTEXT('2D SPACE',''
  ) );
#744 = PCURVE('',#745,#750);
#745 = PLANE('',#746);
#746 = AXIS2_PLACEMENT_3D('',#747,#748,#749);
#747 = CARTESIAN_POINT('',(5.,-80.,0.));
#748 = DIRECTION('',(1.,0.,0.));
#749 = DIRECTION('',(0.,0.,1.));
#750 = DEFINITIONAL_REPRESENTATION('',(#751),#755);
#751 = LINE('',#752,#753);
#752 = CARTESIAN_POINT('',(6.,0.));
#753 = VECTOR('',#754,1.);
#754 = DIRECTION('',(0.,-1.));
#755 = ( GEOMETRIC_REPRESENTATION_CONTEXT(2) 
PARAMETRIC_REPRESENTATION_CONTEXT() REPRESENTATION_CONTEXT('2D SPACE',''
  ) );
#756 = FACE_BOUND('',#757,.T.);
#757 = EDGE_LOOP('',(#758,#789,#817,#846));
#758 = ORIENTED_EDGE('',*,*,#759,.F.);
#759 = EDGE_CURVE('',#760,#762,#764,.T.);
#760 = VERTEX_POINT('',#761);
#761 = CARTESIAN_POINT('',(-18.99999999999,-69.44782214007,6.));
#762 = VERTEX_POINT('',#763);
#763 = CARTESIAN_POINT('',(-9.,-71.43528539874,6.));
#764 = SURFACE_CURVE('',#765,(#770,#777),.PCURVE_S1.);
#765 = CIRCLE('',#766,72.);
#766 = AXIS2_PLACEMENT_3D('',#767,#768,#769);
#767 = CARTESIAN_POINT('',(3.794298208959E-13,2.13162820728E-15,6.));
#768 = DIRECTION('',(0.,0.,1.));
#769 = DIRECTION('',(1.,0.,0.));
#770 = PCURVE('',#93,#771);
#771 = DEFINITIONAL_REPRESENTATION('',(#772),#776);
#772 = CIRCLE('',#773,72.);
#773 = AXIS2_PLACEMENT_2D('',#774,#775);
#774 = CARTESIAN_POINT('',(3.8380562932E-13,-3.354263843246E-15));
#775 = DIRECTION('',(1.,0.));
#776 = ( GEOMETRIC_REPRESENTATION_CONTEXT(2) 
PARAMETRIC_REPRESENTATION_CONTEXT() REPRESENTATION_CONTEXT('2D SPACE',''
  ) );
#777 = PCURVE('',#778,#783);
#778 = CYLINDRICAL_SURFACE('',#779,72.);
#779 = AXIS2_PLACEMENT_3D('',#780,#781,#782);
#780 = CARTESIAN_POINT('',(3.794298208959E-13,2.13162820728E-15,0.));
#781 = DIRECTION('',(-0.,-0.,-1.));
#782 = DIRECTION('',(1.,0.,0.));
#783 = DEFINITIONAL_REPRESENTATION('',(#784),#788);
#784 = LINE('',#785,#786);
#785 = CARTESIAN_POINT('',(-0.,-6.));
#786 = VECTOR('',#787,1.);
#787 = DIRECTION('',(-1.,0.));
#788 = ( GEOMETRIC_REPRESENTATION_CONTEXT(2) 
PARAMETRIC_REPRESENTATION_CONTEXT() REPRESENTATION_CONTEXT('2D SPACE',''
  ) );
#789 = ORIENTED_EDGE('',*,*,#790,.T.);
#790 = EDGE_CURVE('',#760,#791,#793,.T.);
#791 = VERTEX_POINT('',#792);
#792 = CARTESIAN_POINT('',(-18.99999999999,69.447822140079,6.));
#793 = SURFACE_CURVE('',#794,(#798,#805),.PCURVE_S1.);
#794 = LINE('',#795,#796);
#795 = CARTESIAN_POINT('',(-19.,-80.,6.));
#796 = VECTOR('',#797,1.);
#797 = DIRECTION('',(0.,1.,0.));
#798 = PCURVE('',#93,#799);
#799 = DEFINITIONAL_REPRESENTATION('',(#800),#804);
#800 = LINE('',#801,#802);
#801 = CARTESIAN_POINT('',(-19.,-80.));
#802 = VECTOR('',#803,1.);
#803 = DIRECTION('',(0.,1.));
#804 = ( GEOMETRIC_REPRESENTATION_CONTEXT(2) 
PARAMETRIC_REPRESENTATION_CONTEXT() REPRESENTATION_CONTEXT('2D SPACE',''
  ) );
#805 = PCURVE('',#806,#811);
#806 = PLANE('',#807);
#807 = AXIS2_PLACEMENT_3D('',#808,#809,#810);
#808 = CARTESIAN_POINT('',(-19.,-80.,0.));
#809 = DIRECTION('',(1.,0.,0.));
#810 = DIRECTION('',(0.,0.,1.));
#811 = DEFINITIONAL_REPRESENTATION('',(#812),#816);
#812 = LINE('',#813,#814);
#813 = CARTESIAN_POINT('',(6.,0.));
#814 = VECTOR('',#815,1.);
#815 = DIRECTION('',(0.,-1.));
#816 = ( GEOMETRIC_REPRESENTATION_CONTEXT(2) 
PARAMETRIC_REPRESENTATION_CONTEXT() REPRESENTATION_CONTEXT('2D SPACE',''
  ) );
#817 = ORIENTED_EDGE('',*,*,#818,.F.);
#818 = EDGE_CURVE('',#819,#791,#821,.T.);
#819 = VERTEX_POINT('',#820);
#820 = CARTESIAN_POINT('',(-9.,71.435285398744,6.));
#821 = SURFACE_CURVE('',#822,(#827,#834),.PCURVE_S1.);
#822 = CIRCLE('',#823,72.);
#823 = AXIS2_PLACEMENT_3D('',#824,#825,#826);
#824 = CARTESIAN_POINT('',(3.794298208959E-13,2.13162820728E-15,6.));
#825 = DIRECTION('',(0.,0.,1.));
#826 = DIRECTION('',(1.,0.,0.));
#827 = PCURVE('',#93,#828);
#828 = DEFINITIONAL_REPRESENTATION('',(#829),#833);
#829 = CIRCLE('',#830,72.);
#830 = AXIS2_PLACEMENT_2D('',#831,#832);
#831 = CARTESIAN_POINT('',(3.8380562932E-13,-3.354263843246E-15));
#832 = DIRECTION('',(1.,0.));
#833 = ( GEOMETRIC_REPRESENTATION_CONTEXT(2) 
PARAMETRIC_REPRESENTATION_CONTEXT() REPRESENTATION_CONTEXT('2D SPACE',''
  ) );
#834 = PCURVE('',#835,#840);
#835 = CYLINDRICAL_SURFACE('',#836,72.);
#836 = AXIS2_PLACEMENT_3D('',#837,#838,#839);
#837 = CARTESIAN_POINT('',(3.794298208959E-13,2.13162820728E-15,0.));
#838 = DIRECTION('',(-0.,-0.,-1.));
#839 = DIRECTION('',(1.,0.,0.));
#840 = DEFINITIONAL_REPRESENTATION('',(#841),#845);
#841 = LINE('',#842,#843);
#842 = CARTESIAN_POINT('',(-0.,-6.));
#843 = VECTOR('',#844,1.);
#844 = DIRECTION('',(-1.,0.));
#845 = ( GEOMETRIC_REPRESENTATION_CONTEXT(2) 
PARAMETRIC_REPRESENTATION_CONTEXT() REPRESENTATION_CONTEXT('2D SPACE',''
  ) );
#846 = ORIENTED_EDGE('',*,*,#847,.F.);
#847 = EDGE_CURVE('',#762,#819,#848,.T.);
#848 = SURFACE_CURVE('',#849,(#853,#860),.PCURVE_S1.);
#849 = LINE('',#850,#851);
#850 = CARTESIAN_POINT('',(-9.,-80.,6.));
#851 = VECTOR('',#852,1.);
#852 = DIRECTION('',(0.,1.,0.));
#853 = PCURVE('',#93,#854);
#854 = DEFINITIONAL_REPRESENTATION('',(#855),#859);
#855 = LINE('',#856,#857);
#856 = CARTESIAN_POINT('',(-9.,-80.));
#857 = VECTOR('',#858,1.);
#858 = DIRECTION('',(0.,1.));
#859 = ( GEOMETRIC_REPRESENTATION_CONTEXT(2) 
PARAMETRIC_REPRESENTATION_CONTEXT() REPRESENTATION_CONTEXT('2D SPACE',''
  ) );
#860 = PCURVE('',#861,#866);
#861 = PLANE('',#862);
#862 = AXIS2_PLACEMENT_3D('',#863,#864,#865);
#863 = CARTESIAN_POINT('',(-9.,-80.,0.));
#864 = DIRECTION('',(1.,0.,0.));
#865 = DIRECTION('',(0.,0.,1.));
#866 = DEFINITIONAL_REPRESENTATION('',(#867),#871);
#867 = LINE('',#868,#869);
#868 = CARTESIAN_POINT('',(6.,0.));
#869 = VECTOR('',#870,1.);
#870 = DIRECTION('',(0.,-1.));
#871 = ( GEOMETRIC_REPRESENTATION_CONTEXT(2) 
PARAMETRIC_REPRESENTATION_CONTEXT() REPRESENTATION_CONTEXT('2D SPACE',''
  ) );
#872 = FACE_BOUND('',#873,.T.);
#873 = EDGE_LOOP('',(#874,#905,#933,#962));
#874 = ORIENTED_EDGE('',*,*,#875,.F.);
#875 = EDGE_CURVE('',#876,#878,#880,.T.);
#876 = VERTEX_POINT('',#877);
#877 = CARTESIAN_POINT('',(-33.,-63.9921870231,6.));
#878 = VERTEX_POINT('',#879);
#879 = CARTESIAN_POINT('',(-23.,-68.22756041366,6.));
#880 = SURFACE_CURVE('',#881,(#886,#893),.PCURVE_S1.);
#881 = CIRCLE('',#882,72.);
#882 = AXIS2_PLACEMENT_3D('',#883,#884,#885);
#883 = CARTESIAN_POINT('',(3.794298208959E-13,2.13162820728E-15,6.));
#884 = DIRECTION('',(0.,0.,1.));
#885 = DIRECTION('',(1.,0.,0.));
#886 = PCURVE('',#93,#887);
#887 = DEFINITIONAL_REPRESENTATION('',(#888),#892);
#888 = CIRCLE('',#889,72.);
#889 = AXIS2_PLACEMENT_2D('',#890,#891);
#890 = CARTESIAN_POINT('',(3.8380562932E-13,-3.354263843246E-15));
#891 = DIRECTION('',(1.,0.));
#892 = ( GEOMETRIC_REPRESENTATION_CONTEXT(2) 
PARAMETRIC_REPRESENTATION_CONTEXT() REPRESENTATION_CONTEXT('2D SPACE',''
  ) );
#893 = PCURVE('',#894,#899);
#894 = CYLINDRICAL_SURFACE('',#895,72.);
#895 = AXIS2_PLACEMENT_3D('',#896,#897,#898);
#896 = CARTESIAN_POINT('',(3.794298208959E-13,2.13162820728E-15,0.));
#897 = DIRECTION('',(-0.,-0.,-1.));
#898 = DIRECTION('',(1.,0.,0.));
#899 = DEFINITIONAL_REPRESENTATION('',(#900),#904);
#900 = LINE('',#901,#902);
#901 = CARTESIAN_POINT('',(-0.,-6.));
#902 = VECTOR('',#903,1.);
#903 = DIRECTION('',(-1.,0.));
#904 = ( GEOMETRIC_REPRESENTATION_CONTEXT(2) 
PARAMETRIC_REPRESENTATION_CONTEXT() REPRESENTATION_CONTEXT('2D SPACE',''
  ) );
#905 = ORIENTED_EDGE('',*,*,#906,.T.);
#906 = EDGE_CURVE('',#876,#907,#909,.T.);
#907 = VERTEX_POINT('',#908);
#908 = CARTESIAN_POINT('',(-33.,63.992187023103,6.));
#909 = SURFACE_CURVE('',#910,(#914,#921),.PCURVE_S1.);
#910 = LINE('',#911,#912);
#911 = CARTESIAN_POINT('',(-33.,-80.,6.));
#912 = VECTOR('',#913,1.);
#913 = DIRECTION('',(0.,1.,0.));
#914 = PCURVE('',#93,#915);
#915 = DEFINITIONAL_REPRESENTATION('',(#916),#920);
#916 = LINE('',#917,#918);
#917 = CARTESIAN_POINT('',(-33.,-80.));
#918 = VECTOR('',#919,1.);
#919 = DIRECTION('',(0.,1.));
#920 = ( GEOMETRIC_REPRESENTATION_CONTEXT(2) 
PARAMETRIC_REPRESENTATION_CONTEXT() REPRESENTATION_CONTEXT('2D SPACE',''
  ) );
#921 = PCURVE('',#922,#927);
#922 = PLANE('',#923);
#923 = AXIS2_PLACEMENT_3D('',#924,#925,#926);
#924 = CARTESIAN_POINT('',(-33.,-80.,0.));
#925 = DIRECTION('',(1.,0.,0.));
#926 = DIRECTION('',(0.,0.,1.));
#927 = DEFINITIONAL_REPRESENTATION('',(#928),#932);
#928 = LINE('',#929,#930);
#929 = CARTESIAN_POINT('',(6.,0.));
#930 = VECTOR('',#931,1.);
#931 = DIRECTION('',(0.,-1.));
#932 = ( GEOMETRIC_REPRESENTATION_CONTEXT(2) 
PARAMETRIC_REPRESENTATION_CONTEXT() REPRESENTATION_CONTEXT('2D SPACE',''
  ) );
#933 = ORIENTED_EDGE('',*,*,#934,.F.);
#934 = EDGE_CURVE('',#935,#907,#937,.T.);
#935 = VERTEX_POINT('',#936);
#936 = CARTESIAN_POINT('',(-23.,68.227560413663,6.));
#937 = SURFACE_CURVE('',#938,(#943,#950),.PCURVE_S1.);
#938 = CIRCLE('',#939,72.);
#939 = AXIS2_PLACEMENT_3D('',#940,#941,#942);
#940 = CARTESIAN_POINT('',(3.794298208959E-13,2.13162820728E-15,6.));
#941 = DIRECTION('',(0.,0.,1.));
#942 = DIRECTION('',(1.,0.,0.));
#943 = PCURVE('',#93,#944);
#944 = DEFINITIONAL_REPRESENTATION('',(#945),#949);
#945 = CIRCLE('',#946,72.);
#946 = AXIS2_PLACEMENT_2D('',#947,#948);
#947 = CARTESIAN_POINT('',(3.8380562932E-13,-3.354263843246E-15));
#948 = DIRECTION('',(1.,0.));
#949 = ( GEOMETRIC_REPRESENTATION_CONTEXT(2) 
PARAMETRIC_REPRESENTATION_CONTEXT() REPRESENTATION_CONTEXT('2D SPACE',''
  ) );
#950 = PCURVE('',#951,#956);
#951 = CYLINDRICAL_SURFACE('',#952,72.);
#952 = AXIS2_PLACEMENT_3D('',#953,#954,#955);
#953 = CARTESIAN_POINT('',(3.794298208959E-13,2.13162820728E-15,0.));
#954 = DIRECTION('',(-0.,-0.,-1.));
#955 = DIRECTION('',(1.,0.,0.));
#956 = DEFINITIONAL_REPRESENTATION('',(#957),#961);
#957 = LINE('',#958,#959);
#958 = CARTESIAN_POINT('',(-0.,-6.));
#959 = VECTOR('',#960,1.);
#960 = DIRECTION('',(-1.,0.));
#961 = ( GEOMETRIC_REPRESENTATION_CONTEXT(2) 
PARAMETRIC_REPRESENTATION_CONTEXT() REPRESENTATION_CONTEXT('2D SPACE',''
  ) );
#962 = ORIENTED_EDGE('',*,*,#963,.F.);
#963 = EDGE_CURVE('',#878,#935,#964,.T.);
#964 = SURFACE_CURVE('',#965,(#969,#976),.PCURVE_S1.);
#965 = LINE('',#966,#967);
#966 = CARTESIAN_POINT('',(-23.,-80.,6.));
#967 = VECTOR('',#968,1.);
#968 = DIRECTION('',(0.,1.,0.));
#969 = PCURVE('',#93,#970);
#970 = DEFINITIONAL_REPRESENTATION('',(#971),#975);
#971 = LINE('',#972,#973);
#972 = CARTESIAN_POINT('',(-23.,-80.));
#973 = VECTOR('',#974,1.);
#974 = DIRECTION('',(0.,1.));
#975 = ( GEOMETRIC_REPRESENTATION_CONTEXT(2) 
PARAMETRIC_REPRESENTATION_CONTEXT() REPRESENTATION_CONTEXT('2D SPACE',''
  ) );
#976 = PCURVE('',#977,#982);
#977 = PLANE('',#978);
#978 = AXIS2_PLACEMENT_3D('',#979,#980,#981);
#979 = CARTESIAN_POINT('',(-23.,-80.,0.));
#980 = DIRECTION('',(1.,0.,0.));
#981 = DIRECTION('',(0.,0.,1.));
#982 = DEFINITIONAL_REPRESENTATION('',(#983),#987);
#983 = LINE('',#984,#985);
#984 = CARTESIAN_POINT('',(6.,0.));
#985 = VECTOR('',#986,1.);
#986 = DIRECTION('',(0.,-1.));
#987 = ( GEOMETRIC_REPRESENTATION_CONTEXT(2) 
PARAMETRIC_REPRESENTATION_CONTEXT() REPRESENTATION_CONTEXT('2D SPACE',''
  ) );
#988 = FACE_BOUND('',#989,.T.);
#989 = EDGE_LOOP('',(#990,#1021,#1049,#1078));
#990 = ORIENTED_EDGE('',*,*,#991,.F.);
#991 = EDGE_CURVE('',#992,#994,#996,.T.);
#992 = VERTEX_POINT('',#993);
#993 = CARTESIAN_POINT('',(-46.99999999999,-54.54356057318,6.));
#994 = VERTEX_POINT('',#995);
#995 = CARTESIAN_POINT('',(-36.99999999999,-61.76568626673,6.));
#996 = SURFACE_CURVE('',#997,(#1002,#1009),.PCURVE_S1.);
#997 = CIRCLE('',#998,72.);
#998 = AXIS2_PLACEMENT_3D('',#999,#1000,#1001);
#999 = CARTESIAN_POINT('',(3.794298208959E-13,2.13162820728E-15,6.));
#1000 = DIRECTION('',(0.,0.,1.));
#1001 = DIRECTION('',(1.,0.,0.));
#1002 = PCURVE('',#93,#1003);
#1003 = DEFINITIONAL_REPRESENTATION('',(#1004),#1008);
#1004 = CIRCLE('',#1005,72.);
#1005 = AXIS2_PLACEMENT_2D('',#1006,#1007);
#1006 = CARTESIAN_POINT('',(3.8380562932E-13,-3.354263843246E-15));
#1007 = DIRECTION('',(1.,0.));
#1008 = ( GEOMETRIC_REPRESENTATION_CONTEXT(2) 
PARAMETRIC_REPRESENTATION_CONTEXT() REPRESENTATION_CONTEXT('2D SPACE',''
  ) );
#1009 = PCURVE('',#1010,#1015);
#1010 = CYLINDRICAL_SURFACE('',#1011,72.);
#1011 = AXIS2_PLACEMENT_3D('',#1012,#1013,#1014);
#1012 = CARTESIAN_POINT('',(3.794298208959E-13,2.13162820728E-15,0.));
#1013 = DIRECTION('',(-0.,-0.,-1.));
#1014 = DIRECTION('',(1.,0.,0.));
#1015 = DEFINITIONAL_REPRESENTATION('',(#1016),#1020);
#1016 = LINE('',#1017,#1018);
#1017 = CARTESIAN_POINT('',(-0.,-6.));
#1018 = VECTOR('',#1019,1.);
#1019 = DIRECTION('',(-1.,0.));
#1020 = ( GEOMETRIC_REPRESENTATION_CONTEXT(2) 
PARAMETRIC_REPRESENTATION_CONTEXT() REPRESENTATION_CONTEXT('2D SPACE',''
  ) );
#1021 = ORIENTED_EDGE('',*,*,#1022,.T.);
#1022 = EDGE_CURVE('',#992,#1023,#1025,.T.);
#1023 = VERTEX_POINT('',#1024);
#1024 = CARTESIAN_POINT('',(-46.99999999999,54.543560573181,6.));
#1025 = SURFACE_CURVE('',#1026,(#1030,#1037),.PCURVE_S1.);
#1026 = LINE('',#1027,#1028);
#1027 = CARTESIAN_POINT('',(-47.,-80.,6.));
#1028 = VECTOR('',#1029,1.);
#1029 = DIRECTION('',(0.,1.,0.));
#1030 = PCURVE('',#93,#1031);
#1031 = DEFINITIONAL_REPRESENTATION('',(#1032),#1036);
#1032 = LINE('',#1033,#1034);
#1033 = CARTESIAN_POINT('',(-47.,-80.));
#1034 = VECTOR('',#1035,1.);
#1035 = DIRECTION('',(0.,1.));
#1036 = ( GEOMETRIC_REPRESENTATION_CONTEXT(2) 
PARAMETRIC_REPRESENTATION_CONTEXT() REPRESENTATION_CONTEXT('2D SPACE',''
  ) );
#1037 = PCURVE('',#1038,#1043);
#1038 = PLANE('',#1039);
#1039 = AXIS2_PLACEMENT_3D('',#1040,#1041,#1042);
#1040 = CARTESIAN_POINT('',(-47.,-80.,0.));
#1041 = DIRECTION('',(1.,0.,0.));
#1042 = DIRECTION('',(0.,0.,1.));
#1043 = DEFINITIONAL_REPRESENTATION('',(#1044),#1048);
#1044 = LINE('',#1045,#1046);
#1045 = CARTESIAN_POINT('',(6.,0.));
#1046 = VECTOR('',#1047,1.);
#1047 = DIRECTION('',(0.,-1.));
#1048 = ( GEOMETRIC_REPRESENTATION_CONTEXT(2) 
PARAMETRIC_REPRESENTATION_CONTEXT() REPRESENTATION_CONTEXT('2D SPACE',''
  ) );
#1049 = ORIENTED_EDGE('',*,*,#1050,.F.);
#1050 = EDGE_CURVE('',#1051,#1023,#1053,.T.);
#1051 = VERTEX_POINT('',#1052);
#1052 = CARTESIAN_POINT('',(-37.,61.765686266727,6.));
#1053 = SURFACE_CURVE('',#1054,(#1059,#1066),.PCURVE_S1.);
#1054 = CIRCLE('',#1055,72.);
#1055 = AXIS2_PLACEMENT_3D('',#1056,#1057,#1058);
#1056 = CARTESIAN_POINT('',(3.794298208959E-13,2.13162820728E-15,6.));
#1057 = DIRECTION('',(0.,0.,1.));
#1058 = DIRECTION('',(1.,0.,0.));
#1059 = PCURVE('',#93,#1060);
#1060 = DEFINITIONAL_REPRESENTATION('',(#1061),#1065);
#1061 = CIRCLE('',#1062,72.);
#1062 = AXIS2_PLACEMENT_2D('',#1063,#1064);
#1063 = CARTESIAN_POINT('',(3.8380562932E-13,-3.354263843246E-15));
#1064 = DIRECTION('',(1.,0.));
#1065 = ( GEOMETRIC_REPRESENTATION_CONTEXT(2) 
PARAMETRIC_REPRESENTATION_CONTEXT() REPRESENTATION_CONTEXT('2D SPACE',''
  ) );
#1066 = PCURVE('',#1067,#1072);
#1067 = CYLINDRICAL_SURFACE('',#1068,72.);
#1068 = AXIS2_PLACEMENT_3D('',#1069,#1070,#1071);
#1069 = CARTESIAN_POINT('',(3.794298208959E-13,2.13162820728E-15,0.));
#1070 = DIRECTION('',(-0.,-0.,-1.));
#1071 = DIRECTION('',(1.,0.,0.));
#1072 = DEFINITIONAL_REPRESENTATION('',(#1073),#1077);
#1073 = LINE('',#1074,#1075);
#1074 = CARTESIAN_POINT('',(-0.,-6.));
#1075 = VECTOR('',#1076,1.);
#1076 = DIRECTION('',(-1.,0.));
#1077 = ( GEOMETRIC_REPRESENTATION_CONTEXT(2) 
PARAMETRIC_REPRESENTATION_CONTEXT() REPRESENTATION_CONTEXT('2D SPACE',''
  ) );
#1078 = ORIENTED_EDGE('',*,*,#1079,.F.);
#1079 = EDGE_CURVE('',#994,#1051,#1080,.T.);
#1080 = SURFACE_CURVE('',#1081,(#1085,#1092),.PCURVE_S1.);
#1081 = LINE('',#1082,#1083);
#1082 = CARTESIAN_POINT('',(-37.,-80.,6.));
#1083 = VECTOR('',#1084,1.);
#1084 = DIRECTION('',(0.,1.,0.));
#1085 = PCURVE('',#93,#1086);
#1086 = DEFINITIONAL_REPRESENTATION('',(#1087),#1091);
#1087 = LINE('',#1088,#1089);
#1088 = CARTESIAN_POINT('',(-37.,-80.));
#1089 = VECTOR('',#1090,1.);
#1090 = DIRECTION('',(0.,1.));
#1091 = ( GEOMETRIC_REPRESENTATION_CONTEXT(2) 
PARAMETRIC_REPRESENTATION_CONTEXT() REPRESENTATION_CONTEXT('2D SPACE',''
  ) );
#1092 = PCURVE('',#1093,#1098);
#1093 = PLANE('',#1094);
#1094 = AXIS2_PLACEMENT_3D('',#1095,#1096,#1097);
#1095 = CARTESIAN_POINT('',(-37.,-80.,0.));
#1096 = DIRECTION('',(1.,0.,0.));
#1097 = DIRECTION('',(0.,0.,1.));
#1098 = DEFINITIONAL_REPRESENTATION('',(#1099),#1103);
#1099 = LINE('',#1100,#1101);
#1100 = CARTESIAN_POINT('',(6.,0.));
#1101 = VECTOR('',#1102,1.);
#1102 = DIRECTION('',(0.,-1.));
#1103 = ( GEOMETRIC_REPRESENTATION_CONTEXT(2) 
PARAMETRIC_REPRESENTATION_CONTEXT() REPRESENTATION_CONTEXT('2D SPACE',''
  ) );
#1104 = FACE_BOUND('',#1105,.T.);
#1105 = EDGE_LOOP('',(#1106,#1137,#1165,#1194));
#1106 = ORIENTED_EDGE('',*,*,#1107,.F.);
#1107 = EDGE_CURVE('',#1108,#1110,#1112,.T.);
#1108 = VERTEX_POINT('',#1109);
#1109 = CARTESIAN_POINT('',(-61.,-38.2491829978,6.));
#1110 = VERTEX_POINT('',#1111);
#1111 = CARTESIAN_POINT('',(-51.,-50.82322303828,6.));
#1112 = SURFACE_CURVE('',#1113,(#1118,#1125),.PCURVE_S1.);
#1113 = CIRCLE('',#1114,72.);
#1114 = AXIS2_PLACEMENT_3D('',#1115,#1116,#1117);
#1115 = CARTESIAN_POINT('',(3.794298208959E-13,2.13162820728E-15,6.));
#1116 = DIRECTION('',(0.,0.,1.));
#1117 = DIRECTION('',(1.,0.,0.));
#1118 = PCURVE('',#93,#1119);
#1119 = DEFINITIONAL_REPRESENTATION('',(#1120),#1124);
#1120 = CIRCLE('',#1121,72.);
#1121 = AXIS2_PLACEMENT_2D('',#1122,#1123);
#1122 = CARTESIAN_POINT('',(3.8380562932E-13,-3.354263843246E-15));
#1123 = DIRECTION('',(1.,0.));
#1124 = ( GEOMETRIC_REPRESENTATION_CONTEXT(2) 
PARAMETRIC_REPRESENTATION_CONTEXT() REPRESENTATION_CONTEXT('2D SPACE',''
  ) );
#1125 = PCURVE('',#1126,#1131);
#1126 = CYLINDRICAL_SURFACE('',#1127,72.);
#1127 = AXIS2_PLACEMENT_3D('',#1128,#1129,#1130);
#1128 = CARTESIAN_POINT('',(3.794298208959E-13,2.13162820728E-15,0.));
#1129 = DIRECTION('',(-0.,-0.,-1.));
#1130 = DIRECTION('',(1.,0.,0.));
#1131 = DEFINITIONAL_REPRESENTATION('',(#1132),#1136);
#1132 = LINE('',#1133,#1134);
#1133 = CARTESIAN_POINT('',(-0.,-6.));
#1134 = VECTOR('',#1135,1.);
#1135 = DIRECTION('',(-1.,0.));
#1136 = ( GEOMETRIC_REPRESENTATION_CONTEXT(2) 
PARAMETRIC_REPRESENTATION_CONTEXT() REPRESENTATION_CONTEXT('2D SPACE',''
  ) );
#1137 = ORIENTED_EDGE('',*,*,#1138,.T.);
#1138 = EDGE_CURVE('',#1108,#1139,#1141,.T.);
#1139 = VERTEX_POINT('',#1140);
#1140 = CARTESIAN_POINT('',(-61.,38.249182997808,6.));
#1141 = SURFACE_CURVE('',#1142,(#1146,#1153),.PCURVE_S1.);
#1142 = LINE('',#1143,#1144);
#1143 = CARTESIAN_POINT('',(-61.,-80.,6.));
#1144 = VECTOR('',#1145,1.);
#1145 = DIRECTION('',(0.,1.,0.));
#1146 = PCURVE('',#93,#1147);
#1147 = DEFINITIONAL_REPRESENTATION('',(#1148),#1152);
#1148 = LINE('',#1149,#1150);
#1149 = CARTESIAN_POINT('',(-61.,-80.));
#1150 = VECTOR('',#1151,1.);
#1151 = DIRECTION('',(0.,1.));
#1152 = ( GEOMETRIC_REPRESENTATION_CONTEXT(2) 
PARAMETRIC_REPRESENTATION_CONTEXT() REPRESENTATION_CONTEXT('2D SPACE',''
  ) );
#1153 = PCURVE('',#1154,#1159);
#1154 = PLANE('',#1155);
#1155 = AXIS2_PLACEMENT_3D('',#1156,#1157,#1158);
#1156 = CARTESIAN_POINT('',(-61.,-80.,0.));
#1157 = DIRECTION('',(1.,0.,0.));
#1158 = DIRECTION('',(0.,0.,1.));
#1159 = DEFINITIONAL_REPRESENTATION('',(#1160),#1164);
#1160 = LINE('',#1161,#1162);
#1161 = CARTESIAN_POINT('',(6.,0.));
#1162 = VECTOR('',#1163,1.);
#1163 = DIRECTION('',(0.,-1.));
#1164 = ( GEOMETRIC_REPRESENTATION_CONTEXT(2) 
PARAMETRIC_REPRESENTATION_CONTEXT() REPRESENTATION_CONTEXT('2D SPACE',''
  ) );
#1165 = ORIENTED_EDGE('',*,*,#1166,.F.);
#1166 = EDGE_CURVE('',#1167,#1139,#1169,.T.);
#1167 = VERTEX_POINT('',#1168);
#1168 = CARTESIAN_POINT('',(-51.,50.823223038289,6.));
#1169 = SURFACE_CURVE('',#1170,(#1175,#1182),.PCURVE_S1.);
#1170 = CIRCLE('',#1171,72.);
#1171 = AXIS2_PLACEMENT_3D('',#1172,#1173,#1174);
#1172 = CARTESIAN_POINT('',(3.794298208959E-13,2.13162820728E-15,6.));
#1173 = DIRECTION('',(0.,0.,1.));
#1174 = DIRECTION('',(1.,0.,0.));
#1175 = PCURVE('',#93,#1176);
#1176 = DEFINITIONAL_REPRESENTATION('',(#1177),#1181);
#1177 = CIRCLE('',#1178,72.);
#1178 = AXIS2_PLACEMENT_2D('',#1179,#1180);
#1179 = CARTESIAN_POINT('',(3.8380562932E-13,-3.354263843246E-15));
#1180 = DIRECTION('',(1.,0.));
#1181 = ( GEOMETRIC_REPRESENTATION_CONTEXT(2) 
PARAMETRIC_REPRESENTATION_CONTEXT() REPRESENTATION_CONTEXT('2D SPACE',''
  ) );
#1182 = PCURVE('',#1183,#1188);
#1183 = CYLINDRICAL_SURFACE('',#1184,72.);
#1184 = AXIS2_PLACEMENT_3D('',#1185,#1186,#1187);
#1185 = CARTESIAN_POINT('',(3.794298208959E-13,2.13162820728E-15,0.));
#1186 = DIRECTION('',(-0.,-0.,-1.));
#1187 = DIRECTION('',(1.,0.,0.));
#1188 = DEFINITIONAL_REPRESENTATION('',(#1189),#1193);
#1189 = LINE('',#1190,#1191);
#1190 = CARTESIAN_POINT('',(-0.,-6.));
#1191 = VECTOR('',#1192,1.);
#1192 = DIRECTION('',(-1.,0.));
#1193 = ( GEOMETRIC_REPRESENTATION_CONTEXT(2) 
PARAMETRIC_REPRESENTATION_CONTEXT() REPRESENTATION_CONTEXT('2D SPACE',''
  ) );
#1194 = ORIENTED_EDGE('',*,*,#1195,.F.);
#1195 = EDGE_CURVE('',#1110,#1167,#1196,.T.);
#1196 = SURFACE_CURVE('',#1197,(#1201,#1208),.PCURVE_S1.);
#1197 = LINE('',#1198,#1199);
#1198 = CARTESIAN_POINT('',(-51.,-80.,6.));
#1199 = VECTOR('',#1200,1.);
#1200 = DIRECTION('',(0.,1.,0.));
#1201 = PCURVE('',#93,#1202);
#1202 = DEFINITIONAL_REPRESENTATION('',(#1203),#1207);
#1203 = LINE('',#1204,#1205);
#1204 = CARTESIAN_POINT('',(-51.,-80.));
#1205 = VECTOR('',#1206,1.);
#1206 = DIRECTION('',(0.,1.));
#1207 = ( GEOMETRIC_REPRESENTATION_CONTEXT(2) 
PARAMETRIC_REPRESENTATION_CONTEXT() REPRESENTATION_CONTEXT('2D SPACE',''
  ) );
#1208 = PCURVE('',#1209,#1214);
#1209 = PLANE('',#1210);
#1210 = AXIS2_PLACEMENT_3D('',#1211,#1212,#1213);
#1211 = CARTESIAN_POINT('',(-51.,-80.,0.));
#1212 = DIRECTION('',(1.,0.,0.));
#1213 = DIRECTION('',(0.,0.,1.));
#1214 = DEFINITIONAL_REPRESENTATION('',(#1215),#1219);
#1215 = LINE('',#1216,#1217);
#1216 = CARTESIAN_POINT('',(6.,0.));
#1217 = VECTOR('',#1218,1.);
#1218 = DIRECTION('',(0.,-1.));
#1219 = ( GEOMETRIC_REPRESENTATION_CONTEXT(2) 
PARAMETRIC_REPRESENTATION_CONTEXT() REPRESENTATION_CONTEXT('2D SPACE',''
  ) );
#1220 = FACE_BOUND('',#1221,.T.);
#1221 = EDGE_LOOP('',(#1222,#1253));
#1222 = ORIENTED_EDGE('',*,*,#1223,.F.);
#1223 = EDGE_CURVE('',#1224,#1226,#1228,.T.);
#1224 = VERTEX_POINT('',#1225);
#1225 = CARTESIAN_POINT('',(-65.,30.967725134401,6.));
#1226 = VERTEX_POINT('',#1227);
#1227 = CARTESIAN_POINT('',(-65.,-30.9677251344,6.));
#1228 = SURFACE_CURVE('',#1229,(#1234,#1241),.PCURVE_S1.);
#1229 = CIRCLE('',#1230,72.);
#1230 = AXIS2_PLACEMENT_3D('',#1231,#1232,#1233);
#1231 = CARTESIAN_POINT('',(3.794298208959E-13,2.13162820728E-15,6.));
#1232 = DIRECTION('',(0.,0.,1.));
#1233 = DIRECTION('',(1.,0.,0.));
#1234 = PCURVE('',#93,#1235);
#1235 = DEFINITIONAL_REPRESENTATION('',(#1236),#1240);
#1236 = CIRCLE('',#1237,72.);
#1237 = AXIS2_PLACEMENT_2D('',#1238,#1239);
#1238 = CARTESIAN_POINT('',(3.8380562932E-13,-3.354263843246E-15));
#1239 = DIRECTION('',(1.,0.));
#1240 = ( GEOMETRIC_REPRESENTATION_CONTEXT(2) 
PARAMETRIC_REPRESENTATION_CONTEXT() REPRESENTATION_CONTEXT('2D SPACE',''
  ) );
#1241 = PCURVE('',#1242,#1247);
#1242 = CYLINDRICAL_SURFACE('',#1243,72.);
#1243 = AXIS2_PLACEMENT_3D('',#1244,#1245,#1246);
#1244 = CARTESIAN_POINT('',(3.794298208959E-13,2.13162820728E-15,0.));
#1245 = DIRECTION('',(-0.,-0.,-1.));
#1246 = DIRECTION('',(1.,0.,0.));
#1247 = DEFINITIONAL_REPRESENTATION('',(#1248),#1252);
#1248 = LINE('',#1249,#1250);
#1249 = CARTESIAN_POINT('',(-0.,-6.));
#1250 = VECTOR('',#1251,1.);
#1251 = DIRECTION('',(-1.,0.));
#1252 = ( GEOMETRIC_REPRESENTATION_CONTEXT(2) 
PARAMETRIC_REPRESENTATION_CONTEXT() REPRESENTATION_CONTEXT('2D SPACE',''
  ) );
#1253 = ORIENTED_EDGE('',*,*,#1254,.F.);
#1254 = EDGE_CURVE('',#1226,#1224,#1255,.T.);
#1255 = SURFACE_CURVE('',#1256,(#1260,#1267),.PCURVE_S1.);
#1256 = LINE('',#1257,#1258);
#1257 = CARTESIAN_POINT('',(-65.,-80.,6.));
#1258 = VECTOR('',#1259,1.);
#1259 = DIRECTION('',(0.,1.,0.));
#1260 = PCURVE('',#93,#1261);
#1261 = DEFINITIONAL_REPRESENTATION('',(#1262),#1266);
#1262 = LINE('',#1263,#1264);
#1263 = CARTESIAN_POINT('',(-65.,-80.));
#1264 = VECTOR('',#1265,1.);
#1265 = DIRECTION('',(0.,1.));
#1266 = ( GEOMETRIC_REPRESENTATION_CONTEXT(2) 
PARAMETRIC_REPRESENTATION_CONTEXT() REPRESENTATION_CONTEXT('2D SPACE',''
  ) );
#1267 = PCURVE('',#1268,#1273);
#1268 = PLANE('',#1269);
#1269 = AXIS2_PLACEMENT_3D('',#1270,#1271,#1272);
#1270 = CARTESIAN_POINT('',(-65.,-80.,0.));
#1271 = DIRECTION('',(1.,0.,0.));
#1272 = DIRECTION('',(0.,0.,1.));
#1273 = DEFINITIONAL_REPRESENTATION('',(#1274),#1278);
#1274 = LINE('',#1275,#1276);
#1275 = CARTESIAN_POINT('',(6.,0.));
#1276 = VECTOR('',#1277,1.);
#1277 = DIRECTION('',(0.,-1.));
#1278 = ( GEOMETRIC_REPRESENTATION_CONTEXT(2) 
PARAMETRIC_REPRESENTATION_CONTEXT() REPRESENTATION_CONTEXT('2D SPACE',''
  ) );
#1279 = ADVANCED_FACE('',(#1280),#1268,.F.);
#1280 = FACE_BOUND('',#1281,.F.);
#1281 = EDGE_LOOP('',(#1282,#1283,#1304,#1327));
#1282 = ORIENTED_EDGE('',*,*,#1254,.F.);
#1283 = ORIENTED_EDGE('',*,*,#1284,.T.);
#1284 = EDGE_CURVE('',#1226,#1285,#1287,.T.);
#1285 = VERTEX_POINT('',#1286);
#1286 = CARTESIAN_POINT('',(-65.,-30.9677251344,0.));
#1287 = SURFACE_CURVE('',#1288,(#1292,#1298),.PCURVE_S1.);
#1288 = LINE('',#1289,#1290);
#1289 = CARTESIAN_POINT('',(-65.,-30.9677251344,0.));
#1290 = VECTOR('',#1291,1.);
#1291 = DIRECTION('',(-0.,-0.,-1.));
#1292 = PCURVE('',#1268,#1293);
#1293 = DEFINITIONAL_REPRESENTATION('',(#1294),#1297);
#1294 = B_SPLINE_CURVE_WITH_KNOTS('',1,(#1295,#1296),.UNSPECIFIED.,.F.,
  .F.,(2,2),(-6.0000006,6.E-07),.PIECEWISE_BEZIER_KNOTS.);
#1295 = CARTESIAN_POINT('',(6.0000006,-49.03227486559));
#1296 = CARTESIAN_POINT('',(-6.E-07,-49.03227486559));
#1297 = ( GEOMETRIC_REPRESENTATION_CONTEXT(2) 
PARAMETRIC_REPRESENTATION_CONTEXT() REPRESENTATION_CONTEXT('2D SPACE',''
  ) );
#1298 = PCURVE('',#1242,#1299);
#1299 = DEFINITIONAL_REPRESENTATION('',(#1300),#1303);
#1300 = B_SPLINE_CURVE_WITH_KNOTS('',1,(#1301,#1302),.UNSPECIFIED.,.F.,
  .F.,(2,2),(-6.0000006,6.E-07),.PIECEWISE_BEZIER_KNOTS.);
#1301 = CARTESIAN_POINT('',(-3.586204275383,-6.0000006));
#1302 = CARTESIAN_POINT('',(-3.586204275383,6.E-07));
#1303 = ( GEOMETRIC_REPRESENTATION_CONTEXT(2) 
PARAMETRIC_REPRESENTATION_CONTEXT() REPRESENTATION_CONTEXT('2D SPACE',''
  ) );
#1304 = ORIENTED_EDGE('',*,*,#1305,.T.);
#1305 = EDGE_CURVE('',#1285,#1306,#1308,.T.);
#1306 = VERTEX_POINT('',#1307);
#1307 = CARTESIAN_POINT('',(-65.,30.967725134401,0.));
#1308 = SURFACE_CURVE('',#1309,(#1313,#1320),.PCURVE_S1.);
#1309 = LINE('',#1310,#1311);
#1310 = CARTESIAN_POINT('',(-65.,-80.,0.));
#1311 = VECTOR('',#1312,1.);
#1312 = DIRECTION('',(0.,1.,0.));
#1313 = PCURVE('',#1268,#1314);
#1314 = DEFINITIONAL_REPRESENTATION('',(#1315),#1319);
#1315 = LINE('',#1316,#1317);
#1316 = CARTESIAN_POINT('',(0.,0.));
#1317 = VECTOR('',#1318,1.);
#1318 = DIRECTION('',(0.,-1.));
#1319 = ( GEOMETRIC_REPRESENTATION_CONTEXT(2) 
PARAMETRIC_REPRESENTATION_CONTEXT() REPRESENTATION_CONTEXT('2D SPACE',''
  ) );
#1320 = PCURVE('',#43,#1321);
#1321 = DEFINITIONAL_REPRESENTATION('',(#1322),#1326);
#1322 = LINE('',#1323,#1324);
#1323 = CARTESIAN_POINT('',(-65.,-80.));
#1324 = VECTOR('',#1325,1.);
#1325 = DIRECTION('',(0.,1.));
#1326 = ( GEOMETRIC_REPRESENTATION_CONTEXT(2) 
PARAMETRIC_REPRESENTATION_CONTEXT() REPRESENTATION_CONTEXT('2D SPACE',''
  ) );
#1327 = ORIENTED_EDGE('',*,*,#1328,.F.);
#1328 = EDGE_CURVE('',#1224,#1306,#1329,.T.);
#1329 = SURFACE_CURVE('',#1330,(#1334,#1340),.PCURVE_S1.);
#1330 = LINE('',#1331,#1332);
#1331 = CARTESIAN_POINT('',(-65.,30.967725134403,0.));
#1332 = VECTOR('',#1333,1.);
#1333 = DIRECTION('',(-0.,-0.,-1.));
#1334 = PCURVE('',#1268,#1335);
#1335 = DEFINITIONAL_REPRESENTATION('',(#1336),#1339);
#1336 = B_SPLINE_CURVE_WITH_KNOTS('',1,(#1337,#1338),.UNSPECIFIED.,.F.,
  .F.,(2,2),(-6.0000006,6.E-07),.PIECEWISE_BEZIER_KNOTS.);
#1337 = CARTESIAN_POINT('',(6.0000006,-110.9677251344));
#1338 = CARTESIAN_POINT('',(-6.E-07,-110.9677251344));
#1339 = ( GEOMETRIC_REPRESENTATION_CONTEXT(2) 
PARAMETRIC_REPRESENTATION_CONTEXT() REPRESENTATION_CONTEXT('2D SPACE',''
  ) );
#1340 = PCURVE('',#1242,#1341);
#1341 = DEFINITIONAL_REPRESENTATION('',(#1342),#1345);
#1342 = B_SPLINE_CURVE_WITH_KNOTS('',1,(#1343,#1344),.UNSPECIFIED.,.F.,
  .F.,(2,2),(-6.0000006,6.E-07),.PIECEWISE_BEZIER_KNOTS.);
#1343 = CARTESIAN_POINT('',(-2.696981031797,-6.0000006));
#1344 = CARTESIAN_POINT('',(-2.696981031797,6.E-07));
#1345 = ( GEOMETRIC_REPRESENTATION_CONTEXT(2) 
PARAMETRIC_REPRESENTATION_CONTEXT() REPRESENTATION_CONTEXT('2D SPACE',''
  ) );
#1346 = ADVANCED_FACE('',(#1347),#1242,.F.);
#1347 = FACE_BOUND('',#1348,.T.);
#1348 = EDGE_LOOP('',(#1349,#1371,#1372,#1373));
#1349 = ORIENTED_EDGE('',*,*,#1350,.F.);
#1350 = EDGE_CURVE('',#1306,#1285,#1351,.T.);
#1351 = SURFACE_CURVE('',#1352,(#1357,#1364),.PCURVE_S1.);
#1352 = CIRCLE('',#1353,72.);
#1353 = AXIS2_PLACEMENT_3D('',#1354,#1355,#1356);
#1354 = CARTESIAN_POINT('',(3.794298208959E-13,2.13162820728E-15,0.));
#1355 = DIRECTION('',(0.,0.,1.));
#1356 = DIRECTION('',(1.,0.,0.));
#1357 = PCURVE('',#1242,#1358);
#1358 = DEFINITIONAL_REPRESENTATION('',(#1359),#1363);
#1359 = LINE('',#1360,#1361);
#1360 = CARTESIAN_POINT('',(-0.,0.));
#1361 = VECTOR('',#1362,1.);
#1362 = DIRECTION('',(-1.,0.));
#1363 = ( GEOMETRIC_REPRESENTATION_CONTEXT(2) 
PARAMETRIC_REPRESENTATION_CONTEXT() REPRESENTATION_CONTEXT('2D SPACE',''
  ) );
#1364 = PCURVE('',#43,#1365);
#1365 = DEFINITIONAL_REPRESENTATION('',(#1366),#1370);
#1366 = CIRCLE('',#1367,72.);
#1367 = AXIS2_PLACEMENT_2D('',#1368,#1369);
#1368 = CARTESIAN_POINT('',(3.8380562932E-13,-3.354263843246E-15));
#1369 = DIRECTION('',(1.,0.));
#1370 = ( GEOMETRIC_REPRESENTATION_CONTEXT(2) 
PARAMETRIC_REPRESENTATION_CONTEXT() REPRESENTATION_CONTEXT('2D SPACE',''
  ) );
#1371 = ORIENTED_EDGE('',*,*,#1328,.F.);
#1372 = ORIENTED_EDGE('',*,*,#1223,.T.);
#1373 = ORIENTED_EDGE('',*,*,#1284,.T.);
#1374 = ADVANCED_FACE('',(#1375),#1209,.F.);
#1375 = FACE_BOUND('',#1376,.F.);
#1376 = EDGE_LOOP('',(#1377,#1378,#1399,#1422));
#1377 = ORIENTED_EDGE('',*,*,#1195,.F.);
#1378 = ORIENTED_EDGE('',*,*,#1379,.T.);
#1379 = EDGE_CURVE('',#1110,#1380,#1382,.T.);
#1380 = VERTEX_POINT('',#1381);
#1381 = CARTESIAN_POINT('',(-51.,-50.82322303828,0.));
#1382 = SURFACE_CURVE('',#1383,(#1387,#1393),.PCURVE_S1.);
#1383 = LINE('',#1384,#1385);
#1384 = CARTESIAN_POINT('',(-51.,-50.82322303829,0.));
#1385 = VECTOR('',#1386,1.);
#1386 = DIRECTION('',(-0.,-0.,-1.));
#1387 = PCURVE('',#1209,#1388);
#1388 = DEFINITIONAL_REPRESENTATION('',(#1389),#1392);
#1389 = B_SPLINE_CURVE_WITH_KNOTS('',1,(#1390,#1391),.UNSPECIFIED.,.F.,
  .F.,(2,2),(-6.0000006,6.E-07),.PIECEWISE_BEZIER_KNOTS.);
#1390 = CARTESIAN_POINT('',(6.0000006,-29.1767769617));
#1391 = CARTESIAN_POINT('',(-6.E-07,-29.1767769617));
#1392 = ( GEOMETRIC_REPRESENTATION_CONTEXT(2) 
PARAMETRIC_REPRESENTATION_CONTEXT() REPRESENTATION_CONTEXT('2D SPACE',''
  ) );
#1393 = PCURVE('',#1126,#1394);
#1394 = DEFINITIONAL_REPRESENTATION('',(#1395),#1398);
#1395 = B_SPLINE_CURVE_WITH_KNOTS('',1,(#1396,#1397),.UNSPECIFIED.,.F.,
  .F.,(2,2),(-6.0000006,6.E-07),.PIECEWISE_BEZIER_KNOTS.);
#1396 = CARTESIAN_POINT('',(-3.925254702388,-6.0000006));
#1397 = CARTESIAN_POINT('',(-3.925254702388,6.E-07));
#1398 = ( GEOMETRIC_REPRESENTATION_CONTEXT(2) 
PARAMETRIC_REPRESENTATION_CONTEXT() REPRESENTATION_CONTEXT('2D SPACE',''
  ) );
#1399 = ORIENTED_EDGE('',*,*,#1400,.T.);
#1400 = EDGE_CURVE('',#1380,#1401,#1403,.T.);
#1401 = VERTEX_POINT('',#1402);
#1402 = CARTESIAN_POINT('',(-51.,50.823223038289,0.));
#1403 = SURFACE_CURVE('',#1404,(#1408,#1415),.PCURVE_S1.);
#1404 = LINE('',#1405,#1406);
#1405 = CARTESIAN_POINT('',(-51.,-80.,0.));
#1406 = VECTOR('',#1407,1.);
#1407 = DIRECTION('',(0.,1.,0.));
#1408 = PCURVE('',#1209,#1409);
#1409 = DEFINITIONAL_REPRESENTATION('',(#1410),#1414);
#1410 = LINE('',#1411,#1412);
#1411 = CARTESIAN_POINT('',(0.,0.));
#1412 = VECTOR('',#1413,1.);
#1413 = DIRECTION('',(0.,-1.));
#1414 = ( GEOMETRIC_REPRESENTATION_CONTEXT(2) 
PARAMETRIC_REPRESENTATION_CONTEXT() REPRESENTATION_CONTEXT('2D SPACE',''
  ) );
#1415 = PCURVE('',#43,#1416);
#1416 = DEFINITIONAL_REPRESENTATION('',(#1417),#1421);
#1417 = LINE('',#1418,#1419);
#1418 = CARTESIAN_POINT('',(-51.,-80.));
#1419 = VECTOR('',#1420,1.);
#1420 = DIRECTION('',(0.,1.));
#1421 = ( GEOMETRIC_REPRESENTATION_CONTEXT(2) 
PARAMETRIC_REPRESENTATION_CONTEXT() REPRESENTATION_CONTEXT('2D SPACE',''
  ) );
#1422 = ORIENTED_EDGE('',*,*,#1423,.F.);
#1423 = EDGE_CURVE('',#1167,#1401,#1424,.T.);
#1424 = SURFACE_CURVE('',#1425,(#1429,#1435),.PCURVE_S1.);
#1425 = LINE('',#1426,#1427);
#1426 = CARTESIAN_POINT('',(-51.,50.823223038292,0.));
#1427 = VECTOR('',#1428,1.);
#1428 = DIRECTION('',(-0.,-0.,-1.));
#1429 = PCURVE('',#1209,#1430);
#1430 = DEFINITIONAL_REPRESENTATION('',(#1431),#1434);
#1431 = B_SPLINE_CURVE_WITH_KNOTS('',1,(#1432,#1433),.UNSPECIFIED.,.F.,
  .F.,(2,2),(-6.0000006,6.E-07),.PIECEWISE_BEZIER_KNOTS.);
#1432 = CARTESIAN_POINT('',(6.0000006,-130.8232230382));
#1433 = CARTESIAN_POINT('',(-6.E-07,-130.8232230382));
#1434 = ( GEOMETRIC_REPRESENTATION_CONTEXT(2) 
PARAMETRIC_REPRESENTATION_CONTEXT() REPRESENTATION_CONTEXT('2D SPACE',''
  ) );
#1435 = PCURVE('',#1183,#1436);
#1436 = DEFINITIONAL_REPRESENTATION('',(#1437),#1440);
#1437 = B_SPLINE_CURVE_WITH_KNOTS('',1,(#1438,#1439),.UNSPECIFIED.,.F.,
  .F.,(2,2),(-6.0000006,6.E-07),.PIECEWISE_BEZIER_KNOTS.);
#1438 = CARTESIAN_POINT('',(-2.357930604792,-6.0000006));
#1439 = CARTESIAN_POINT('',(-2.357930604792,6.E-07));
#1440 = ( GEOMETRIC_REPRESENTATION_CONTEXT(2) 
PARAMETRIC_REPRESENTATION_CONTEXT() REPRESENTATION_CONTEXT('2D SPACE',''
  ) );
#1441 = ADVANCED_FACE('',(#1442),#1183,.F.);
#1442 = FACE_BOUND('',#1443,.T.);
#1443 = EDGE_LOOP('',(#1444,#1468,#1469,#1470));
#1444 = ORIENTED_EDGE('',*,*,#1445,.F.);
#1445 = EDGE_CURVE('',#1401,#1446,#1448,.T.);
#1446 = VERTEX_POINT('',#1447);
#1447 = CARTESIAN_POINT('',(-61.,38.249182997808,0.));
#1448 = SURFACE_CURVE('',#1449,(#1454,#1461),.PCURVE_S1.);
#1449 = CIRCLE('',#1450,72.);
#1450 = AXIS2_PLACEMENT_3D('',#1451,#1452,#1453);
#1451 = CARTESIAN_POINT('',(3.794298208959E-13,2.13162820728E-15,0.));
#1452 = DIRECTION('',(0.,0.,1.));
#1453 = DIRECTION('',(1.,0.,0.));
#1454 = PCURVE('',#1183,#1455);
#1455 = DEFINITIONAL_REPRESENTATION('',(#1456),#1460);
#1456 = LINE('',#1457,#1458);
#1457 = CARTESIAN_POINT('',(-0.,0.));
#1458 = VECTOR('',#1459,1.);
#1459 = DIRECTION('',(-1.,0.));
#1460 = ( GEOMETRIC_REPRESENTATION_CONTEXT(2) 
PARAMETRIC_REPRESENTATION_CONTEXT() REPRESENTATION_CONTEXT('2D SPACE',''
  ) );
#1461 = PCURVE('',#43,#1462);
#1462 = DEFINITIONAL_REPRESENTATION('',(#1463),#1467);
#1463 = CIRCLE('',#1464,72.);
#1464 = AXIS2_PLACEMENT_2D('',#1465,#1466);
#1465 = CARTESIAN_POINT('',(3.8380562932E-13,-3.354263843246E-15));
#1466 = DIRECTION('',(1.,0.));
#1467 = ( GEOMETRIC_REPRESENTATION_CONTEXT(2) 
PARAMETRIC_REPRESENTATION_CONTEXT() REPRESENTATION_CONTEXT('2D SPACE',''
  ) );
#1468 = ORIENTED_EDGE('',*,*,#1423,.F.);
#1469 = ORIENTED_EDGE('',*,*,#1166,.T.);
#1470 = ORIENTED_EDGE('',*,*,#1471,.T.);
#1471 = EDGE_CURVE('',#1139,#1446,#1472,.T.);
#1472 = SURFACE_CURVE('',#1473,(#1477,#1483),.PCURVE_S1.);
#1473 = LINE('',#1474,#1475);
#1474 = CARTESIAN_POINT('',(-61.,38.24918299781,0.));
#1475 = VECTOR('',#1476,1.);
#1476 = DIRECTION('',(-0.,-0.,-1.));
#1477 = PCURVE('',#1183,#1478);
#1478 = DEFINITIONAL_REPRESENTATION('',(#1479),#1482);
#1479 = B_SPLINE_CURVE_WITH_KNOTS('',1,(#1480,#1481),.UNSPECIFIED.,.F.,
  .F.,(2,2),(-6.0000006,6.E-07),.PIECEWISE_BEZIER_KNOTS.);
#1480 = CARTESIAN_POINT('',(-2.581530740898,-6.0000006));
#1481 = CARTESIAN_POINT('',(-2.581530740898,6.E-07));
#1482 = ( GEOMETRIC_REPRESENTATION_CONTEXT(2) 
PARAMETRIC_REPRESENTATION_CONTEXT() REPRESENTATION_CONTEXT('2D SPACE',''
  ) );
#1483 = PCURVE('',#1154,#1484);
#1484 = DEFINITIONAL_REPRESENTATION('',(#1485),#1488);
#1485 = B_SPLINE_CURVE_WITH_KNOTS('',1,(#1486,#1487),.UNSPECIFIED.,.F.,
  .F.,(2,2),(-6.0000006,6.E-07),.PIECEWISE_BEZIER_KNOTS.);
#1486 = CARTESIAN_POINT('',(6.0000006,-118.2491829978));
#1487 = CARTESIAN_POINT('',(-6.E-07,-118.2491829978));
#1488 = ( GEOMETRIC_REPRESENTATION_CONTEXT(2) 
PARAMETRIC_REPRESENTATION_CONTEXT() REPRESENTATION_CONTEXT('2D SPACE',''
  ) );
#1489 = ADVANCED_FACE('',(#1490),#1154,.T.);
#1490 = FACE_BOUND('',#1491,.T.);
#1491 = EDGE_LOOP('',(#1492,#1493,#1514,#1535));
#1492 = ORIENTED_EDGE('',*,*,#1138,.F.);
#1493 = ORIENTED_EDGE('',*,*,#1494,.T.);
#1494 = EDGE_CURVE('',#1108,#1495,#1497,.T.);
#1495 = VERTEX_POINT('',#1496);
#1496 = CARTESIAN_POINT('',(-61.,-38.2491829978,0.));
#1497 = SURFACE_CURVE('',#1498,(#1502,#1508),.PCURVE_S1.);
#1498 = LINE('',#1499,#1500);
#1499 = CARTESIAN_POINT('',(-61.,-38.24918299781,0.));
#1500 = VECTOR('',#1501,1.);
#1501 = DIRECTION('',(-0.,-0.,-1.));
#1502 = PCURVE('',#1154,#1503);
#1503 = DEFINITIONAL_REPRESENTATION('',(#1504),#1507);
#1504 = B_SPLINE_CURVE_WITH_KNOTS('',1,(#1505,#1506),.UNSPECIFIED.,.F.,
  .F.,(2,2),(-6.0000006,6.E-07),.PIECEWISE_BEZIER_KNOTS.);
#1505 = CARTESIAN_POINT('',(6.0000006,-41.75081700219));
#1506 = CARTESIAN_POINT('',(-6.E-07,-41.75081700219));
#1507 = ( GEOMETRIC_REPRESENTATION_CONTEXT(2) 
PARAMETRIC_REPRESENTATION_CONTEXT() REPRESENTATION_CONTEXT('2D SPACE',''
  ) );
#1508 = PCURVE('',#1126,#1509);
#1509 = DEFINITIONAL_REPRESENTATION('',(#1510),#1513);
#1510 = B_SPLINE_CURVE_WITH_KNOTS('',1,(#1511,#1512),.UNSPECIFIED.,.F.,
  .F.,(2,2),(-6.0000006,6.E-07),.PIECEWISE_BEZIER_KNOTS.);
#1511 = CARTESIAN_POINT('',(-3.701654566282,-6.0000006));
#1512 = CARTESIAN_POINT('',(-3.701654566282,6.E-07));
#1513 = ( GEOMETRIC_REPRESENTATION_CONTEXT(2) 
PARAMETRIC_REPRESENTATION_CONTEXT() REPRESENTATION_CONTEXT('2D SPACE',''
  ) );
#1514 = ORIENTED_EDGE('',*,*,#1515,.T.);
#1515 = EDGE_CURVE('',#1495,#1446,#1516,.T.);
#1516 = SURFACE_CURVE('',#1517,(#1521,#1528),.PCURVE_S1.);
#1517 = LINE('',#1518,#1519);
#1518 = CARTESIAN_POINT('',(-61.,-80.,0.));
#1519 = VECTOR('',#1520,1.);
#1520 = DIRECTION('',(0.,1.,0.));
#1521 = PCURVE('',#1154,#1522);
#1522 = DEFINITIONAL_REPRESENTATION('',(#1523),#1527);
#1523 = LINE('',#1524,#1525);
#1524 = CARTESIAN_POINT('',(0.,0.));
#1525 = VECTOR('',#1526,1.);
#1526 = DIRECTION('',(0.,-1.));
#1527 = ( GEOMETRIC_REPRESENTATION_CONTEXT(2) 
PARAMETRIC_REPRESENTATION_CONTEXT() REPRESENTATION_CONTEXT('2D SPACE',''
  ) );
#1528 = PCURVE('',#43,#1529);
#1529 = DEFINITIONAL_REPRESENTATION('',(#1530),#1534);
#1530 = LINE('',#1531,#1532);
#1531 = CARTESIAN_POINT('',(-61.,-80.));
#1532 = VECTOR('',#1533,1.);
#1533 = DIRECTION('',(0.,1.));
#1534 = ( GEOMETRIC_REPRESENTATION_CONTEXT(2) 
PARAMETRIC_REPRESENTATION_CONTEXT() REPRESENTATION_CONTEXT('2D SPACE',''
  ) );
#1535 = ORIENTED_EDGE('',*,*,#1471,.F.);
#1536 = ADVANCED_FACE('',(#1537),#1126,.F.);
#1537 = FACE_BOUND('',#1538,.T.);
#1538 = EDGE_LOOP('',(#1539,#1540,#1562,#1563));
#1539 = ORIENTED_EDGE('',*,*,#1379,.T.);
#1540 = ORIENTED_EDGE('',*,*,#1541,.F.);
#1541 = EDGE_CURVE('',#1495,#1380,#1542,.T.);
#1542 = SURFACE_CURVE('',#1543,(#1548,#1555),.PCURVE_S1.);
#1543 = CIRCLE('',#1544,72.);
#1544 = AXIS2_PLACEMENT_3D('',#1545,#1546,#1547);
#1545 = CARTESIAN_POINT('',(3.794298208959E-13,2.13162820728E-15,0.));
#1546 = DIRECTION('',(0.,0.,1.));
#1547 = DIRECTION('',(1.,0.,0.));
#1548 = PCURVE('',#1126,#1549);
#1549 = DEFINITIONAL_REPRESENTATION('',(#1550),#1554);
#1550 = LINE('',#1551,#1552);
#1551 = CARTESIAN_POINT('',(-0.,0.));
#1552 = VECTOR('',#1553,1.);
#1553 = DIRECTION('',(-1.,0.));
#1554 = ( GEOMETRIC_REPRESENTATION_CONTEXT(2) 
PARAMETRIC_REPRESENTATION_CONTEXT() REPRESENTATION_CONTEXT('2D SPACE',''
  ) );
#1555 = PCURVE('',#43,#1556);
#1556 = DEFINITIONAL_REPRESENTATION('',(#1557),#1561);
#1557 = CIRCLE('',#1558,72.);
#1558 = AXIS2_PLACEMENT_2D('',#1559,#1560);
#1559 = CARTESIAN_POINT('',(3.8380562932E-13,-3.354263843246E-15));
#1560 = DIRECTION('',(1.,0.));
#1561 = ( GEOMETRIC_REPRESENTATION_CONTEXT(2) 
PARAMETRIC_REPRESENTATION_CONTEXT() REPRESENTATION_CONTEXT('2D SPACE',''
  ) );
#1562 = ORIENTED_EDGE('',*,*,#1494,.F.);
#1563 = ORIENTED_EDGE('',*,*,#1107,.T.);
#1564 = ADVANCED_FACE('',(#1565),#1093,.F.);
#1565 = FACE_BOUND('',#1566,.F.);
#1566 = EDGE_LOOP('',(#1567,#1568,#1589,#1612));
#1567 = ORIENTED_EDGE('',*,*,#1079,.F.);
#1568 = ORIENTED_EDGE('',*,*,#1569,.T.);
#1569 = EDGE_CURVE('',#994,#1570,#1572,.T.);
#1570 = VERTEX_POINT('',#1571);
#1571 = CARTESIAN_POINT('',(-36.99999999999,-61.76568626673,0.));
#1572 = SURFACE_CURVE('',#1573,(#1577,#1583),.PCURVE_S1.);
#1573 = LINE('',#1574,#1575);
#1574 = CARTESIAN_POINT('',(-37.,-61.76568626672,0.));
#1575 = VECTOR('',#1576,1.);
#1576 = DIRECTION('',(-0.,-0.,-1.));
#1577 = PCURVE('',#1093,#1578);
#1578 = DEFINITIONAL_REPRESENTATION('',(#1579),#1582);
#1579 = B_SPLINE_CURVE_WITH_KNOTS('',1,(#1580,#1581),.UNSPECIFIED.,.F.,
  .F.,(2,2),(-6.0000006,6.E-07),.PIECEWISE_BEZIER_KNOTS.);
#1580 = CARTESIAN_POINT('',(6.0000006,-18.23431373327));
#1581 = CARTESIAN_POINT('',(-6.E-07,-18.23431373327));
#1582 = ( GEOMETRIC_REPRESENTATION_CONTEXT(2) 
PARAMETRIC_REPRESENTATION_CONTEXT() REPRESENTATION_CONTEXT('2D SPACE',''
  ) );
#1583 = PCURVE('',#1010,#1584);
#1584 = DEFINITIONAL_REPRESENTATION('',(#1585),#1588);
#1585 = B_SPLINE_CURVE_WITH_KNOTS('',1,(#1586,#1587),.UNSPECIFIED.,.F.,
  .F.,(2,2),(-6.0000006,6.E-07),.PIECEWISE_BEZIER_KNOTS.);
#1586 = CARTESIAN_POINT('',(-4.172677051894,-6.0000006));
#1587 = CARTESIAN_POINT('',(-4.172677051894,6.E-07));
#1588 = ( GEOMETRIC_REPRESENTATION_CONTEXT(2) 
PARAMETRIC_REPRESENTATION_CONTEXT() REPRESENTATION_CONTEXT('2D SPACE',''
  ) );
#1589 = ORIENTED_EDGE('',*,*,#1590,.T.);
#1590 = EDGE_CURVE('',#1570,#1591,#1593,.T.);
#1591 = VERTEX_POINT('',#1592);
#1592 = CARTESIAN_POINT('',(-37.,61.765686266727,0.));
#1593 = SURFACE_CURVE('',#1594,(#1598,#1605),.PCURVE_S1.);
#1594 = LINE('',#1595,#1596);
#1595 = CARTESIAN_POINT('',(-37.,-80.,0.));
#1596 = VECTOR('',#1597,1.);
#1597 = DIRECTION('',(0.,1.,0.));
#1598 = PCURVE('',#1093,#1599);
#1599 = DEFINITIONAL_REPRESENTATION('',(#1600),#1604);
#1600 = LINE('',#1601,#1602);
#1601 = CARTESIAN_POINT('',(0.,0.));
#1602 = VECTOR('',#1603,1.);
#1603 = DIRECTION('',(0.,-1.));
#1604 = ( GEOMETRIC_REPRESENTATION_CONTEXT(2) 
PARAMETRIC_REPRESENTATION_CONTEXT() REPRESENTATION_CONTEXT('2D SPACE',''
  ) );
#1605 = PCURVE('',#43,#1606);
#1606 = DEFINITIONAL_REPRESENTATION('',(#1607),#1611);
#1607 = LINE('',#1608,#1609);
#1608 = CARTESIAN_POINT('',(-37.,-80.));
#1609 = VECTOR('',#1610,1.);
#1610 = DIRECTION('',(0.,1.));
#1611 = ( GEOMETRIC_REPRESENTATION_CONTEXT(2) 
PARAMETRIC_REPRESENTATION_CONTEXT() REPRESENTATION_CONTEXT('2D SPACE',''
  ) );
#1612 = ORIENTED_EDGE('',*,*,#1613,.F.);
#1613 = EDGE_CURVE('',#1051,#1591,#1614,.T.);
#1614 = SURFACE_CURVE('',#1615,(#1619,#1625),.PCURVE_S1.);
#1615 = LINE('',#1616,#1617);
#1616 = CARTESIAN_POINT('',(-37.,61.765686266729,0.));
#1617 = VECTOR('',#1618,1.);
#1618 = DIRECTION('',(-0.,-0.,-1.));
#1619 = PCURVE('',#1093,#1620);
#1620 = DEFINITIONAL_REPRESENTATION('',(#1621),#1624);
#1621 = B_SPLINE_CURVE_WITH_KNOTS('',1,(#1622,#1623),.UNSPECIFIED.,.F.,
  .F.,(2,2),(-6.0000006,6.E-07),.PIECEWISE_BEZIER_KNOTS.);
#1622 = CARTESIAN_POINT('',(6.0000006,-141.7656862667));
#1623 = CARTESIAN_POINT('',(-6.E-07,-141.7656862667));
#1624 = ( GEOMETRIC_REPRESENTATION_CONTEXT(2) 
PARAMETRIC_REPRESENTATION_CONTEXT() REPRESENTATION_CONTEXT('2D SPACE',''
  ) );
#1625 = PCURVE('',#1067,#1626);
#1626 = DEFINITIONAL_REPRESENTATION('',(#1627),#1630);
#1627 = B_SPLINE_CURVE_WITH_KNOTS('',1,(#1628,#1629),.UNSPECIFIED.,.F.,
  .F.,(2,2),(-6.0000006,6.E-07),.PIECEWISE_BEZIER_KNOTS.);
#1628 = CARTESIAN_POINT('',(-2.110508255285,-6.0000006));
#1629 = CARTESIAN_POINT('',(-2.110508255285,6.E-07));
#1630 = ( GEOMETRIC_REPRESENTATION_CONTEXT(2) 
PARAMETRIC_REPRESENTATION_CONTEXT() REPRESENTATION_CONTEXT('2D SPACE',''
  ) );
#1631 = ADVANCED_FACE('',(#1632),#1067,.F.);
#1632 = FACE_BOUND('',#1633,.T.);
#1633 = EDGE_LOOP('',(#1634,#1658,#1659,#1660));
#1634 = ORIENTED_EDGE('',*,*,#1635,.F.);
#1635 = EDGE_CURVE('',#1591,#1636,#1638,.T.);
#1636 = VERTEX_POINT('',#1637);
#1637 = CARTESIAN_POINT('',(-46.99999999999,54.543560573181,0.));
#1638 = SURFACE_CURVE('',#1639,(#1644,#1651),.PCURVE_S1.);
#1639 = CIRCLE('',#1640,72.);
#1640 = AXIS2_PLACEMENT_3D('',#1641,#1642,#1643);
#1641 = CARTESIAN_POINT('',(3.794298208959E-13,2.13162820728E-15,0.));
#1642 = DIRECTION('',(0.,0.,1.));
#1643 = DIRECTION('',(1.,0.,0.));
#1644 = PCURVE('',#1067,#1645);
#1645 = DEFINITIONAL_REPRESENTATION('',(#1646),#1650);
#1646 = LINE('',#1647,#1648);
#1647 = CARTESIAN_POINT('',(-0.,0.));
#1648 = VECTOR('',#1649,1.);
#1649 = DIRECTION('',(-1.,0.));
#1650 = ( GEOMETRIC_REPRESENTATION_CONTEXT(2) 
PARAMETRIC_REPRESENTATION_CONTEXT() REPRESENTATION_CONTEXT('2D SPACE',''
  ) );
#1651 = PCURVE('',#43,#1652);
#1652 = DEFINITIONAL_REPRESENTATION('',(#1653),#1657);
#1653 = CIRCLE('',#1654,72.);
#1654 = AXIS2_PLACEMENT_2D('',#1655,#1656);
#1655 = CARTESIAN_POINT('',(3.8380562932E-13,-3.354263843246E-15));
#1656 = DIRECTION('',(1.,0.));
#1657 = ( GEOMETRIC_REPRESENTATION_CONTEXT(2) 
PARAMETRIC_REPRESENTATION_CONTEXT() REPRESENTATION_CONTEXT('2D SPACE',''
  ) );
#1658 = ORIENTED_EDGE('',*,*,#1613,.F.);
#1659 = ORIENTED_EDGE('',*,*,#1050,.T.);
#1660 = ORIENTED_EDGE('',*,*,#1661,.T.);
#1661 = EDGE_CURVE('',#1023,#1636,#1662,.T.);
#1662 = SURFACE_CURVE('',#1663,(#1667,#1673),.PCURVE_S1.);
#1663 = LINE('',#1664,#1665);
#1664 = CARTESIAN_POINT('',(-47.,54.543560573178,0.));
#1665 = VECTOR('',#1666,1.);
#1666 = DIRECTION('',(-0.,-0.,-1.));
#1667 = PCURVE('',#1067,#1668);
#1668 = DEFINITIONAL_REPRESENTATION('',(#1669),#1672);
#1669 = B_SPLINE_CURVE_WITH_KNOTS('',1,(#1670,#1671),.UNSPECIFIED.,.F.,
  .F.,(2,2),(-6.0000006,6.E-07),.PIECEWISE_BEZIER_KNOTS.);
#1670 = CARTESIAN_POINT('',(-2.282041790981,-6.0000006));
#1671 = CARTESIAN_POINT('',(-2.282041790981,6.E-07));
#1672 = ( GEOMETRIC_REPRESENTATION_CONTEXT(2) 
PARAMETRIC_REPRESENTATION_CONTEXT() REPRESENTATION_CONTEXT('2D SPACE',''
  ) );
#1673 = PCURVE('',#1038,#1674);
#1674 = DEFINITIONAL_REPRESENTATION('',(#1675),#1678);
#1675 = B_SPLINE_CURVE_WITH_KNOTS('',1,(#1676,#1677),.UNSPECIFIED.,.F.,
  .F.,(2,2),(-6.0000006,6.E-07),.PIECEWISE_BEZIER_KNOTS.);
#1676 = CARTESIAN_POINT('',(6.0000006,-134.5435605731));
#1677 = CARTESIAN_POINT('',(-6.E-07,-134.5435605731));
#1678 = ( GEOMETRIC_REPRESENTATION_CONTEXT(2) 
PARAMETRIC_REPRESENTATION_CONTEXT() REPRESENTATION_CONTEXT('2D SPACE',''
  ) );
#1679 = ADVANCED_FACE('',(#1680),#1038,.T.);
#1680 = FACE_BOUND('',#1681,.T.);
#1681 = EDGE_LOOP('',(#1682,#1683,#1704,#1725));
#1682 = ORIENTED_EDGE('',*,*,#1022,.F.);
#1683 = ORIENTED_EDGE('',*,*,#1684,.T.);
#1684 = EDGE_CURVE('',#992,#1685,#1687,.T.);
#1685 = VERTEX_POINT('',#1686);
#1686 = CARTESIAN_POINT('',(-46.99999999999,-54.54356057318,0.));
#1687 = SURFACE_CURVE('',#1688,(#1692,#1698),.PCURVE_S1.);
#1688 = LINE('',#1689,#1690);
#1689 = CARTESIAN_POINT('',(-47.,-54.54356057317,0.));
#1690 = VECTOR('',#1691,1.);
#1691 = DIRECTION('',(-0.,-0.,-1.));
#1692 = PCURVE('',#1038,#1693);
#1693 = DEFINITIONAL_REPRESENTATION('',(#1694),#1697);
#1694 = B_SPLINE_CURVE_WITH_KNOTS('',1,(#1695,#1696),.UNSPECIFIED.,.F.,
  .F.,(2,2),(-6.0000006,6.E-07),.PIECEWISE_BEZIER_KNOTS.);
#1695 = CARTESIAN_POINT('',(6.0000006,-25.45643942682));
#1696 = CARTESIAN_POINT('',(-6.E-07,-25.45643942682));
#1697 = ( GEOMETRIC_REPRESENTATION_CONTEXT(2) 
PARAMETRIC_REPRESENTATION_CONTEXT() REPRESENTATION_CONTEXT('2D SPACE',''
  ) );
#1698 = PCURVE('',#1010,#1699);
#1699 = DEFINITIONAL_REPRESENTATION('',(#1700),#1703);
#1700 = B_SPLINE_CURVE_WITH_KNOTS('',1,(#1701,#1702),.UNSPECIFIED.,.F.,
  .F.,(2,2),(-6.0000006,6.E-07),.PIECEWISE_BEZIER_KNOTS.);
#1701 = CARTESIAN_POINT('',(-4.001143516199,-6.0000006));
#1702 = CARTESIAN_POINT('',(-4.001143516199,6.E-07));
#1703 = ( GEOMETRIC_REPRESENTATION_CONTEXT(2) 
PARAMETRIC_REPRESENTATION_CONTEXT() REPRESENTATION_CONTEXT('2D SPACE',''
  ) );
#1704 = ORIENTED_EDGE('',*,*,#1705,.T.);
#1705 = EDGE_CURVE('',#1685,#1636,#1706,.T.);
#1706 = SURFACE_CURVE('',#1707,(#1711,#1718),.PCURVE_S1.);
#1707 = LINE('',#1708,#1709);
#1708 = CARTESIAN_POINT('',(-47.,-80.,0.));
#1709 = VECTOR('',#1710,1.);
#1710 = DIRECTION('',(0.,1.,0.));
#1711 = PCURVE('',#1038,#1712);
#1712 = DEFINITIONAL_REPRESENTATION('',(#1713),#1717);
#1713 = LINE('',#1714,#1715);
#1714 = CARTESIAN_POINT('',(0.,0.));
#1715 = VECTOR('',#1716,1.);
#1716 = DIRECTION('',(0.,-1.));
#1717 = ( GEOMETRIC_REPRESENTATION_CONTEXT(2) 
PARAMETRIC_REPRESENTATION_CONTEXT() REPRESENTATION_CONTEXT('2D SPACE',''
  ) );
#1718 = PCURVE('',#43,#1719);
#1719 = DEFINITIONAL_REPRESENTATION('',(#1720),#1724);
#1720 = LINE('',#1721,#1722);
#1721 = CARTESIAN_POINT('',(-47.,-80.));
#1722 = VECTOR('',#1723,1.);
#1723 = DIRECTION('',(0.,1.));
#1724 = ( GEOMETRIC_REPRESENTATION_CONTEXT(2) 
PARAMETRIC_REPRESENTATION_CONTEXT() REPRESENTATION_CONTEXT('2D SPACE',''
  ) );
#1725 = ORIENTED_EDGE('',*,*,#1661,.F.);
#1726 = ADVANCED_FACE('',(#1727),#1010,.F.);
#1727 = FACE_BOUND('',#1728,.T.);
#1728 = EDGE_LOOP('',(#1729,#1730,#1752,#1753));
#1729 = ORIENTED_EDGE('',*,*,#1569,.T.);
#1730 = ORIENTED_EDGE('',*,*,#1731,.F.);
#1731 = EDGE_CURVE('',#1685,#1570,#1732,.T.);
#1732 = SURFACE_CURVE('',#1733,(#1738,#1745),.PCURVE_S1.);
#1733 = CIRCLE('',#1734,72.);
#1734 = AXIS2_PLACEMENT_3D('',#1735,#1736,#1737);
#1735 = CARTESIAN_POINT('',(3.794298208959E-13,2.13162820728E-15,0.));
#1736 = DIRECTION('',(0.,0.,1.));
#1737 = DIRECTION('',(1.,0.,0.));
#1738 = PCURVE('',#1010,#1739);
#1739 = DEFINITIONAL_REPRESENTATION('',(#1740),#1744);
#1740 = LINE('',#1741,#1742);
#1741 = CARTESIAN_POINT('',(-0.,0.));
#1742 = VECTOR('',#1743,1.);
#1743 = DIRECTION('',(-1.,0.));
#1744 = ( GEOMETRIC_REPRESENTATION_CONTEXT(2) 
PARAMETRIC_REPRESENTATION_CONTEXT() REPRESENTATION_CONTEXT('2D SPACE',''
  ) );
#1745 = PCURVE('',#43,#1746);
#1746 = DEFINITIONAL_REPRESENTATION('',(#1747),#1751);
#1747 = CIRCLE('',#1748,72.);
#1748 = AXIS2_PLACEMENT_2D('',#1749,#1750);
#1749 = CARTESIAN_POINT('',(3.8380562932E-13,-3.354263843246E-15));
#1750 = DIRECTION('',(1.,0.));
#1751 = ( GEOMETRIC_REPRESENTATION_CONTEXT(2) 
PARAMETRIC_REPRESENTATION_CONTEXT() REPRESENTATION_CONTEXT('2D SPACE',''
  ) );
#1752 = ORIENTED_EDGE('',*,*,#1684,.F.);
#1753 = ORIENTED_EDGE('',*,*,#991,.T.);
#1754 = ADVANCED_FACE('',(#1755),#977,.F.);
#1755 = FACE_BOUND('',#1756,.F.);
#1756 = EDGE_LOOP('',(#1757,#1758,#1779,#1802));
#1757 = ORIENTED_EDGE('',*,*,#963,.F.);
#1758 = ORIENTED_EDGE('',*,*,#1759,.T.);
#1759 = EDGE_CURVE('',#878,#1760,#1762,.T.);
#1760 = VERTEX_POINT('',#1761);
#1761 = CARTESIAN_POINT('',(-23.,-68.22756041366,0.));
#1762 = SURFACE_CURVE('',#1763,(#1767,#1773),.PCURVE_S1.);
#1763 = LINE('',#1764,#1765);
#1764 = CARTESIAN_POINT('',(-23.,-68.22756041366,0.));
#1765 = VECTOR('',#1766,1.);
#1766 = DIRECTION('',(-0.,-0.,-1.));
#1767 = PCURVE('',#977,#1768);
#1768 = DEFINITIONAL_REPRESENTATION('',(#1769),#1772);
#1769 = B_SPLINE_CURVE_WITH_KNOTS('',1,(#1770,#1771),.UNSPECIFIED.,.F.,
  .F.,(2,2),(-6.0000006,6.E-07),.PIECEWISE_BEZIER_KNOTS.);
#1770 = CARTESIAN_POINT('',(6.0000006,-11.77243958633));
#1771 = CARTESIAN_POINT('',(-6.E-07,-11.77243958633));
#1772 = ( GEOMETRIC_REPRESENTATION_CONTEXT(2) 
PARAMETRIC_REPRESENTATION_CONTEXT() REPRESENTATION_CONTEXT('2D SPACE',''
  ) );
#1773 = PCURVE('',#894,#1774);
#1774 = DEFINITIONAL_REPRESENTATION('',(#1775),#1778);
#1775 = B_SPLINE_CURVE_WITH_KNOTS('',1,(#1776,#1777),.UNSPECIFIED.,.F.,
  .F.,(2,2),(-6.0000006,6.E-07),.PIECEWISE_BEZIER_KNOTS.);
#1776 = CARTESIAN_POINT('',(-4.387245824414,-6.0000006));
#1777 = CARTESIAN_POINT('',(-4.387245824414,6.E-07));
#1778 = ( GEOMETRIC_REPRESENTATION_CONTEXT(2) 
PARAMETRIC_REPRESENTATION_CONTEXT() REPRESENTATION_CONTEXT('2D SPACE',''
  ) );
#1779 = ORIENTED_EDGE('',*,*,#1780,.T.);
#1780 = EDGE_CURVE('',#1760,#1781,#1783,.T.);
#1781 = VERTEX_POINT('',#1782);
#1782 = CARTESIAN_POINT('',(-23.,68.227560413663,0.));
#1783 = SURFACE_CURVE('',#1784,(#1788,#1795),.PCURVE_S1.);
#1784 = LINE('',#1785,#1786);
#1785 = CARTESIAN_POINT('',(-23.,-80.,0.));
#1786 = VECTOR('',#1787,1.);
#1787 = DIRECTION('',(0.,1.,0.));
#1788 = PCURVE('',#977,#1789);
#1789 = DEFINITIONAL_REPRESENTATION('',(#1790),#1794);
#1790 = LINE('',#1791,#1792);
#1791 = CARTESIAN_POINT('',(0.,0.));
#1792 = VECTOR('',#1793,1.);
#1793 = DIRECTION('',(0.,-1.));
#1794 = ( GEOMETRIC_REPRESENTATION_CONTEXT(2) 
PARAMETRIC_REPRESENTATION_CONTEXT() REPRESENTATION_CONTEXT('2D SPACE',''
  ) );
#1795 = PCURVE('',#43,#1796);
#1796 = DEFINITIONAL_REPRESENTATION('',(#1797),#1801);
#1797 = LINE('',#1798,#1799);
#1798 = CARTESIAN_POINT('',(-23.,-80.));
#1799 = VECTOR('',#1800,1.);
#1800 = DIRECTION('',(0.,1.));
#1801 = ( GEOMETRIC_REPRESENTATION_CONTEXT(2) 
PARAMETRIC_REPRESENTATION_CONTEXT() REPRESENTATION_CONTEXT('2D SPACE',''
  ) );
#1802 = ORIENTED_EDGE('',*,*,#1803,.F.);
#1803 = EDGE_CURVE('',#935,#1781,#1804,.T.);
#1804 = SURFACE_CURVE('',#1805,(#1809,#1815),.PCURVE_S1.);
#1805 = LINE('',#1806,#1807);
#1806 = CARTESIAN_POINT('',(-23.,68.227560413663,0.));
#1807 = VECTOR('',#1808,1.);
#1808 = DIRECTION('',(-0.,-0.,-1.));
#1809 = PCURVE('',#977,#1810);
#1810 = DEFINITIONAL_REPRESENTATION('',(#1811),#1814);
#1811 = B_SPLINE_CURVE_WITH_KNOTS('',1,(#1812,#1813),.UNSPECIFIED.,.F.,
  .F.,(2,2),(-6.0000006,6.E-07),.PIECEWISE_BEZIER_KNOTS.);
#1812 = CARTESIAN_POINT('',(6.0000006,-148.2275604136));
#1813 = CARTESIAN_POINT('',(-6.E-07,-148.2275604136));
#1814 = ( GEOMETRIC_REPRESENTATION_CONTEXT(2) 
PARAMETRIC_REPRESENTATION_CONTEXT() REPRESENTATION_CONTEXT('2D SPACE',''
  ) );
#1815 = PCURVE('',#951,#1816);
#1816 = DEFINITIONAL_REPRESENTATION('',(#1817),#1820);
#1817 = B_SPLINE_CURVE_WITH_KNOTS('',1,(#1818,#1819),.UNSPECIFIED.,.F.,
  .F.,(2,2),(-6.0000006,6.E-07),.PIECEWISE_BEZIER_KNOTS.);
#1818 = CARTESIAN_POINT('',(-1.895939482766,-6.0000006));
#1819 = CARTESIAN_POINT('',(-1.895939482766,6.E-07));
#1820 = ( GEOMETRIC_REPRESENTATION_CONTEXT(2) 
PARAMETRIC_REPRESENTATION_CONTEXT() REPRESENTATION_CONTEXT('2D SPACE',''
  ) );
#1821 = ADVANCED_FACE('',(#1822),#951,.F.);
#1822 = FACE_BOUND('',#1823,.T.);
#1823 = EDGE_LOOP('',(#1824,#1848,#1849,#1850));
#1824 = ORIENTED_EDGE('',*,*,#1825,.F.);
#1825 = EDGE_CURVE('',#1781,#1826,#1828,.T.);
#1826 = VERTEX_POINT('',#1827);
#1827 = CARTESIAN_POINT('',(-33.,63.992187023103,0.));
#1828 = SURFACE_CURVE('',#1829,(#1834,#1841),.PCURVE_S1.);
#1829 = CIRCLE('',#1830,72.);
#1830 = AXIS2_PLACEMENT_3D('',#1831,#1832,#1833);
#1831 = CARTESIAN_POINT('',(3.794298208959E-13,2.13162820728E-15,0.));
#1832 = DIRECTION('',(0.,0.,1.));
#1833 = DIRECTION('',(1.,0.,0.));
#1834 = PCURVE('',#951,#1835);
#1835 = DEFINITIONAL_REPRESENTATION('',(#1836),#1840);
#1836 = LINE('',#1837,#1838);
#1837 = CARTESIAN_POINT('',(-0.,0.));
#1838 = VECTOR('',#1839,1.);
#1839 = DIRECTION('',(-1.,0.));
#1840 = ( GEOMETRIC_REPRESENTATION_CONTEXT(2) 
PARAMETRIC_REPRESENTATION_CONTEXT() REPRESENTATION_CONTEXT('2D SPACE',''
  ) );
#1841 = PCURVE('',#43,#1842);
#1842 = DEFINITIONAL_REPRESENTATION('',(#1843),#1847);
#1843 = CIRCLE('',#1844,72.);
#1844 = AXIS2_PLACEMENT_2D('',#1845,#1846);
#1845 = CARTESIAN_POINT('',(3.8380562932E-13,-3.354263843246E-15));
#1846 = DIRECTION('',(1.,0.));
#1847 = ( GEOMETRIC_REPRESENTATION_CONTEXT(2) 
PARAMETRIC_REPRESENTATION_CONTEXT() REPRESENTATION_CONTEXT('2D SPACE',''
  ) );
#1848 = ORIENTED_EDGE('',*,*,#1803,.F.);
#1849 = ORIENTED_EDGE('',*,*,#934,.T.);
#1850 = ORIENTED_EDGE('',*,*,#1851,.T.);
#1851 = EDGE_CURVE('',#907,#1826,#1852,.T.);
#1852 = SURFACE_CURVE('',#1853,(#1857,#1863),.PCURVE_S1.);
#1853 = LINE('',#1854,#1855);
#1854 = CARTESIAN_POINT('',(-33.,63.992187023104,0.));
#1855 = VECTOR('',#1856,1.);
#1856 = DIRECTION('',(-0.,-0.,-1.));
#1857 = PCURVE('',#951,#1858);
#1858 = DEFINITIONAL_REPRESENTATION('',(#1859),#1862);
#1859 = B_SPLINE_CURVE_WITH_KNOTS('',1,(#1860,#1861),.UNSPECIFIED.,.F.,
  .F.,(2,2),(-6.0000006,6.E-07),.PIECEWISE_BEZIER_KNOTS.);
#1860 = CARTESIAN_POINT('',(-2.046915387707,-6.0000006));
#1861 = CARTESIAN_POINT('',(-2.046915387707,6.E-07));
#1862 = ( GEOMETRIC_REPRESENTATION_CONTEXT(2) 
PARAMETRIC_REPRESENTATION_CONTEXT() REPRESENTATION_CONTEXT('2D SPACE',''
  ) );
#1863 = PCURVE('',#922,#1864);
#1864 = DEFINITIONAL_REPRESENTATION('',(#1865),#1868);
#1865 = B_SPLINE_CURVE_WITH_KNOTS('',1,(#1866,#1867),.UNSPECIFIED.,.F.,
  .F.,(2,2),(-6.0000006,6.E-07),.PIECEWISE_BEZIER_KNOTS.);
#1866 = CARTESIAN_POINT('',(6.0000006,-143.9921870231));
#1867 = CARTESIAN_POINT('',(-6.E-07,-143.9921870231));
#1868 = ( GEOMETRIC_REPRESENTATION_CONTEXT(2) 
PARAMETRIC_REPRESENTATION_CONTEXT() REPRESENTATION_CONTEXT('2D SPACE',''
  ) );
#1869 = ADVANCED_FACE('',(#1870),#922,.T.);
#1870 = FACE_BOUND('',#1871,.T.);
#1871 = EDGE_LOOP('',(#1872,#1873,#1894,#1915));
#1872 = ORIENTED_EDGE('',*,*,#906,.F.);
#1873 = ORIENTED_EDGE('',*,*,#1874,.T.);
#1874 = EDGE_CURVE('',#876,#1875,#1877,.T.);
#1875 = VERTEX_POINT('',#1876);
#1876 = CARTESIAN_POINT('',(-33.,-63.9921870231,0.));
#1877 = SURFACE_CURVE('',#1878,(#1882,#1888),.PCURVE_S1.);
#1878 = LINE('',#1879,#1880);
#1879 = CARTESIAN_POINT('',(-33.,-63.9921870231,0.));
#1880 = VECTOR('',#1881,1.);
#1881 = DIRECTION('',(-0.,-0.,-1.));
#1882 = PCURVE('',#922,#1883);
#1883 = DEFINITIONAL_REPRESENTATION('',(#1884),#1887);
#1884 = B_SPLINE_CURVE_WITH_KNOTS('',1,(#1885,#1886),.UNSPECIFIED.,.F.,
  .F.,(2,2),(-6.0000006,6.E-07),.PIECEWISE_BEZIER_KNOTS.);
#1885 = CARTESIAN_POINT('',(6.0000006,-16.00781297689));
#1886 = CARTESIAN_POINT('',(-6.E-07,-16.00781297689));
#1887 = ( GEOMETRIC_REPRESENTATION_CONTEXT(2) 
PARAMETRIC_REPRESENTATION_CONTEXT() REPRESENTATION_CONTEXT('2D SPACE',''
  ) );
#1888 = PCURVE('',#894,#1889);
#1889 = DEFINITIONAL_REPRESENTATION('',(#1890),#1893);
#1890 = B_SPLINE_CURVE_WITH_KNOTS('',1,(#1891,#1892),.UNSPECIFIED.,.F.,
  .F.,(2,2),(-6.0000006,6.E-07),.PIECEWISE_BEZIER_KNOTS.);
#1891 = CARTESIAN_POINT('',(-4.236269919473,-6.0000006));
#1892 = CARTESIAN_POINT('',(-4.236269919473,6.E-07));
#1893 = ( GEOMETRIC_REPRESENTATION_CONTEXT(2) 
PARAMETRIC_REPRESENTATION_CONTEXT() REPRESENTATION_CONTEXT('2D SPACE',''
  ) );
#1894 = ORIENTED_EDGE('',*,*,#1895,.T.);
#1895 = EDGE_CURVE('',#1875,#1826,#1896,.T.);
#1896 = SURFACE_CURVE('',#1897,(#1901,#1908),.PCURVE_S1.);
#1897 = LINE('',#1898,#1899);
#1898 = CARTESIAN_POINT('',(-33.,-80.,0.));
#1899 = VECTOR('',#1900,1.);
#1900 = DIRECTION('',(0.,1.,0.));
#1901 = PCURVE('',#922,#1902);
#1902 = DEFINITIONAL_REPRESENTATION('',(#1903),#1907);
#1903 = LINE('',#1904,#1905);
#1904 = CARTESIAN_POINT('',(0.,0.));
#1905 = VECTOR('',#1906,1.);
#1906 = DIRECTION('',(0.,-1.));
#1907 = ( GEOMETRIC_REPRESENTATION_CONTEXT(2) 
PARAMETRIC_REPRESENTATION_CONTEXT() REPRESENTATION_CONTEXT('2D SPACE',''
  ) );
#1908 = PCURVE('',#43,#1909);
#1909 = DEFINITIONAL_REPRESENTATION('',(#1910),#1914);
#1910 = LINE('',#1911,#1912);
#1911 = CARTESIAN_POINT('',(-33.,-80.));
#1912 = VECTOR('',#1913,1.);
#1913 = DIRECTION('',(0.,1.));
#1914 = ( GEOMETRIC_REPRESENTATION_CONTEXT(2) 
PARAMETRIC_REPRESENTATION_CONTEXT() REPRESENTATION_CONTEXT('2D SPACE',''
  ) );
#1915 = ORIENTED_EDGE('',*,*,#1851,.F.);
#1916 = ADVANCED_FACE('',(#1917),#894,.F.);
#1917 = FACE_BOUND('',#1918,.T.);
#1918 = EDGE_LOOP('',(#1919,#1920,#1942,#1943));
#1919 = ORIENTED_EDGE('',*,*,#1759,.T.);
#1920 = ORIENTED_EDGE('',*,*,#1921,.F.);
#1921 = EDGE_CURVE('',#1875,#1760,#1922,.T.);
#1922 = SURFACE_CURVE('',#1923,(#1928,#1935),.PCURVE_S1.);
#1923 = CIRCLE('',#1924,72.);
#1924 = AXIS2_PLACEMENT_3D('',#1925,#1926,#1927);
#1925 = CARTESIAN_POINT('',(3.794298208959E-13,2.13162820728E-15,0.));
#1926 = DIRECTION('',(0.,0.,1.));
#1927 = DIRECTION('',(1.,0.,0.));
#1928 = PCURVE('',#894,#1929);
#1929 = DEFINITIONAL_REPRESENTATION('',(#1930),#1934);
#1930 = LINE('',#1931,#1932);
#1931 = CARTESIAN_POINT('',(-0.,0.));
#1932 = VECTOR('',#1933,1.);
#1933 = DIRECTION('',(-1.,0.));
#1934 = ( GEOMETRIC_REPRESENTATION_CONTEXT(2) 
PARAMETRIC_REPRESENTATION_CONTEXT() REPRESENTATION_CONTEXT('2D SPACE',''
  ) );
#1935 = PCURVE('',#43,#1936);
#1936 = DEFINITIONAL_REPRESENTATION('',(#1937),#1941);
#1937 = CIRCLE('',#1938,72.);
#1938 = AXIS2_PLACEMENT_2D('',#1939,#1940);
#1939 = CARTESIAN_POINT('',(3.8380562932E-13,-3.354263843246E-15));
#1940 = DIRECTION('',(1.,0.));
#1941 = ( GEOMETRIC_REPRESENTATION_CONTEXT(2) 
PARAMETRIC_REPRESENTATION_CONTEXT() REPRESENTATION_CONTEXT('2D SPACE',''
  ) );
#1942 = ORIENTED_EDGE('',*,*,#1874,.F.);
#1943 = ORIENTED_EDGE('',*,*,#875,.T.);
#1944 = ADVANCED_FACE('',(#1945),#861,.F.);
#1945 = FACE_BOUND('',#1946,.F.);
#1946 = EDGE_LOOP('',(#1947,#1948,#1969,#1992));
#1947 = ORIENTED_EDGE('',*,*,#847,.F.);
#1948 = ORIENTED_EDGE('',*,*,#1949,.T.);
#1949 = EDGE_CURVE('',#762,#1950,#1952,.T.);
#1950 = VERTEX_POINT('',#1951);
#1951 = CARTESIAN_POINT('',(-9.,-71.43528539874,0.));
#1952 = SURFACE_CURVE('',#1953,(#1957,#1963),.PCURVE_S1.);
#1953 = LINE('',#1954,#1955);
#1954 = CARTESIAN_POINT('',(-9.,-71.43528539874,0.));
#1955 = VECTOR('',#1956,1.);
#1956 = DIRECTION('',(-0.,-0.,-1.));
#1957 = PCURVE('',#861,#1958);
#1958 = DEFINITIONAL_REPRESENTATION('',(#1959),#1962);
#1959 = B_SPLINE_CURVE_WITH_KNOTS('',1,(#1960,#1961),.UNSPECIFIED.,.F.,
  .F.,(2,2),(-6.0000006,6.E-07),.PIECEWISE_BEZIER_KNOTS.);
#1960 = CARTESIAN_POINT('',(6.0000006,-8.564714601256));
#1961 = CARTESIAN_POINT('',(-6.E-07,-8.564714601256));
#1962 = ( GEOMETRIC_REPRESENTATION_CONTEXT(2) 
PARAMETRIC_REPRESENTATION_CONTEXT() REPRESENTATION_CONTEXT('2D SPACE',''
  ) );
#1963 = PCURVE('',#778,#1964);
#1964 = DEFINITIONAL_REPRESENTATION('',(#1965),#1968);
#1965 = B_SPLINE_CURVE_WITH_KNOTS('',1,(#1966,#1967),.UNSPECIFIED.,.F.,
  .F.,(2,2),(-6.0000006,6.E-07),.PIECEWISE_BEZIER_KNOTS.);
#1966 = CARTESIAN_POINT('',(-4.587061149217,-6.0000006));
#1967 = CARTESIAN_POINT('',(-4.587061149217,6.E-07));
#1968 = ( GEOMETRIC_REPRESENTATION_CONTEXT(2) 
PARAMETRIC_REPRESENTATION_CONTEXT() REPRESENTATION_CONTEXT('2D SPACE',''
  ) );
#1969 = ORIENTED_EDGE('',*,*,#1970,.T.);
#1970 = EDGE_CURVE('',#1950,#1971,#1973,.T.);
#1971 = VERTEX_POINT('',#1972);
#1972 = CARTESIAN_POINT('',(-9.,71.435285398744,0.));
#1973 = SURFACE_CURVE('',#1974,(#1978,#1985),.PCURVE_S1.);
#1974 = LINE('',#1975,#1976);
#1975 = CARTESIAN_POINT('',(-9.,-80.,0.));
#1976 = VECTOR('',#1977,1.);
#1977 = DIRECTION('',(0.,1.,0.));
#1978 = PCURVE('',#861,#1979);
#1979 = DEFINITIONAL_REPRESENTATION('',(#1980),#1984);
#1980 = LINE('',#1981,#1982);
#1981 = CARTESIAN_POINT('',(0.,0.));
#1982 = VECTOR('',#1983,1.);
#1983 = DIRECTION('',(0.,-1.));
#1984 = ( GEOMETRIC_REPRESENTATION_CONTEXT(2) 
PARAMETRIC_REPRESENTATION_CONTEXT() REPRESENTATION_CONTEXT('2D SPACE',''
  ) );
#1985 = PCURVE('',#43,#1986);
#1986 = DEFINITIONAL_REPRESENTATION('',(#1987),#1991);
#1987 = LINE('',#1988,#1989);
#1988 = CARTESIAN_POINT('',(-9.,-80.));
#1989 = VECTOR('',#1990,1.);
#1990 = DIRECTION('',(0.,1.));
#1991 = ( GEOMETRIC_REPRESENTATION_CONTEXT(2) 
PARAMETRIC_REPRESENTATION_CONTEXT() REPRESENTATION_CONTEXT('2D SPACE',''
  ) );
#1992 = ORIENTED_EDGE('',*,*,#1993,.F.);
#1993 = EDGE_CURVE('',#819,#1971,#1994,.T.);
#1994 = SURFACE_CURVE('',#1995,(#1999,#2005),.PCURVE_S1.);
#1995 = LINE('',#1996,#1997);
#1996 = CARTESIAN_POINT('',(-9.,71.435285398744,0.));
#1997 = VECTOR('',#1998,1.);
#1998 = DIRECTION('',(-0.,-0.,-1.));
#1999 = PCURVE('',#861,#2000);
#2000 = DEFINITIONAL_REPRESENTATION('',(#2001),#2004);
#2001 = B_SPLINE_CURVE_WITH_KNOTS('',1,(#2002,#2003),.UNSPECIFIED.,.F.,
  .F.,(2,2),(-6.0000006,6.E-07),.PIECEWISE_BEZIER_KNOTS.);
#2002 = CARTESIAN_POINT('',(6.0000006,-151.4352853987));
#2003 = CARTESIAN_POINT('',(-6.E-07,-151.4352853987));
#2004 = ( GEOMETRIC_REPRESENTATION_CONTEXT(2) 
PARAMETRIC_REPRESENTATION_CONTEXT() REPRESENTATION_CONTEXT('2D SPACE',''
  ) );
#2005 = PCURVE('',#835,#2006);
#2006 = DEFINITIONAL_REPRESENTATION('',(#2007),#2010);
#2007 = B_SPLINE_CURVE_WITH_KNOTS('',1,(#2008,#2009),.UNSPECIFIED.,.F.,
  .F.,(2,2),(-6.0000006,6.E-07),.PIECEWISE_BEZIER_KNOTS.);
#2008 = CARTESIAN_POINT('',(-1.696124157963,-6.0000006));
#2009 = CARTESIAN_POINT('',(-1.696124157963,6.E-07));
#2010 = ( GEOMETRIC_REPRESENTATION_CONTEXT(2) 
PARAMETRIC_REPRESENTATION_CONTEXT() REPRESENTATION_CONTEXT('2D SPACE',''
  ) );
#2011 = ADVANCED_FACE('',(#2012),#835,.F.);
#2012 = FACE_BOUND('',#2013,.T.);
#2013 = EDGE_LOOP('',(#2014,#2038,#2039,#2040));
#2014 = ORIENTED_EDGE('',*,*,#2015,.F.);
#2015 = EDGE_CURVE('',#1971,#2016,#2018,.T.);
#2016 = VERTEX_POINT('',#2017);
#2017 = CARTESIAN_POINT('',(-18.99999999999,69.447822140079,0.));
#2018 = SURFACE_CURVE('',#2019,(#2024,#2031),.PCURVE_S1.);
#2019 = CIRCLE('',#2020,72.);
#2020 = AXIS2_PLACEMENT_3D('',#2021,#2022,#2023);
#2021 = CARTESIAN_POINT('',(3.794298208959E-13,2.13162820728E-15,0.));
#2022 = DIRECTION('',(0.,0.,1.));
#2023 = DIRECTION('',(1.,0.,0.));
#2024 = PCURVE('',#835,#2025);
#2025 = DEFINITIONAL_REPRESENTATION('',(#2026),#2030);
#2026 = LINE('',#2027,#2028);
#2027 = CARTESIAN_POINT('',(-0.,0.));
#2028 = VECTOR('',#2029,1.);
#2029 = DIRECTION('',(-1.,0.));
#2030 = ( GEOMETRIC_REPRESENTATION_CONTEXT(2) 
PARAMETRIC_REPRESENTATION_CONTEXT() REPRESENTATION_CONTEXT('2D SPACE',''
  ) );
#2031 = PCURVE('',#43,#2032);
#2032 = DEFINITIONAL_REPRESENTATION('',(#2033),#2037);
#2033 = CIRCLE('',#2034,72.);
#2034 = AXIS2_PLACEMENT_2D('',#2035,#2036);
#2035 = CARTESIAN_POINT('',(3.8380562932E-13,-3.354263843246E-15));
#2036 = DIRECTION('',(1.,0.));
#2037 = ( GEOMETRIC_REPRESENTATION_CONTEXT(2) 
PARAMETRIC_REPRESENTATION_CONTEXT() REPRESENTATION_CONTEXT('2D SPACE',''
  ) );
#2038 = ORIENTED_EDGE('',*,*,#1993,.F.);
#2039 = ORIENTED_EDGE('',*,*,#818,.T.);
#2040 = ORIENTED_EDGE('',*,*,#2041,.T.);
#2041 = EDGE_CURVE('',#791,#2016,#2042,.T.);
#2042 = SURFACE_CURVE('',#2043,(#2047,#2053),.PCURVE_S1.);
#2043 = LINE('',#2044,#2045);
#2044 = CARTESIAN_POINT('',(-19.,69.447822140079,0.));
#2045 = VECTOR('',#2046,1.);
#2046 = DIRECTION('',(-0.,-0.,-1.));
#2047 = PCURVE('',#835,#2048);
#2048 = DEFINITIONAL_REPRESENTATION('',(#2049),#2052);
#2049 = B_SPLINE_CURVE_WITH_KNOTS('',1,(#2050,#2051),.UNSPECIFIED.,.F.,
  .F.,(2,2),(-6.0000006,6.E-07),.PIECEWISE_BEZIER_KNOTS.);
#2050 = CARTESIAN_POINT('',(-1.83784812331,-6.0000006));
#2051 = CARTESIAN_POINT('',(-1.83784812331,6.E-07));
#2052 = ( GEOMETRIC_REPRESENTATION_CONTEXT(2) 
PARAMETRIC_REPRESENTATION_CONTEXT() REPRESENTATION_CONTEXT('2D SPACE',''
  ) );
#2053 = PCURVE('',#806,#2054);
#2054 = DEFINITIONAL_REPRESENTATION('',(#2055),#2058);
#2055 = B_SPLINE_CURVE_WITH_KNOTS('',1,(#2056,#2057),.UNSPECIFIED.,.F.,
  .F.,(2,2),(-6.0000006,6.E-07),.PIECEWISE_BEZIER_KNOTS.);
#2056 = CARTESIAN_POINT('',(6.0000006,-149.44782214));
#2057 = CARTESIAN_POINT('',(-6.E-07,-149.44782214));
#2058 = ( GEOMETRIC_REPRESENTATION_CONTEXT(2) 
PARAMETRIC_REPRESENTATION_CONTEXT() REPRESENTATION_CONTEXT('2D SPACE',''
  ) );
#2059 = ADVANCED_FACE('',(#2060),#806,.T.);
#2060 = FACE_BOUND('',#2061,.T.);
#2061 = EDGE_LOOP('',(#2062,#2063,#2084,#2105));
#2062 = ORIENTED_EDGE('',*,*,#790,.F.);
#2063 = ORIENTED_EDGE('',*,*,#2064,.T.);
#2064 = EDGE_CURVE('',#760,#2065,#2067,.T.);
#2065 = VERTEX_POINT('',#2066);
#2066 = CARTESIAN_POINT('',(-18.99999999999,-69.44782214007,0.));
#2067 = SURFACE_CURVE('',#2068,(#2072,#2078),.PCURVE_S1.);
#2068 = LINE('',#2069,#2070);
#2069 = CARTESIAN_POINT('',(-19.,-69.44782214007,0.));
#2070 = VECTOR('',#2071,1.);
#2071 = DIRECTION('',(-0.,-0.,-1.));
#2072 = PCURVE('',#806,#2073);
#2073 = DEFINITIONAL_REPRESENTATION('',(#2074),#2077);
#2074 = B_SPLINE_CURVE_WITH_KNOTS('',1,(#2075,#2076),.UNSPECIFIED.,.F.,
  .F.,(2,2),(-6.0000006,6.E-07),.PIECEWISE_BEZIER_KNOTS.);
#2075 = CARTESIAN_POINT('',(6.0000006,-10.55217785992));
#2076 = CARTESIAN_POINT('',(-6.E-07,-10.55217785992));
#2077 = ( GEOMETRIC_REPRESENTATION_CONTEXT(2) 
PARAMETRIC_REPRESENTATION_CONTEXT() REPRESENTATION_CONTEXT('2D SPACE',''
  ) );
#2078 = PCURVE('',#778,#2079);
#2079 = DEFINITIONAL_REPRESENTATION('',(#2080),#2083);
#2080 = B_SPLINE_CURVE_WITH_KNOTS('',1,(#2081,#2082),.UNSPECIFIED.,.F.,
  .F.,(2,2),(-6.0000006,6.E-07),.PIECEWISE_BEZIER_KNOTS.);
#2081 = CARTESIAN_POINT('',(-4.445337183869,-6.0000006));
#2082 = CARTESIAN_POINT('',(-4.445337183869,6.E-07));
#2083 = ( GEOMETRIC_REPRESENTATION_CONTEXT(2) 
PARAMETRIC_REPRESENTATION_CONTEXT() REPRESENTATION_CONTEXT('2D SPACE',''
  ) );
#2084 = ORIENTED_EDGE('',*,*,#2085,.T.);
#2085 = EDGE_CURVE('',#2065,#2016,#2086,.T.);
#2086 = SURFACE_CURVE('',#2087,(#2091,#2098),.PCURVE_S1.);
#2087 = LINE('',#2088,#2089);
#2088 = CARTESIAN_POINT('',(-19.,-80.,0.));
#2089 = VECTOR('',#2090,1.);
#2090 = DIRECTION('',(0.,1.,0.));
#2091 = PCURVE('',#806,#2092);
#2092 = DEFINITIONAL_REPRESENTATION('',(#2093),#2097);
#2093 = LINE('',#2094,#2095);
#2094 = CARTESIAN_POINT('',(0.,0.));
#2095 = VECTOR('',#2096,1.);
#2096 = DIRECTION('',(0.,-1.));
#2097 = ( GEOMETRIC_REPRESENTATION_CONTEXT(2) 
PARAMETRIC_REPRESENTATION_CONTEXT() REPRESENTATION_CONTEXT('2D SPACE',''
  ) );
#2098 = PCURVE('',#43,#2099);
#2099 = DEFINITIONAL_REPRESENTATION('',(#2100),#2104);
#2100 = LINE('',#2101,#2102);
#2101 = CARTESIAN_POINT('',(-19.,-80.));
#2102 = VECTOR('',#2103,1.);
#2103 = DIRECTION('',(0.,1.));
#2104 = ( GEOMETRIC_REPRESENTATION_CONTEXT(2) 
PARAMETRIC_REPRESENTATION_CONTEXT() REPRESENTATION_CONTEXT('2D SPACE',''
  ) );
#2105 = ORIENTED_EDGE('',*,*,#2041,.F.);
#2106 = ADVANCED_FACE('',(#2107),#778,.F.);
#2107 = FACE_BOUND('',#2108,.T.);
#2108 = EDGE_LOOP('',(#2109,#2110,#2132,#2133));
#2109 = ORIENTED_EDGE('',*,*,#1949,.T.);
#2110 = ORIENTED_EDGE('',*,*,#2111,.F.);
#2111 = EDGE_CURVE('',#2065,#1950,#2112,.T.);
#2112 = SURFACE_CURVE('',#2113,(#2118,#2125),.PCURVE_S1.);
#2113 = CIRCLE('',#2114,72.);
#2114 = AXIS2_PLACEMENT_3D('',#2115,#2116,#2117);
#2115 = CARTESIAN_POINT('',(3.794298208959E-13,2.13162820728E-15,0.));
#2116 = DIRECTION('',(0.,0.,1.));
#2117 = DIRECTION('',(1.,0.,0.));
#2118 = PCURVE('',#778,#2119);
#2119 = DEFINITIONAL_REPRESENTATION('',(#2120),#2124);
#2120 = LINE('',#2121,#2122);
#2121 = CARTESIAN_POINT('',(-0.,0.));
#2122 = VECTOR('',#2123,1.);
#2123 = DIRECTION('',(-1.,0.));
#2124 = ( GEOMETRIC_REPRESENTATION_CONTEXT(2) 
PARAMETRIC_REPRESENTATION_CONTEXT() REPRESENTATION_CONTEXT('2D SPACE',''
  ) );
#2125 = PCURVE('',#43,#2126);
#2126 = DEFINITIONAL_REPRESENTATION('',(#2127),#2131);
#2127 = CIRCLE('',#2128,72.);
#2128 = AXIS2_PLACEMENT_2D('',#2129,#2130);
#2129 = CARTESIAN_POINT('',(3.8380562932E-13,-3.354263843246E-15));
#2130 = DIRECTION('',(1.,0.));
#2131 = ( GEOMETRIC_REPRESENTATION_CONTEXT(2) 
PARAMETRIC_REPRESENTATION_CONTEXT() REPRESENTATION_CONTEXT('2D SPACE',''
  ) );
#2132 = ORIENTED_EDGE('',*,*,#2064,.F.);
#2133 = ORIENTED_EDGE('',*,*,#759,.T.);
#2134 = ADVANCED_FACE('',(#2135),#745,.F.);
#2135 = FACE_BOUND('',#2136,.F.);
#2136 = EDGE_LOOP('',(#2137,#2138,#2159,#2182));
#2137 = ORIENTED_EDGE('',*,*,#731,.F.);
#2138 = ORIENTED_EDGE('',*,*,#2139,.T.);
#2139 = EDGE_CURVE('',#646,#2140,#2142,.T.);
#2140 = VERTEX_POINT('',#2141);
#2141 = CARTESIAN_POINT('',(5.000000000001,-71.82617907142,0.));
#2142 = SURFACE_CURVE('',#2143,(#2147,#2153),.PCURVE_S1.);
#2143 = LINE('',#2144,#2145);
#2144 = CARTESIAN_POINT('',(5.,-71.82617907142,0.));
#2145 = VECTOR('',#2146,1.);
#2146 = DIRECTION('',(-0.,-0.,-1.));
#2147 = PCURVE('',#745,#2148);
#2148 = DEFINITIONAL_REPRESENTATION('',(#2149),#2152);
#2149 = B_SPLINE_CURVE_WITH_KNOTS('',1,(#2150,#2151),.UNSPECIFIED.,.F.,
  .F.,(2,2),(-6.0000006,6.E-07),.PIECEWISE_BEZIER_KNOTS.);
#2150 = CARTESIAN_POINT('',(6.0000006,-8.173820928578));
#2151 = CARTESIAN_POINT('',(-6.E-07,-8.173820928578));
#2152 = ( GEOMETRIC_REPRESENTATION_CONTEXT(2) 
PARAMETRIC_REPRESENTATION_CONTEXT() REPRESENTATION_CONTEXT('2D SPACE',''
  ) );
#2153 = PCURVE('',#662,#2154);
#2154 = DEFINITIONAL_REPRESENTATION('',(#2155),#2158);
#2155 = B_SPLINE_CURVE_WITH_KNOTS('',1,(#2156,#2157),.UNSPECIFIED.,.F.,
  .F.,(2,2),(-6.0000006,6.E-07),.PIECEWISE_BEZIER_KNOTS.);
#2156 = CARTESIAN_POINT('',(-4.781889362637,-6.0000006));
#2157 = CARTESIAN_POINT('',(-4.781889362637,6.E-07));
#2158 = ( GEOMETRIC_REPRESENTATION_CONTEXT(2) 
PARAMETRIC_REPRESENTATION_CONTEXT() REPRESENTATION_CONTEXT('2D SPACE',''
  ) );
#2159 = ORIENTED_EDGE('',*,*,#2160,.T.);
#2160 = EDGE_CURVE('',#2140,#2161,#2163,.T.);
#2161 = VERTEX_POINT('',#2162);
#2162 = CARTESIAN_POINT('',(5.000000000001,71.826179071422,0.));
#2163 = SURFACE_CURVE('',#2164,(#2168,#2175),.PCURVE_S1.);
#2164 = LINE('',#2165,#2166);
#2165 = CARTESIAN_POINT('',(5.,-80.,0.));
#2166 = VECTOR('',#2167,1.);
#2167 = DIRECTION('',(0.,1.,0.));
#2168 = PCURVE('',#745,#2169);
#2169 = DEFINITIONAL_REPRESENTATION('',(#2170),#2174);
#2170 = LINE('',#2171,#2172);
#2171 = CARTESIAN_POINT('',(0.,0.));
#2172 = VECTOR('',#2173,1.);
#2173 = DIRECTION('',(0.,-1.));
#2174 = ( GEOMETRIC_REPRESENTATION_CONTEXT(2) 
PARAMETRIC_REPRESENTATION_CONTEXT() REPRESENTATION_CONTEXT('2D SPACE',''
  ) );
#2175 = PCURVE('',#43,#2176);
#2176 = DEFINITIONAL_REPRESENTATION('',(#2177),#2181);
#2177 = LINE('',#2178,#2179);
#2178 = CARTESIAN_POINT('',(5.,-80.));
#2179 = VECTOR('',#2180,1.);
#2180 = DIRECTION('',(0.,1.));
#2181 = ( GEOMETRIC_REPRESENTATION_CONTEXT(2) 
PARAMETRIC_REPRESENTATION_CONTEXT() REPRESENTATION_CONTEXT('2D SPACE',''
  ) );
#2182 = ORIENTED_EDGE('',*,*,#2183,.F.);
#2183 = EDGE_CURVE('',#703,#2161,#2184,.T.);
#2184 = SURFACE_CURVE('',#2185,(#2189,#2195),.PCURVE_S1.);
#2185 = LINE('',#2186,#2187);
#2186 = CARTESIAN_POINT('',(5.,71.826179071422,0.));
#2187 = VECTOR('',#2188,1.);
#2188 = DIRECTION('',(-0.,-0.,-1.));
#2189 = PCURVE('',#745,#2190);
#2190 = DEFINITIONAL_REPRESENTATION('',(#2191),#2194);
#2191 = B_SPLINE_CURVE_WITH_KNOTS('',1,(#2192,#2193),.UNSPECIFIED.,.F.,
  .F.,(2,2),(-6.0000006,6.E-07),.PIECEWISE_BEZIER_KNOTS.);
#2192 = CARTESIAN_POINT('',(6.0000006,-151.8261790714));
#2193 = CARTESIAN_POINT('',(-6.E-07,-151.8261790714));
#2194 = ( GEOMETRIC_REPRESENTATION_CONTEXT(2) 
PARAMETRIC_REPRESENTATION_CONTEXT() REPRESENTATION_CONTEXT('2D SPACE',''
  ) );
#2195 = PCURVE('',#719,#2196);
#2196 = DEFINITIONAL_REPRESENTATION('',(#2197),#2200);
#2197 = B_SPLINE_CURVE_WITH_KNOTS('',1,(#2198,#2199),.UNSPECIFIED.,.F.,
  .F.,(2,2),(-6.0000006,6.E-07),.PIECEWISE_BEZIER_KNOTS.);
#2198 = CARTESIAN_POINT('',(-1.501295944543,-6.0000006));
#2199 = CARTESIAN_POINT('',(-1.501295944543,6.E-07));
#2200 = ( GEOMETRIC_REPRESENTATION_CONTEXT(2) 
PARAMETRIC_REPRESENTATION_CONTEXT() REPRESENTATION_CONTEXT('2D SPACE',''
  ) );
#2201 = ADVANCED_FACE('',(#2202),#719,.F.);
#2202 = FACE_BOUND('',#2203,.T.);
#2203 = EDGE_LOOP('',(#2204,#2228,#2229,#2230));
#2204 = ORIENTED_EDGE('',*,*,#2205,.F.);
#2205 = EDGE_CURVE('',#2161,#2206,#2208,.T.);
#2206 = VERTEX_POINT('',#2207);
#2207 = CARTESIAN_POINT('',(-5.000000000001,71.826179071422,0.));
#2208 = SURFACE_CURVE('',#2209,(#2214,#2221),.PCURVE_S1.);
#2209 = CIRCLE('',#2210,72.);
#2210 = AXIS2_PLACEMENT_3D('',#2211,#2212,#2213);
#2211 = CARTESIAN_POINT('',(3.794298208959E-13,2.13162820728E-15,0.));
#2212 = DIRECTION('',(0.,0.,1.));
#2213 = DIRECTION('',(1.,0.,0.));
#2214 = PCURVE('',#719,#2215);
#2215 = DEFINITIONAL_REPRESENTATION('',(#2216),#2220);
#2216 = LINE('',#2217,#2218);
#2217 = CARTESIAN_POINT('',(-0.,0.));
#2218 = VECTOR('',#2219,1.);
#2219 = DIRECTION('',(-1.,0.));
#2220 = ( GEOMETRIC_REPRESENTATION_CONTEXT(2) 
PARAMETRIC_REPRESENTATION_CONTEXT() REPRESENTATION_CONTEXT('2D SPACE',''
  ) );
#2221 = PCURVE('',#43,#2222);
#2222 = DEFINITIONAL_REPRESENTATION('',(#2223),#2227);
#2223 = CIRCLE('',#2224,72.);
#2224 = AXIS2_PLACEMENT_2D('',#2225,#2226);
#2225 = CARTESIAN_POINT('',(3.8380562932E-13,-3.354263843246E-15));
#2226 = DIRECTION('',(1.,0.));
#2227 = ( GEOMETRIC_REPRESENTATION_CONTEXT(2) 
PARAMETRIC_REPRESENTATION_CONTEXT() REPRESENTATION_CONTEXT('2D SPACE',''
  ) );
#2228 = ORIENTED_EDGE('',*,*,#2183,.F.);
#2229 = ORIENTED_EDGE('',*,*,#702,.T.);
#2230 = ORIENTED_EDGE('',*,*,#2231,.T.);
#2231 = EDGE_CURVE('',#675,#2206,#2232,.T.);
#2232 = SURFACE_CURVE('',#2233,(#2237,#2243),.PCURVE_S1.);
#2233 = LINE('',#2234,#2235);
#2234 = CARTESIAN_POINT('',(-5.,71.826179071422,0.));
#2235 = VECTOR('',#2236,1.);
#2236 = DIRECTION('',(-0.,-0.,-1.));
#2237 = PCURVE('',#719,#2238);
#2238 = DEFINITIONAL_REPRESENTATION('',(#2239),#2242);
#2239 = B_SPLINE_CURVE_WITH_KNOTS('',1,(#2240,#2241),.UNSPECIFIED.,.F.,
  .F.,(2,2),(-6.0000006,6.E-07),.PIECEWISE_BEZIER_KNOTS.);
#2240 = CARTESIAN_POINT('',(-1.640296709047,-6.0000006));
#2241 = CARTESIAN_POINT('',(-1.640296709047,6.E-07));
#2242 = ( GEOMETRIC_REPRESENTATION_CONTEXT(2) 
PARAMETRIC_REPRESENTATION_CONTEXT() REPRESENTATION_CONTEXT('2D SPACE',''
  ) );
#2243 = PCURVE('',#690,#2244);
#2244 = DEFINITIONAL_REPRESENTATION('',(#2245),#2248);
#2245 = B_SPLINE_CURVE_WITH_KNOTS('',1,(#2246,#2247),.UNSPECIFIED.,.F.,
  .F.,(2,2),(-6.0000006,6.E-07),.PIECEWISE_BEZIER_KNOTS.);
#2246 = CARTESIAN_POINT('',(6.0000006,-151.8261790714));
#2247 = CARTESIAN_POINT('',(-6.E-07,-151.8261790714));
#2248 = ( GEOMETRIC_REPRESENTATION_CONTEXT(2) 
PARAMETRIC_REPRESENTATION_CONTEXT() REPRESENTATION_CONTEXT('2D SPACE',''
  ) );
#2249 = ADVANCED_FACE('',(#2250),#690,.T.);
#2250 = FACE_BOUND('',#2251,.T.);
#2251 = EDGE_LOOP('',(#2252,#2253,#2274,#2295));
#2252 = ORIENTED_EDGE('',*,*,#674,.F.);
#2253 = ORIENTED_EDGE('',*,*,#2254,.T.);
#2254 = EDGE_CURVE('',#644,#2255,#2257,.T.);
#2255 = VERTEX_POINT('',#2256);
#2256 = CARTESIAN_POINT('',(-5.000000000001,-71.82617907142,0.));
#2257 = SURFACE_CURVE('',#2258,(#2262,#2268),.PCURVE_S1.);
#2258 = LINE('',#2259,#2260);
#2259 = CARTESIAN_POINT('',(-5.,-71.82617907142,0.));
#2260 = VECTOR('',#2261,1.);
#2261 = DIRECTION('',(-0.,-0.,-1.));
#2262 = PCURVE('',#690,#2263);
#2263 = DEFINITIONAL_REPRESENTATION('',(#2264),#2267);
#2264 = B_SPLINE_CURVE_WITH_KNOTS('',1,(#2265,#2266),.UNSPECIFIED.,.F.,
  .F.,(2,2),(-6.0000006,6.E-07),.PIECEWISE_BEZIER_KNOTS.);
#2265 = CARTESIAN_POINT('',(6.0000006,-8.173820928578));
#2266 = CARTESIAN_POINT('',(-6.E-07,-8.173820928578));
#2267 = ( GEOMETRIC_REPRESENTATION_CONTEXT(2) 
PARAMETRIC_REPRESENTATION_CONTEXT() REPRESENTATION_CONTEXT('2D SPACE',''
  ) );
#2268 = PCURVE('',#662,#2269);
#2269 = DEFINITIONAL_REPRESENTATION('',(#2270),#2273);
#2270 = B_SPLINE_CURVE_WITH_KNOTS('',1,(#2271,#2272),.UNSPECIFIED.,.F.,
  .F.,(2,2),(-6.0000006,6.E-07),.PIECEWISE_BEZIER_KNOTS.);
#2271 = CARTESIAN_POINT('',(-4.642888598133,-6.0000006));
#2272 = CARTESIAN_POINT('',(-4.642888598133,6.E-07));
#2273 = ( GEOMETRIC_REPRESENTATION_CONTEXT(2) 
PARAMETRIC_REPRESENTATION_CONTEXT() REPRESENTATION_CONTEXT('2D SPACE',''
  ) );
#2274 = ORIENTED_EDGE('',*,*,#2275,.T.);
#2275 = EDGE_CURVE('',#2255,#2206,#2276,.T.);
#2276 = SURFACE_CURVE('',#2277,(#2281,#2288),.PCURVE_S1.);
#2277 = LINE('',#2278,#2279);
#2278 = CARTESIAN_POINT('',(-5.,-80.,0.));
#2279 = VECTOR('',#2280,1.);
#2280 = DIRECTION('',(0.,1.,0.));
#2281 = PCURVE('',#690,#2282);
#2282 = DEFINITIONAL_REPRESENTATION('',(#2283),#2287);
#2283 = LINE('',#2284,#2285);
#2284 = CARTESIAN_POINT('',(0.,0.));
#2285 = VECTOR('',#2286,1.);
#2286 = DIRECTION('',(0.,-1.));
#2287 = ( GEOMETRIC_REPRESENTATION_CONTEXT(2) 
PARAMETRIC_REPRESENTATION_CONTEXT() REPRESENTATION_CONTEXT('2D SPACE',''
  ) );
#2288 = PCURVE('',#43,#2289);
#2289 = DEFINITIONAL_REPRESENTATION('',(#2290),#2294);
#2290 = LINE('',#2291,#2292);
#2291 = CARTESIAN_POINT('',(-5.,-80.));
#2292 = VECTOR('',#2293,1.);
#2293 = DIRECTION('',(0.,1.));
#2294 = ( GEOMETRIC_REPRESENTATION_CONTEXT(2) 
PARAMETRIC_REPRESENTATION_CONTEXT() REPRESENTATION_CONTEXT('2D SPACE',''
  ) );
#2295 = ORIENTED_EDGE('',*,*,#2231,.F.);
#2296 = ADVANCED_FACE('',(#2297),#662,.F.);
#2297 = FACE_BOUND('',#2298,.T.);
#2298 = EDGE_LOOP('',(#2299,#2300,#2322,#2323));
#2299 = ORIENTED_EDGE('',*,*,#2139,.T.);
#2300 = ORIENTED_EDGE('',*,*,#2301,.F.);
#2301 = EDGE_CURVE('',#2255,#2140,#2302,.T.);
#2302 = SURFACE_CURVE('',#2303,(#2308,#2315),.PCURVE_S1.);
#2303 = CIRCLE('',#2304,72.);
#2304 = AXIS2_PLACEMENT_3D('',#2305,#2306,#2307);
#2305 = CARTESIAN_POINT('',(3.794298208959E-13,2.13162820728E-15,0.));
#2306 = DIRECTION('',(0.,0.,1.));
#2307 = DIRECTION('',(1.,0.,0.));
#2308 = PCURVE('',#662,#2309);
#2309 = DEFINITIONAL_REPRESENTATION('',(#2310),#2314);
#2310 = LINE('',#2311,#2312);
#2311 = CARTESIAN_POINT('',(-0.,0.));
#2312 = VECTOR('',#2313,1.);
#2313 = DIRECTION('',(-1.,0.));
#2314 = ( GEOMETRIC_REPRESENTATION_CONTEXT(2) 
PARAMETRIC_REPRESENTATION_CONTEXT() REPRESENTATION_CONTEXT('2D SPACE',''
  ) );
#2315 = PCURVE('',#43,#2316);
#2316 = DEFINITIONAL_REPRESENTATION('',(#2317),#2321);
#2317 = CIRCLE('',#2318,72.);
#2318 = AXIS2_PLACEMENT_2D('',#2319,#2320);
#2319 = CARTESIAN_POINT('',(3.8380562932E-13,-3.354263843246E-15));
#2320 = DIRECTION('',(1.,0.));
#2321 = ( GEOMETRIC_REPRESENTATION_CONTEXT(2) 
PARAMETRIC_REPRESENTATION_CONTEXT() REPRESENTATION_CONTEXT('2D SPACE',''
  ) );
#2322 = ORIENTED_EDGE('',*,*,#2254,.F.);
#2323 = ORIENTED_EDGE('',*,*,#643,.T.);
#2324 = ADVANCED_FACE('',(#2325),#629,.F.);
#2325 = FACE_BOUND('',#2326,.F.);
#2326 = EDGE_LOOP('',(#2327,#2328,#2349,#2372));
#2327 = ORIENTED_EDGE('',*,*,#615,.F.);
#2328 = ORIENTED_EDGE('',*,*,#2329,.T.);
#2329 = EDGE_CURVE('',#530,#2330,#2332,.T.);
#2330 = VERTEX_POINT('',#2331);
#2331 = CARTESIAN_POINT('',(18.999999999999,-69.44782214007,0.));
#2332 = SURFACE_CURVE('',#2333,(#2337,#2343),.PCURVE_S1.);
#2333 = LINE('',#2334,#2335);
#2334 = CARTESIAN_POINT('',(19.,-69.44782214007,0.));
#2335 = VECTOR('',#2336,1.);
#2336 = DIRECTION('',(-0.,-0.,-1.));
#2337 = PCURVE('',#629,#2338);
#2338 = DEFINITIONAL_REPRESENTATION('',(#2339),#2342);
#2339 = B_SPLINE_CURVE_WITH_KNOTS('',1,(#2340,#2341),.UNSPECIFIED.,.F.,
  .F.,(2,2),(-6.0000006,6.E-07),.PIECEWISE_BEZIER_KNOTS.);
#2340 = CARTESIAN_POINT('',(6.0000006,-10.55217785992));
#2341 = CARTESIAN_POINT('',(-6.E-07,-10.55217785992));
#2342 = ( GEOMETRIC_REPRESENTATION_CONTEXT(2) 
PARAMETRIC_REPRESENTATION_CONTEXT() REPRESENTATION_CONTEXT('2D SPACE',''
  ) );
#2343 = PCURVE('',#546,#2344);
#2344 = DEFINITIONAL_REPRESENTATION('',(#2345),#2348);
#2345 = B_SPLINE_CURVE_WITH_KNOTS('',1,(#2346,#2347),.UNSPECIFIED.,.F.,
  .F.,(2,2),(-6.0000006,6.E-07),.PIECEWISE_BEZIER_KNOTS.);
#2346 = CARTESIAN_POINT('',(-4.9794407769,-6.0000006));
#2347 = CARTESIAN_POINT('',(-4.9794407769,6.E-07));
#2348 = ( GEOMETRIC_REPRESENTATION_CONTEXT(2) 
PARAMETRIC_REPRESENTATION_CONTEXT() REPRESENTATION_CONTEXT('2D SPACE',''
  ) );
#2349 = ORIENTED_EDGE('',*,*,#2350,.T.);
#2350 = EDGE_CURVE('',#2330,#2351,#2353,.T.);
#2351 = VERTEX_POINT('',#2352);
#2352 = CARTESIAN_POINT('',(18.999999999999,69.447822140079,0.));
#2353 = SURFACE_CURVE('',#2354,(#2358,#2365),.PCURVE_S1.);
#2354 = LINE('',#2355,#2356);
#2355 = CARTESIAN_POINT('',(19.,-80.,0.));
#2356 = VECTOR('',#2357,1.);
#2357 = DIRECTION('',(0.,1.,0.));
#2358 = PCURVE('',#629,#2359);
#2359 = DEFINITIONAL_REPRESENTATION('',(#2360),#2364);
#2360 = LINE('',#2361,#2362);
#2361 = CARTESIAN_POINT('',(0.,0.));
#2362 = VECTOR('',#2363,1.);
#2363 = DIRECTION('',(0.,-1.));
#2364 = ( GEOMETRIC_REPRESENTATION_CONTEXT(2) 
PARAMETRIC_REPRESENTATION_CONTEXT() REPRESENTATION_CONTEXT('2D SPACE',''
  ) );
#2365 = PCURVE('',#43,#2366);
#2366 = DEFINITIONAL_REPRESENTATION('',(#2367),#2371);
#2367 = LINE('',#2368,#2369);
#2368 = CARTESIAN_POINT('',(19.,-80.));
#2369 = VECTOR('',#2370,1.);
#2370 = DIRECTION('',(0.,1.));
#2371 = ( GEOMETRIC_REPRESENTATION_CONTEXT(2) 
PARAMETRIC_REPRESENTATION_CONTEXT() REPRESENTATION_CONTEXT('2D SPACE',''
  ) );
#2372 = ORIENTED_EDGE('',*,*,#2373,.F.);
#2373 = EDGE_CURVE('',#587,#2351,#2374,.T.);
#2374 = SURFACE_CURVE('',#2375,(#2379,#2385),.PCURVE_S1.);
#2375 = LINE('',#2376,#2377);
#2376 = CARTESIAN_POINT('',(19.,69.447822140079,0.));
#2377 = VECTOR('',#2378,1.);
#2378 = DIRECTION('',(-0.,-0.,-1.));
#2379 = PCURVE('',#629,#2380);
#2380 = DEFINITIONAL_REPRESENTATION('',(#2381),#2384);
#2381 = B_SPLINE_CURVE_WITH_KNOTS('',1,(#2382,#2383),.UNSPECIFIED.,.F.,
  .F.,(2,2),(-6.0000006,6.E-07),.PIECEWISE_BEZIER_KNOTS.);
#2382 = CARTESIAN_POINT('',(6.0000006,-149.44782214));
#2383 = CARTESIAN_POINT('',(-6.E-07,-149.44782214));
#2384 = ( GEOMETRIC_REPRESENTATION_CONTEXT(2) 
PARAMETRIC_REPRESENTATION_CONTEXT() REPRESENTATION_CONTEXT('2D SPACE',''
  ) );
#2385 = PCURVE('',#603,#2386);
#2386 = DEFINITIONAL_REPRESENTATION('',(#2387),#2390);
#2387 = B_SPLINE_CURVE_WITH_KNOTS('',1,(#2388,#2389),.UNSPECIFIED.,.F.,
  .F.,(2,2),(-6.0000006,6.E-07),.PIECEWISE_BEZIER_KNOTS.);
#2388 = CARTESIAN_POINT('',(-1.303744530279,-6.0000006));
#2389 = CARTESIAN_POINT('',(-1.303744530279,6.E-07));
#2390 = ( GEOMETRIC_REPRESENTATION_CONTEXT(2) 
PARAMETRIC_REPRESENTATION_CONTEXT() REPRESENTATION_CONTEXT('2D SPACE',''
  ) );
#2391 = ADVANCED_FACE('',(#2392),#603,.F.);
#2392 = FACE_BOUND('',#2393,.T.);
#2393 = EDGE_LOOP('',(#2394,#2418,#2419,#2420));
#2394 = ORIENTED_EDGE('',*,*,#2395,.F.);
#2395 = EDGE_CURVE('',#2351,#2396,#2398,.T.);
#2396 = VERTEX_POINT('',#2397);
#2397 = CARTESIAN_POINT('',(8.999999999999,71.435285398744,0.));
#2398 = SURFACE_CURVE('',#2399,(#2404,#2411),.PCURVE_S1.);
#2399 = CIRCLE('',#2400,72.);
#2400 = AXIS2_PLACEMENT_3D('',#2401,#2402,#2403);
#2401 = CARTESIAN_POINT('',(3.794298208959E-13,2.13162820728E-15,0.));
#2402 = DIRECTION('',(0.,0.,1.));
#2403 = DIRECTION('',(1.,0.,0.));
#2404 = PCURVE('',#603,#2405);
#2405 = DEFINITIONAL_REPRESENTATION('',(#2406),#2410);
#2406 = LINE('',#2407,#2408);
#2407 = CARTESIAN_POINT('',(-0.,0.));
#2408 = VECTOR('',#2409,1.);
#2409 = DIRECTION('',(-1.,0.));
#2410 = ( GEOMETRIC_REPRESENTATION_CONTEXT(2) 
PARAMETRIC_REPRESENTATION_CONTEXT() REPRESENTATION_CONTEXT('2D SPACE',''
  ) );
#2411 = PCURVE('',#43,#2412);
#2412 = DEFINITIONAL_REPRESENTATION('',(#2413),#2417);
#2413 = CIRCLE('',#2414,72.);
#2414 = AXIS2_PLACEMENT_2D('',#2415,#2416);
#2415 = CARTESIAN_POINT('',(3.8380562932E-13,-3.354263843246E-15));
#2416 = DIRECTION('',(1.,0.));
#2417 = ( GEOMETRIC_REPRESENTATION_CONTEXT(2) 
PARAMETRIC_REPRESENTATION_CONTEXT() REPRESENTATION_CONTEXT('2D SPACE',''
  ) );
#2418 = ORIENTED_EDGE('',*,*,#2373,.F.);
#2419 = ORIENTED_EDGE('',*,*,#586,.T.);
#2420 = ORIENTED_EDGE('',*,*,#2421,.T.);
#2421 = EDGE_CURVE('',#559,#2396,#2422,.T.);
#2422 = SURFACE_CURVE('',#2423,(#2427,#2433),.PCURVE_S1.);
#2423 = LINE('',#2424,#2425);
#2424 = CARTESIAN_POINT('',(9.,71.435285398744,0.));
#2425 = VECTOR('',#2426,1.);
#2426 = DIRECTION('',(-0.,-0.,-1.));
#2427 = PCURVE('',#603,#2428);
#2428 = DEFINITIONAL_REPRESENTATION('',(#2429),#2432);
#2429 = B_SPLINE_CURVE_WITH_KNOTS('',1,(#2430,#2431),.UNSPECIFIED.,.F.,
  .F.,(2,2),(-6.0000006,6.E-07),.PIECEWISE_BEZIER_KNOTS.);
#2430 = CARTESIAN_POINT('',(-1.445468495627,-6.0000006));
#2431 = CARTESIAN_POINT('',(-1.445468495627,6.E-07));
#2432 = ( GEOMETRIC_REPRESENTATION_CONTEXT(2) 
PARAMETRIC_REPRESENTATION_CONTEXT() REPRESENTATION_CONTEXT('2D SPACE',''
  ) );
#2433 = PCURVE('',#574,#2434);
#2434 = DEFINITIONAL_REPRESENTATION('',(#2435),#2438);
#2435 = B_SPLINE_CURVE_WITH_KNOTS('',1,(#2436,#2437),.UNSPECIFIED.,.F.,
  .F.,(2,2),(-6.0000006,6.E-07),.PIECEWISE_BEZIER_KNOTS.);
#2436 = CARTESIAN_POINT('',(6.0000006,-151.4352853987));
#2437 = CARTESIAN_POINT('',(-6.E-07,-151.4352853987));
#2438 = ( GEOMETRIC_REPRESENTATION_CONTEXT(2) 
PARAMETRIC_REPRESENTATION_CONTEXT() REPRESENTATION_CONTEXT('2D SPACE',''
  ) );
#2439 = ADVANCED_FACE('',(#2440),#574,.T.);
#2440 = FACE_BOUND('',#2441,.T.);
#2441 = EDGE_LOOP('',(#2442,#2443,#2464,#2485));
#2442 = ORIENTED_EDGE('',*,*,#558,.F.);
#2443 = ORIENTED_EDGE('',*,*,#2444,.T.);
#2444 = EDGE_CURVE('',#528,#2445,#2447,.T.);
#2445 = VERTEX_POINT('',#2446);
#2446 = CARTESIAN_POINT('',(8.999999999999,-71.43528539874,0.));
#2447 = SURFACE_CURVE('',#2448,(#2452,#2458),.PCURVE_S1.);
#2448 = LINE('',#2449,#2450);
#2449 = CARTESIAN_POINT('',(9.,-71.43528539874,0.));
#2450 = VECTOR('',#2451,1.);
#2451 = DIRECTION('',(-0.,-0.,-1.));
#2452 = PCURVE('',#574,#2453);
#2453 = DEFINITIONAL_REPRESENTATION('',(#2454),#2457);
#2454 = B_SPLINE_CURVE_WITH_KNOTS('',1,(#2455,#2456),.UNSPECIFIED.,.F.,
  .F.,(2,2),(-6.0000006,6.E-07),.PIECEWISE_BEZIER_KNOTS.);
#2455 = CARTESIAN_POINT('',(6.0000006,-8.564714601256));
#2456 = CARTESIAN_POINT('',(-6.E-07,-8.564714601256));
#2457 = ( GEOMETRIC_REPRESENTATION_CONTEXT(2) 
PARAMETRIC_REPRESENTATION_CONTEXT() REPRESENTATION_CONTEXT('2D SPACE',''
  ) );
#2458 = PCURVE('',#546,#2459);
#2459 = DEFINITIONAL_REPRESENTATION('',(#2460),#2463);
#2460 = B_SPLINE_CURVE_WITH_KNOTS('',1,(#2461,#2462),.UNSPECIFIED.,.F.,
  .F.,(2,2),(-6.0000006,6.E-07),.PIECEWISE_BEZIER_KNOTS.);
#2461 = CARTESIAN_POINT('',(-4.837716811553,-6.0000006));
#2462 = CARTESIAN_POINT('',(-4.837716811553,6.E-07));
#2463 = ( GEOMETRIC_REPRESENTATION_CONTEXT(2) 
PARAMETRIC_REPRESENTATION_CONTEXT() REPRESENTATION_CONTEXT('2D SPACE',''
  ) );
#2464 = ORIENTED_EDGE('',*,*,#2465,.T.);
#2465 = EDGE_CURVE('',#2445,#2396,#2466,.T.);
#2466 = SURFACE_CURVE('',#2467,(#2471,#2478),.PCURVE_S1.);
#2467 = LINE('',#2468,#2469);
#2468 = CARTESIAN_POINT('',(9.,-80.,0.));
#2469 = VECTOR('',#2470,1.);
#2470 = DIRECTION('',(0.,1.,0.));
#2471 = PCURVE('',#574,#2472);
#2472 = DEFINITIONAL_REPRESENTATION('',(#2473),#2477);
#2473 = LINE('',#2474,#2475);
#2474 = CARTESIAN_POINT('',(0.,0.));
#2475 = VECTOR('',#2476,1.);
#2476 = DIRECTION('',(0.,-1.));
#2477 = ( GEOMETRIC_REPRESENTATION_CONTEXT(2) 
PARAMETRIC_REPRESENTATION_CONTEXT() REPRESENTATION_CONTEXT('2D SPACE',''
  ) );
#2478 = PCURVE('',#43,#2479);
#2479 = DEFINITIONAL_REPRESENTATION('',(#2480),#2484);
#2480 = LINE('',#2481,#2482);
#2481 = CARTESIAN_POINT('',(9.,-80.));
#2482 = VECTOR('',#2483,1.);
#2483 = DIRECTION('',(0.,1.));
#2484 = ( GEOMETRIC_REPRESENTATION_CONTEXT(2) 
PARAMETRIC_REPRESENTATION_CONTEXT() REPRESENTATION_CONTEXT('2D SPACE',''
  ) );
#2485 = ORIENTED_EDGE('',*,*,#2421,.F.);
#2486 = ADVANCED_FACE('',(#2487),#546,.F.);
#2487 = FACE_BOUND('',#2488,.T.);
#2488 = EDGE_LOOP('',(#2489,#2490,#2512,#2513));
#2489 = ORIENTED_EDGE('',*,*,#2329,.T.);
#2490 = ORIENTED_EDGE('',*,*,#2491,.F.);
#2491 = EDGE_CURVE('',#2445,#2330,#2492,.T.);
#2492 = SURFACE_CURVE('',#2493,(#2498,#2505),.PCURVE_S1.);
#2493 = CIRCLE('',#2494,72.);
#2494 = AXIS2_PLACEMENT_3D('',#2495,#2496,#2497);
#2495 = CARTESIAN_POINT('',(3.794298208959E-13,2.13162820728E-15,0.));
#2496 = DIRECTION('',(0.,0.,1.));
#2497 = DIRECTION('',(1.,0.,0.));
#2498 = PCURVE('',#546,#2499);
#2499 = DEFINITIONAL_REPRESENTATION('',(#2500),#2504);
#2500 = LINE('',#2501,#2502);
#2501 = CARTESIAN_POINT('',(-0.,0.));
#2502 = VECTOR('',#2503,1.);
#2503 = DIRECTION('',(-1.,0.));
#2504 = ( GEOMETRIC_REPRESENTATION_CONTEXT(2) 
PARAMETRIC_REPRESENTATION_CONTEXT() REPRESENTATION_CONTEXT('2D SPACE',''
  ) );
#2505 = PCURVE('',#43,#2506);
#2506 = DEFINITIONAL_REPRESENTATION('',(#2507),#2511);
#2507 = CIRCLE('',#2508,72.);
#2508 = AXIS2_PLACEMENT_2D('',#2509,#2510);
#2509 = CARTESIAN_POINT('',(3.8380562932E-13,-3.354263843246E-15));
#2510 = DIRECTION('',(1.,0.));
#2511 = ( GEOMETRIC_REPRESENTATION_CONTEXT(2) 
PARAMETRIC_REPRESENTATION_CONTEXT() REPRESENTATION_CONTEXT('2D SPACE',''
  ) );
#2512 = ORIENTED_EDGE('',*,*,#2444,.F.);
#2513 = ORIENTED_EDGE('',*,*,#527,.T.);
#2514 = ADVANCED_FACE('',(#2515),#513,.F.);
#2515 = FACE_BOUND('',#2516,.F.);
#2516 = EDGE_LOOP('',(#2517,#2518,#2539,#2562));
#2517 = ORIENTED_EDGE('',*,*,#499,.F.);
#2518 = ORIENTED_EDGE('',*,*,#2519,.T.);
#2519 = EDGE_CURVE('',#414,#2520,#2522,.T.);
#2520 = VERTEX_POINT('',#2521);
#2521 = CARTESIAN_POINT('',(33.000000000002,-63.9921870231,0.));
#2522 = SURFACE_CURVE('',#2523,(#2527,#2533),.PCURVE_S1.);
#2523 = LINE('',#2524,#2525);
#2524 = CARTESIAN_POINT('',(33.,-63.9921870231,0.));
#2525 = VECTOR('',#2526,1.);
#2526 = DIRECTION('',(-0.,-0.,-1.));
#2527 = PCURVE('',#513,#2528);
#2528 = DEFINITIONAL_REPRESENTATION('',(#2529),#2532);
#2529 = B_SPLINE_CURVE_WITH_KNOTS('',1,(#2530,#2531),.UNSPECIFIED.,.F.,
  .F.,(2,2),(-6.0000006,6.E-07),.PIECEWISE_BEZIER_KNOTS.);
#2530 = CARTESIAN_POINT('',(6.0000006,-16.00781297689));
#2531 = CARTESIAN_POINT('',(-6.E-07,-16.00781297689));
#2532 = ( GEOMETRIC_REPRESENTATION_CONTEXT(2) 
PARAMETRIC_REPRESENTATION_CONTEXT() REPRESENTATION_CONTEXT('2D SPACE',''
  ) );
#2533 = PCURVE('',#430,#2534);
#2534 = DEFINITIONAL_REPRESENTATION('',(#2535),#2538);
#2535 = B_SPLINE_CURVE_WITH_KNOTS('',1,(#2536,#2537),.UNSPECIFIED.,.F.,
  .F.,(2,2),(-6.0000006,6.E-07),.PIECEWISE_BEZIER_KNOTS.);
#2536 = CARTESIAN_POINT('',(-5.188508041296,-6.0000006));
#2537 = CARTESIAN_POINT('',(-5.188508041296,6.E-07));
#2538 = ( GEOMETRIC_REPRESENTATION_CONTEXT(2) 
PARAMETRIC_REPRESENTATION_CONTEXT() REPRESENTATION_CONTEXT('2D SPACE',''
  ) );
#2539 = ORIENTED_EDGE('',*,*,#2540,.T.);
#2540 = EDGE_CURVE('',#2520,#2541,#2543,.T.);
#2541 = VERTEX_POINT('',#2542);
#2542 = CARTESIAN_POINT('',(33.000000000002,63.992187023103,0.));
#2543 = SURFACE_CURVE('',#2544,(#2548,#2555),.PCURVE_S1.);
#2544 = LINE('',#2545,#2546);
#2545 = CARTESIAN_POINT('',(33.,-80.,0.));
#2546 = VECTOR('',#2547,1.);
#2547 = DIRECTION('',(0.,1.,0.));
#2548 = PCURVE('',#513,#2549);
#2549 = DEFINITIONAL_REPRESENTATION('',(#2550),#2554);
#2550 = LINE('',#2551,#2552);
#2551 = CARTESIAN_POINT('',(0.,0.));
#2552 = VECTOR('',#2553,1.);
#2553 = DIRECTION('',(0.,-1.));
#2554 = ( GEOMETRIC_REPRESENTATION_CONTEXT(2) 
PARAMETRIC_REPRESENTATION_CONTEXT() REPRESENTATION_CONTEXT('2D SPACE',''
  ) );
#2555 = PCURVE('',#43,#2556);
#2556 = DEFINITIONAL_REPRESENTATION('',(#2557),#2561);
#2557 = LINE('',#2558,#2559);
#2558 = CARTESIAN_POINT('',(33.,-80.));
#2559 = VECTOR('',#2560,1.);
#2560 = DIRECTION('',(0.,1.));
#2561 = ( GEOMETRIC_REPRESENTATION_CONTEXT(2) 
PARAMETRIC_REPRESENTATION_CONTEXT() REPRESENTATION_CONTEXT('2D SPACE',''
  ) );
#2562 = ORIENTED_EDGE('',*,*,#2563,.F.);
#2563 = EDGE_CURVE('',#471,#2541,#2564,.T.);
#2564 = SURFACE_CURVE('',#2565,(#2569,#2575),.PCURVE_S1.);
#2565 = LINE('',#2566,#2567);
#2566 = CARTESIAN_POINT('',(33.,63.992187023105,0.));
#2567 = VECTOR('',#2568,1.);
#2568 = DIRECTION('',(-0.,-0.,-1.));
#2569 = PCURVE('',#513,#2570);
#2570 = DEFINITIONAL_REPRESENTATION('',(#2571),#2574);
#2571 = B_SPLINE_CURVE_WITH_KNOTS('',1,(#2572,#2573),.UNSPECIFIED.,.F.,
  .F.,(2,2),(-6.0000006,6.E-07),.PIECEWISE_BEZIER_KNOTS.);
#2572 = CARTESIAN_POINT('',(6.0000006,-143.9921870231));
#2573 = CARTESIAN_POINT('',(-6.E-07,-143.9921870231));
#2574 = ( GEOMETRIC_REPRESENTATION_CONTEXT(2) 
PARAMETRIC_REPRESENTATION_CONTEXT() REPRESENTATION_CONTEXT('2D SPACE',''
  ) );
#2575 = PCURVE('',#487,#2576);
#2576 = DEFINITIONAL_REPRESENTATION('',(#2577),#2580);
#2577 = B_SPLINE_CURVE_WITH_KNOTS('',1,(#2578,#2579),.UNSPECIFIED.,.F.,
  .F.,(2,2),(-6.0000006,6.E-07),.PIECEWISE_BEZIER_KNOTS.);
#2578 = CARTESIAN_POINT('',(-1.094677265883,-6.0000006));
#2579 = CARTESIAN_POINT('',(-1.094677265883,6.E-07));
#2580 = ( GEOMETRIC_REPRESENTATION_CONTEXT(2) 
PARAMETRIC_REPRESENTATION_CONTEXT() REPRESENTATION_CONTEXT('2D SPACE',''
  ) );
#2581 = ADVANCED_FACE('',(#2582),#487,.F.);
#2582 = FACE_BOUND('',#2583,.T.);
#2583 = EDGE_LOOP('',(#2584,#2608,#2609,#2610));
#2584 = ORIENTED_EDGE('',*,*,#2585,.F.);
#2585 = EDGE_CURVE('',#2541,#2586,#2588,.T.);
#2586 = VERTEX_POINT('',#2587);
#2587 = CARTESIAN_POINT('',(22.999999999999,68.227560413663,0.));
#2588 = SURFACE_CURVE('',#2589,(#2594,#2601),.PCURVE_S1.);
#2589 = CIRCLE('',#2590,72.);
#2590 = AXIS2_PLACEMENT_3D('',#2591,#2592,#2593);
#2591 = CARTESIAN_POINT('',(3.794298208959E-13,2.13162820728E-15,0.));
#2592 = DIRECTION('',(0.,0.,1.));
#2593 = DIRECTION('',(1.,0.,0.));
#2594 = PCURVE('',#487,#2595);
#2595 = DEFINITIONAL_REPRESENTATION('',(#2596),#2600);
#2596 = LINE('',#2597,#2598);
#2597 = CARTESIAN_POINT('',(-0.,0.));
#2598 = VECTOR('',#2599,1.);
#2599 = DIRECTION('',(-1.,0.));
#2600 = ( GEOMETRIC_REPRESENTATION_CONTEXT(2) 
PARAMETRIC_REPRESENTATION_CONTEXT() REPRESENTATION_CONTEXT('2D SPACE',''
  ) );
#2601 = PCURVE('',#43,#2602);
#2602 = DEFINITIONAL_REPRESENTATION('',(#2603),#2607);
#2603 = CIRCLE('',#2604,72.);
#2604 = AXIS2_PLACEMENT_2D('',#2605,#2606);
#2605 = CARTESIAN_POINT('',(3.8380562932E-13,-3.354263843246E-15));
#2606 = DIRECTION('',(1.,0.));
#2607 = ( GEOMETRIC_REPRESENTATION_CONTEXT(2) 
PARAMETRIC_REPRESENTATION_CONTEXT() REPRESENTATION_CONTEXT('2D SPACE',''
  ) );
#2608 = ORIENTED_EDGE('',*,*,#2563,.F.);
#2609 = ORIENTED_EDGE('',*,*,#470,.T.);
#2610 = ORIENTED_EDGE('',*,*,#2611,.T.);
#2611 = EDGE_CURVE('',#443,#2586,#2612,.T.);
#2612 = SURFACE_CURVE('',#2613,(#2617,#2623),.PCURVE_S1.);
#2613 = LINE('',#2614,#2615);
#2614 = CARTESIAN_POINT('',(23.,68.227560413663,0.));
#2615 = VECTOR('',#2616,1.);
#2616 = DIRECTION('',(-0.,-0.,-1.));
#2617 = PCURVE('',#487,#2618);
#2618 = DEFINITIONAL_REPRESENTATION('',(#2619),#2622);
#2619 = B_SPLINE_CURVE_WITH_KNOTS('',1,(#2620,#2621),.UNSPECIFIED.,.F.,
  .F.,(2,2),(-6.0000006,6.E-07),.PIECEWISE_BEZIER_KNOTS.);
#2620 = CARTESIAN_POINT('',(-1.245653170824,-6.0000006));
#2621 = CARTESIAN_POINT('',(-1.245653170824,6.E-07));
#2622 = ( GEOMETRIC_REPRESENTATION_CONTEXT(2) 
PARAMETRIC_REPRESENTATION_CONTEXT() REPRESENTATION_CONTEXT('2D SPACE',''
  ) );
#2623 = PCURVE('',#458,#2624);
#2624 = DEFINITIONAL_REPRESENTATION('',(#2625),#2628);
#2625 = B_SPLINE_CURVE_WITH_KNOTS('',1,(#2626,#2627),.UNSPECIFIED.,.F.,
  .F.,(2,2),(-6.0000006,6.E-07),.PIECEWISE_BEZIER_KNOTS.);
#2626 = CARTESIAN_POINT('',(6.0000006,-148.2275604136));
#2627 = CARTESIAN_POINT('',(-6.E-07,-148.2275604136));
#2628 = ( GEOMETRIC_REPRESENTATION_CONTEXT(2) 
PARAMETRIC_REPRESENTATION_CONTEXT() REPRESENTATION_CONTEXT('2D SPACE',''
  ) );
#2629 = ADVANCED_FACE('',(#2630),#458,.T.);
#2630 = FACE_BOUND('',#2631,.T.);
#2631 = EDGE_LOOP('',(#2632,#2633,#2654,#2675));
#2632 = ORIENTED_EDGE('',*,*,#442,.F.);
#2633 = ORIENTED_EDGE('',*,*,#2634,.T.);
#2634 = EDGE_CURVE('',#412,#2635,#2637,.T.);
#2635 = VERTEX_POINT('',#2636);
#2636 = CARTESIAN_POINT('',(22.999999999999,-68.22756041366,0.));
#2637 = SURFACE_CURVE('',#2638,(#2642,#2648),.PCURVE_S1.);
#2638 = LINE('',#2639,#2640);
#2639 = CARTESIAN_POINT('',(23.,-68.22756041366,0.));
#2640 = VECTOR('',#2641,1.);
#2641 = DIRECTION('',(-0.,-0.,-1.));
#2642 = PCURVE('',#458,#2643);
#2643 = DEFINITIONAL_REPRESENTATION('',(#2644),#2647);
#2644 = B_SPLINE_CURVE_WITH_KNOTS('',1,(#2645,#2646),.UNSPECIFIED.,.F.,
  .F.,(2,2),(-6.0000006,6.E-07),.PIECEWISE_BEZIER_KNOTS.);
#2645 = CARTESIAN_POINT('',(6.0000006,-11.77243958633));
#2646 = CARTESIAN_POINT('',(-6.E-07,-11.77243958633));
#2647 = ( GEOMETRIC_REPRESENTATION_CONTEXT(2) 
PARAMETRIC_REPRESENTATION_CONTEXT() REPRESENTATION_CONTEXT('2D SPACE',''
  ) );
#2648 = PCURVE('',#430,#2649);
#2649 = DEFINITIONAL_REPRESENTATION('',(#2650),#2653);
#2650 = B_SPLINE_CURVE_WITH_KNOTS('',1,(#2651,#2652),.UNSPECIFIED.,.F.,
  .F.,(2,2),(-6.0000006,6.E-07),.PIECEWISE_BEZIER_KNOTS.);
#2651 = CARTESIAN_POINT('',(-5.037532136356,-6.0000006));
#2652 = CARTESIAN_POINT('',(-5.037532136356,6.E-07));
#2653 = ( GEOMETRIC_REPRESENTATION_CONTEXT(2) 
PARAMETRIC_REPRESENTATION_CONTEXT() REPRESENTATION_CONTEXT('2D SPACE',''
  ) );
#2654 = ORIENTED_EDGE('',*,*,#2655,.T.);
#2655 = EDGE_CURVE('',#2635,#2586,#2656,.T.);
#2656 = SURFACE_CURVE('',#2657,(#2661,#2668),.PCURVE_S1.);
#2657 = LINE('',#2658,#2659);
#2658 = CARTESIAN_POINT('',(23.,-80.,0.));
#2659 = VECTOR('',#2660,1.);
#2660 = DIRECTION('',(0.,1.,0.));
#2661 = PCURVE('',#458,#2662);
#2662 = DEFINITIONAL_REPRESENTATION('',(#2663),#2667);
#2663 = LINE('',#2664,#2665);
#2664 = CARTESIAN_POINT('',(0.,0.));
#2665 = VECTOR('',#2666,1.);
#2666 = DIRECTION('',(0.,-1.));
#2667 = ( GEOMETRIC_REPRESENTATION_CONTEXT(2) 
PARAMETRIC_REPRESENTATION_CONTEXT() REPRESENTATION_CONTEXT('2D SPACE',''
  ) );
#2668 = PCURVE('',#43,#2669);
#2669 = DEFINITIONAL_REPRESENTATION('',(#2670),#2674);
#2670 = LINE('',#2671,#2672);
#2671 = CARTESIAN_POINT('',(23.,-80.));
#2672 = VECTOR('',#2673,1.);
#2673 = DIRECTION('',(0.,1.));
#2674 = ( GEOMETRIC_REPRESENTATION_CONTEXT(2) 
PARAMETRIC_REPRESENTATION_CONTEXT() REPRESENTATION_CONTEXT('2D SPACE',''
  ) );
#2675 = ORIENTED_EDGE('',*,*,#2611,.F.);
#2676 = ADVANCED_FACE('',(#2677),#430,.F.);
#2677 = FACE_BOUND('',#2678,.T.);
#2678 = EDGE_LOOP('',(#2679,#2680,#2702,#2703));
#2679 = ORIENTED_EDGE('',*,*,#2519,.T.);
#2680 = ORIENTED_EDGE('',*,*,#2681,.F.);
#2681 = EDGE_CURVE('',#2635,#2520,#2682,.T.);
#2682 = SURFACE_CURVE('',#2683,(#2688,#2695),.PCURVE_S1.);
#2683 = CIRCLE('',#2684,72.);
#2684 = AXIS2_PLACEMENT_3D('',#2685,#2686,#2687);
#2685 = CARTESIAN_POINT('',(3.794298208959E-13,2.13162820728E-15,0.));
#2686 = DIRECTION('',(0.,0.,1.));
#2687 = DIRECTION('',(1.,0.,0.));
#2688 = PCURVE('',#430,#2689);
#2689 = DEFINITIONAL_REPRESENTATION('',(#2690),#2694);
#2690 = LINE('',#2691,#2692);
#2691 = CARTESIAN_POINT('',(-0.,0.));
#2692 = VECTOR('',#2693,1.);
#2693 = DIRECTION('',(-1.,0.));
#2694 = ( GEOMETRIC_REPRESENTATION_CONTEXT(2) 
PARAMETRIC_REPRESENTATION_CONTEXT() REPRESENTATION_CONTEXT('2D SPACE',''
  ) );
#2695 = PCURVE('',#43,#2696);
#2696 = DEFINITIONAL_REPRESENTATION('',(#2697),#2701);
#2697 = CIRCLE('',#2698,72.);
#2698 = AXIS2_PLACEMENT_2D('',#2699,#2700);
#2699 = CARTESIAN_POINT('',(3.8380562932E-13,-3.354263843246E-15));
#2700 = DIRECTION('',(1.,0.));
#2701 = ( GEOMETRIC_REPRESENTATION_CONTEXT(2) 
PARAMETRIC_REPRESENTATION_CONTEXT() REPRESENTATION_CONTEXT('2D SPACE',''
  ) );
#2702 = ORIENTED_EDGE('',*,*,#2634,.F.);
#2703 = ORIENTED_EDGE('',*,*,#411,.T.);
#2704 = ADVANCED_FACE('',(#2705),#397,.F.);
#2705 = FACE_BOUND('',#2706,.F.);
#2706 = EDGE_LOOP('',(#2707,#2708,#2729,#2752));
#2707 = ORIENTED_EDGE('',*,*,#383,.F.);
#2708 = ORIENTED_EDGE('',*,*,#2709,.T.);
#2709 = EDGE_CURVE('',#298,#2710,#2712,.T.);
#2710 = VERTEX_POINT('',#2711);
#2711 = CARTESIAN_POINT('',(47.,-54.54356057317,0.));
#2712 = SURFACE_CURVE('',#2713,(#2717,#2723),.PCURVE_S1.);
#2713 = LINE('',#2714,#2715);
#2714 = CARTESIAN_POINT('',(47.,-54.54356057317,0.));
#2715 = VECTOR('',#2716,1.);
#2716 = DIRECTION('',(-0.,-0.,-1.));
#2717 = PCURVE('',#397,#2718);
#2718 = DEFINITIONAL_REPRESENTATION('',(#2719),#2722);
#2719 = B_SPLINE_CURVE_WITH_KNOTS('',1,(#2720,#2721),.UNSPECIFIED.,.F.,
  .F.,(2,2),(-6.0000006,6.E-07),.PIECEWISE_BEZIER_KNOTS.);
#2720 = CARTESIAN_POINT('',(6.0000006,-25.45643942682));
#2721 = CARTESIAN_POINT('',(-6.E-07,-25.45643942682));
#2722 = ( GEOMETRIC_REPRESENTATION_CONTEXT(2) 
PARAMETRIC_REPRESENTATION_CONTEXT() REPRESENTATION_CONTEXT('2D SPACE',''
  ) );
#2723 = PCURVE('',#314,#2724);
#2724 = DEFINITIONAL_REPRESENTATION('',(#2725),#2728);
#2725 = B_SPLINE_CURVE_WITH_KNOTS('',1,(#2726,#2727),.UNSPECIFIED.,.F.,
  .F.,(2,2),(-6.0000006,6.E-07),.PIECEWISE_BEZIER_KNOTS.);
#2726 = CARTESIAN_POINT('',(-5.423634444571,-6.0000006));
#2727 = CARTESIAN_POINT('',(-5.423634444571,6.E-07));
#2728 = ( GEOMETRIC_REPRESENTATION_CONTEXT(2) 
PARAMETRIC_REPRESENTATION_CONTEXT() REPRESENTATION_CONTEXT('2D SPACE',''
  ) );
#2729 = ORIENTED_EDGE('',*,*,#2730,.T.);
#2730 = EDGE_CURVE('',#2710,#2731,#2733,.T.);
#2731 = VERTEX_POINT('',#2732);
#2732 = CARTESIAN_POINT('',(47.,54.543560573179,0.));
#2733 = SURFACE_CURVE('',#2734,(#2738,#2745),.PCURVE_S1.);
#2734 = LINE('',#2735,#2736);
#2735 = CARTESIAN_POINT('',(47.,-80.,0.));
#2736 = VECTOR('',#2737,1.);
#2737 = DIRECTION('',(0.,1.,0.));
#2738 = PCURVE('',#397,#2739);
#2739 = DEFINITIONAL_REPRESENTATION('',(#2740),#2744);
#2740 = LINE('',#2741,#2742);
#2741 = CARTESIAN_POINT('',(0.,0.));
#2742 = VECTOR('',#2743,1.);
#2743 = DIRECTION('',(0.,-1.));
#2744 = ( GEOMETRIC_REPRESENTATION_CONTEXT(2) 
PARAMETRIC_REPRESENTATION_CONTEXT() REPRESENTATION_CONTEXT('2D SPACE',''
  ) );
#2745 = PCURVE('',#43,#2746);
#2746 = DEFINITIONAL_REPRESENTATION('',(#2747),#2751);
#2747 = LINE('',#2748,#2749);
#2748 = CARTESIAN_POINT('',(47.,-80.));
#2749 = VECTOR('',#2750,1.);
#2750 = DIRECTION('',(0.,1.));
#2751 = ( GEOMETRIC_REPRESENTATION_CONTEXT(2) 
PARAMETRIC_REPRESENTATION_CONTEXT() REPRESENTATION_CONTEXT('2D SPACE',''
  ) );
#2752 = ORIENTED_EDGE('',*,*,#2753,.F.);
#2753 = EDGE_CURVE('',#355,#2731,#2754,.T.);
#2754 = SURFACE_CURVE('',#2755,(#2759,#2765),.PCURVE_S1.);
#2755 = LINE('',#2756,#2757);
#2756 = CARTESIAN_POINT('',(47.,54.543560573179,0.));
#2757 = VECTOR('',#2758,1.);
#2758 = DIRECTION('',(-0.,-0.,-1.));
#2759 = PCURVE('',#397,#2760);
#2760 = DEFINITIONAL_REPRESENTATION('',(#2761),#2764);
#2761 = B_SPLINE_CURVE_WITH_KNOTS('',1,(#2762,#2763),.UNSPECIFIED.,.F.,
  .F.,(2,2),(-6.0000006,6.E-07),.PIECEWISE_BEZIER_KNOTS.);
#2762 = CARTESIAN_POINT('',(6.0000006,-134.5435605731));
#2763 = CARTESIAN_POINT('',(-6.E-07,-134.5435605731));
#2764 = ( GEOMETRIC_REPRESENTATION_CONTEXT(2) 
PARAMETRIC_REPRESENTATION_CONTEXT() REPRESENTATION_CONTEXT('2D SPACE',''
  ) );
#2765 = PCURVE('',#371,#2766);
#2766 = DEFINITIONAL_REPRESENTATION('',(#2767),#2770);
#2767 = B_SPLINE_CURVE_WITH_KNOTS('',1,(#2768,#2769),.UNSPECIFIED.,.F.,
  .F.,(2,2),(-6.0000006,6.E-07),.PIECEWISE_BEZIER_KNOTS.);
#2768 = CARTESIAN_POINT('',(-0.859550862609,-6.0000006));
#2769 = CARTESIAN_POINT('',(-0.859550862609,6.E-07));
#2770 = ( GEOMETRIC_REPRESENTATION_CONTEXT(2) 
PARAMETRIC_REPRESENTATION_CONTEXT() REPRESENTATION_CONTEXT('2D SPACE',''
  ) );
#2771 = ADVANCED_FACE('',(#2772),#371,.F.);
#2772 = FACE_BOUND('',#2773,.T.);
#2773 = EDGE_LOOP('',(#2774,#2798,#2799,#2800));
#2774 = ORIENTED_EDGE('',*,*,#2775,.F.);
#2775 = EDGE_CURVE('',#2731,#2776,#2778,.T.);
#2776 = VERTEX_POINT('',#2777);
#2777 = CARTESIAN_POINT('',(37.000000000001,61.765686266728,0.));
#2778 = SURFACE_CURVE('',#2779,(#2784,#2791),.PCURVE_S1.);
#2779 = CIRCLE('',#2780,72.);
#2780 = AXIS2_PLACEMENT_3D('',#2781,#2782,#2783);
#2781 = CARTESIAN_POINT('',(3.794298208959E-13,2.13162820728E-15,0.));
#2782 = DIRECTION('',(0.,0.,1.));
#2783 = DIRECTION('',(1.,0.,0.));
#2784 = PCURVE('',#371,#2785);
#2785 = DEFINITIONAL_REPRESENTATION('',(#2786),#2790);
#2786 = LINE('',#2787,#2788);
#2787 = CARTESIAN_POINT('',(-0.,0.));
#2788 = VECTOR('',#2789,1.);
#2789 = DIRECTION('',(-1.,0.));
#2790 = ( GEOMETRIC_REPRESENTATION_CONTEXT(2) 
PARAMETRIC_REPRESENTATION_CONTEXT() REPRESENTATION_CONTEXT('2D SPACE',''
  ) );
#2791 = PCURVE('',#43,#2792);
#2792 = DEFINITIONAL_REPRESENTATION('',(#2793),#2797);
#2793 = CIRCLE('',#2794,72.);
#2794 = AXIS2_PLACEMENT_2D('',#2795,#2796);
#2795 = CARTESIAN_POINT('',(3.8380562932E-13,-3.354263843246E-15));
#2796 = DIRECTION('',(1.,0.));
#2797 = ( GEOMETRIC_REPRESENTATION_CONTEXT(2) 
PARAMETRIC_REPRESENTATION_CONTEXT() REPRESENTATION_CONTEXT('2D SPACE',''
  ) );
#2798 = ORIENTED_EDGE('',*,*,#2753,.F.);
#2799 = ORIENTED_EDGE('',*,*,#354,.T.);
#2800 = ORIENTED_EDGE('',*,*,#2801,.T.);
#2801 = EDGE_CURVE('',#327,#2776,#2802,.T.);
#2802 = SURFACE_CURVE('',#2803,(#2807,#2813),.PCURVE_S1.);
#2803 = LINE('',#2804,#2805);
#2804 = CARTESIAN_POINT('',(37.,61.765686266729,0.));
#2805 = VECTOR('',#2806,1.);
#2806 = DIRECTION('',(-0.,-0.,-1.));
#2807 = PCURVE('',#371,#2808);
#2808 = DEFINITIONAL_REPRESENTATION('',(#2809),#2812);
#2809 = B_SPLINE_CURVE_WITH_KNOTS('',1,(#2810,#2811),.UNSPECIFIED.,.F.,
  .F.,(2,2),(-6.0000006,6.E-07),.PIECEWISE_BEZIER_KNOTS.);
#2810 = CARTESIAN_POINT('',(-1.031084398305,-6.0000006));
#2811 = CARTESIAN_POINT('',(-1.031084398305,6.E-07));
#2812 = ( GEOMETRIC_REPRESENTATION_CONTEXT(2) 
PARAMETRIC_REPRESENTATION_CONTEXT() REPRESENTATION_CONTEXT('2D SPACE',''
  ) );
#2813 = PCURVE('',#342,#2814);
#2814 = DEFINITIONAL_REPRESENTATION('',(#2815),#2818);
#2815 = B_SPLINE_CURVE_WITH_KNOTS('',1,(#2816,#2817),.UNSPECIFIED.,.F.,
  .F.,(2,2),(-6.0000006,6.E-07),.PIECEWISE_BEZIER_KNOTS.);
#2816 = CARTESIAN_POINT('',(6.0000006,-141.7656862667));
#2817 = CARTESIAN_POINT('',(-6.E-07,-141.7656862667));
#2818 = ( GEOMETRIC_REPRESENTATION_CONTEXT(2) 
PARAMETRIC_REPRESENTATION_CONTEXT() REPRESENTATION_CONTEXT('2D SPACE',''
  ) );
#2819 = ADVANCED_FACE('',(#2820),#342,.T.);
#2820 = FACE_BOUND('',#2821,.T.);
#2821 = EDGE_LOOP('',(#2822,#2823,#2844,#2865));
#2822 = ORIENTED_EDGE('',*,*,#326,.F.);
#2823 = ORIENTED_EDGE('',*,*,#2824,.T.);
#2824 = EDGE_CURVE('',#296,#2825,#2827,.T.);
#2825 = VERTEX_POINT('',#2826);
#2826 = CARTESIAN_POINT('',(37.000000000001,-61.76568626672,0.));
#2827 = SURFACE_CURVE('',#2828,(#2832,#2838),.PCURVE_S1.);
#2828 = LINE('',#2829,#2830);
#2829 = CARTESIAN_POINT('',(37.,-61.76568626672,0.));
#2830 = VECTOR('',#2831,1.);
#2831 = DIRECTION('',(-0.,-0.,-1.));
#2832 = PCURVE('',#342,#2833);
#2833 = DEFINITIONAL_REPRESENTATION('',(#2834),#2837);
#2834 = B_SPLINE_CURVE_WITH_KNOTS('',1,(#2835,#2836),.UNSPECIFIED.,.F.,
  .F.,(2,2),(-6.0000006,6.E-07),.PIECEWISE_BEZIER_KNOTS.);
#2835 = CARTESIAN_POINT('',(6.0000006,-18.23431373327));
#2836 = CARTESIAN_POINT('',(-6.E-07,-18.23431373327));
#2837 = ( GEOMETRIC_REPRESENTATION_CONTEXT(2) 
PARAMETRIC_REPRESENTATION_CONTEXT() REPRESENTATION_CONTEXT('2D SPACE',''
  ) );
#2838 = PCURVE('',#314,#2839);
#2839 = DEFINITIONAL_REPRESENTATION('',(#2840),#2843);
#2840 = B_SPLINE_CURVE_WITH_KNOTS('',1,(#2841,#2842),.UNSPECIFIED.,.F.,
  .F.,(2,2),(-6.0000006,6.E-07),.PIECEWISE_BEZIER_KNOTS.);
#2841 = CARTESIAN_POINT('',(-5.252100908875,-6.0000006));
#2842 = CARTESIAN_POINT('',(-5.252100908875,6.E-07));
#2843 = ( GEOMETRIC_REPRESENTATION_CONTEXT(2) 
PARAMETRIC_REPRESENTATION_CONTEXT() REPRESENTATION_CONTEXT('2D SPACE',''
  ) );
#2844 = ORIENTED_EDGE('',*,*,#2845,.T.);
#2845 = EDGE_CURVE('',#2825,#2776,#2846,.T.);
#2846 = SURFACE_CURVE('',#2847,(#2851,#2858),.PCURVE_S1.);
#2847 = LINE('',#2848,#2849);
#2848 = CARTESIAN_POINT('',(37.,-80.,0.));
#2849 = VECTOR('',#2850,1.);
#2850 = DIRECTION('',(0.,1.,0.));
#2851 = PCURVE('',#342,#2852);
#2852 = DEFINITIONAL_REPRESENTATION('',(#2853),#2857);
#2853 = LINE('',#2854,#2855);
#2854 = CARTESIAN_POINT('',(0.,0.));
#2855 = VECTOR('',#2856,1.);
#2856 = DIRECTION('',(0.,-1.));
#2857 = ( GEOMETRIC_REPRESENTATION_CONTEXT(2) 
PARAMETRIC_REPRESENTATION_CONTEXT() REPRESENTATION_CONTEXT('2D SPACE',''
  ) );
#2858 = PCURVE('',#43,#2859);
#2859 = DEFINITIONAL_REPRESENTATION('',(#2860),#2864);
#2860 = LINE('',#2861,#2862);
#2861 = CARTESIAN_POINT('',(37.,-80.));
#2862 = VECTOR('',#2863,1.);
#2863 = DIRECTION('',(0.,1.));
#2864 = ( GEOMETRIC_REPRESENTATION_CONTEXT(2) 
PARAMETRIC_REPRESENTATION_CONTEXT() REPRESENTATION_CONTEXT('2D SPACE',''
  ) );
#2865 = ORIENTED_EDGE('',*,*,#2801,.F.);
#2866 = ADVANCED_FACE('',(#2867),#314,.F.);
#2867 = FACE_BOUND('',#2868,.T.);
#2868 = EDGE_LOOP('',(#2869,#2870,#2892,#2893));
#2869 = ORIENTED_EDGE('',*,*,#2709,.T.);
#2870 = ORIENTED_EDGE('',*,*,#2871,.F.);
#2871 = EDGE_CURVE('',#2825,#2710,#2872,.T.);
#2872 = SURFACE_CURVE('',#2873,(#2878,#2885),.PCURVE_S1.);
#2873 = CIRCLE('',#2874,72.);
#2874 = AXIS2_PLACEMENT_3D('',#2875,#2876,#2877);
#2875 = CARTESIAN_POINT('',(3.794298208959E-13,2.13162820728E-15,0.));
#2876 = DIRECTION('',(0.,0.,1.));
#2877 = DIRECTION('',(1.,0.,0.));
#2878 = PCURVE('',#314,#2879);
#2879 = DEFINITIONAL_REPRESENTATION('',(#2880),#2884);
#2880 = LINE('',#2881,#2882);
#2881 = CARTESIAN_POINT('',(-0.,0.));
#2882 = VECTOR('',#2883,1.);
#2883 = DIRECTION('',(-1.,0.));
#2884 = ( GEOMETRIC_REPRESENTATION_CONTEXT(2) 
PARAMETRIC_REPRESENTATION_CONTEXT() REPRESENTATION_CONTEXT('2D SPACE',''
  ) );
#2885 = PCURVE('',#43,#2886);
#2886 = DEFINITIONAL_REPRESENTATION('',(#2887),#2891);
#2887 = CIRCLE('',#2888,72.);
#2888 = AXIS2_PLACEMENT_2D('',#2889,#2890);
#2889 = CARTESIAN_POINT('',(3.8380562932E-13,-3.354263843246E-15));
#2890 = DIRECTION('',(1.,0.));
#2891 = ( GEOMETRIC_REPRESENTATION_CONTEXT(2) 
PARAMETRIC_REPRESENTATION_CONTEXT() REPRESENTATION_CONTEXT('2D SPACE',''
  ) );
#2892 = ORIENTED_EDGE('',*,*,#2824,.F.);
#2893 = ORIENTED_EDGE('',*,*,#295,.T.);
#2894 = ADVANCED_FACE('',(#2895),#281,.F.);
#2895 = FACE_BOUND('',#2896,.F.);
#2896 = EDGE_LOOP('',(#2897,#2898,#2919,#2942));
#2897 = ORIENTED_EDGE('',*,*,#267,.F.);
#2898 = ORIENTED_EDGE('',*,*,#2899,.T.);
#2899 = EDGE_CURVE('',#182,#2900,#2902,.T.);
#2900 = VERTEX_POINT('',#2901);
#2901 = CARTESIAN_POINT('',(61.,-38.24918299781,0.));
#2902 = SURFACE_CURVE('',#2903,(#2907,#2913),.PCURVE_S1.);
#2903 = LINE('',#2904,#2905);
#2904 = CARTESIAN_POINT('',(61.,-38.24918299781,0.));
#2905 = VECTOR('',#2906,1.);
#2906 = DIRECTION('',(-0.,-0.,-1.));
#2907 = PCURVE('',#281,#2908);
#2908 = DEFINITIONAL_REPRESENTATION('',(#2909),#2912);
#2909 = B_SPLINE_CURVE_WITH_KNOTS('',1,(#2910,#2911),.UNSPECIFIED.,.F.,
  .F.,(2,2),(-6.0000006,6.E-07),.PIECEWISE_BEZIER_KNOTS.);
#2910 = CARTESIAN_POINT('',(6.0000006,-41.75081700218));
#2911 = CARTESIAN_POINT('',(-6.E-07,-41.75081700218));
#2912 = ( GEOMETRIC_REPRESENTATION_CONTEXT(2) 
PARAMETRIC_REPRESENTATION_CONTEXT() REPRESENTATION_CONTEXT('2D SPACE',''
  ) );
#2913 = PCURVE('',#198,#2914);
#2914 = DEFINITIONAL_REPRESENTATION('',(#2915),#2918);
#2915 = B_SPLINE_CURVE_WITH_KNOTS('',1,(#2916,#2917),.UNSPECIFIED.,.F.,
  .F.,(2,2),(-6.0000006,6.E-07),.PIECEWISE_BEZIER_KNOTS.);
#2916 = CARTESIAN_POINT('',(-5.723123394488,-6.0000006));
#2917 = CARTESIAN_POINT('',(-5.723123394488,6.E-07));
#2918 = ( GEOMETRIC_REPRESENTATION_CONTEXT(2) 
PARAMETRIC_REPRESENTATION_CONTEXT() REPRESENTATION_CONTEXT('2D SPACE',''
  ) );
#2919 = ORIENTED_EDGE('',*,*,#2920,.T.);
#2920 = EDGE_CURVE('',#2900,#2921,#2923,.T.);
#2921 = VERTEX_POINT('',#2922);
#2922 = CARTESIAN_POINT('',(61.,38.249182997811,0.));
#2923 = SURFACE_CURVE('',#2924,(#2928,#2935),.PCURVE_S1.);
#2924 = LINE('',#2925,#2926);
#2925 = CARTESIAN_POINT('',(61.,-80.,0.));
#2926 = VECTOR('',#2927,1.);
#2927 = DIRECTION('',(0.,1.,0.));
#2928 = PCURVE('',#281,#2929);
#2929 = DEFINITIONAL_REPRESENTATION('',(#2930),#2934);
#2930 = LINE('',#2931,#2932);
#2931 = CARTESIAN_POINT('',(0.,0.));
#2932 = VECTOR('',#2933,1.);
#2933 = DIRECTION('',(0.,-1.));
#2934 = ( GEOMETRIC_REPRESENTATION_CONTEXT(2) 
PARAMETRIC_REPRESENTATION_CONTEXT() REPRESENTATION_CONTEXT('2D SPACE',''
  ) );
#2935 = PCURVE('',#43,#2936);
#2936 = DEFINITIONAL_REPRESENTATION('',(#2937),#2941);
#2937 = LINE('',#2938,#2939);
#2938 = CARTESIAN_POINT('',(61.,-80.));
#2939 = VECTOR('',#2940,1.);
#2940 = DIRECTION('',(0.,1.));
#2941 = ( GEOMETRIC_REPRESENTATION_CONTEXT(2) 
PARAMETRIC_REPRESENTATION_CONTEXT() REPRESENTATION_CONTEXT('2D SPACE',''
  ) );
#2942 = ORIENTED_EDGE('',*,*,#2943,.F.);
#2943 = EDGE_CURVE('',#239,#2921,#2944,.T.);
#2944 = SURFACE_CURVE('',#2945,(#2949,#2955),.PCURVE_S1.);
#2945 = LINE('',#2946,#2947);
#2946 = CARTESIAN_POINT('',(61.,38.249182997811,0.));
#2947 = VECTOR('',#2948,1.);
#2948 = DIRECTION('',(-0.,-0.,-1.));
#2949 = PCURVE('',#281,#2950);
#2950 = DEFINITIONAL_REPRESENTATION('',(#2951),#2954);
#2951 = B_SPLINE_CURVE_WITH_KNOTS('',1,(#2952,#2953),.UNSPECIFIED.,.F.,
  .F.,(2,2),(-6.0000006,6.E-07),.PIECEWISE_BEZIER_KNOTS.);
#2952 = CARTESIAN_POINT('',(6.0000006,-118.2491829978));
#2953 = CARTESIAN_POINT('',(-6.E-07,-118.2491829978));
#2954 = ( GEOMETRIC_REPRESENTATION_CONTEXT(2) 
PARAMETRIC_REPRESENTATION_CONTEXT() REPRESENTATION_CONTEXT('2D SPACE',''
  ) );
#2955 = PCURVE('',#255,#2956);
#2956 = DEFINITIONAL_REPRESENTATION('',(#2957),#2960);
#2957 = B_SPLINE_CURVE_WITH_KNOTS('',1,(#2958,#2959),.UNSPECIFIED.,.F.,
  .F.,(2,2),(-6.0000006,6.E-07),.PIECEWISE_BEZIER_KNOTS.);
#2958 = CARTESIAN_POINT('',(-0.560061912692,-6.0000006));
#2959 = CARTESIAN_POINT('',(-0.560061912692,6.E-07));
#2960 = ( GEOMETRIC_REPRESENTATION_CONTEXT(2) 
PARAMETRIC_REPRESENTATION_CONTEXT() REPRESENTATION_CONTEXT('2D SPACE',''
  ) );
#2961 = ADVANCED_FACE('',(#2962),#255,.F.);
#2962 = FACE_BOUND('',#2963,.T.);
#2963 = EDGE_LOOP('',(#2964,#2988,#2989,#2990));
#2964 = ORIENTED_EDGE('',*,*,#2965,.F.);
#2965 = EDGE_CURVE('',#2921,#2966,#2968,.T.);
#2966 = VERTEX_POINT('',#2967);
#2967 = CARTESIAN_POINT('',(50.999999999998,50.823223038297,0.));
#2968 = SURFACE_CURVE('',#2969,(#2974,#2981),.PCURVE_S1.);
#2969 = CIRCLE('',#2970,72.);
#2970 = AXIS2_PLACEMENT_3D('',#2971,#2972,#2973);
#2971 = CARTESIAN_POINT('',(3.794298208959E-13,2.13162820728E-15,0.));
#2972 = DIRECTION('',(0.,0.,1.));
#2973 = DIRECTION('',(1.,0.,0.));
#2974 = PCURVE('',#255,#2975);
#2975 = DEFINITIONAL_REPRESENTATION('',(#2976),#2980);
#2976 = LINE('',#2977,#2978);
#2977 = CARTESIAN_POINT('',(-0.,0.));
#2978 = VECTOR('',#2979,1.);
#2979 = DIRECTION('',(-1.,0.));
#2980 = ( GEOMETRIC_REPRESENTATION_CONTEXT(2) 
PARAMETRIC_REPRESENTATION_CONTEXT() REPRESENTATION_CONTEXT('2D SPACE',''
  ) );
#2981 = PCURVE('',#43,#2982);
#2982 = DEFINITIONAL_REPRESENTATION('',(#2983),#2987);
#2983 = CIRCLE('',#2984,72.);
#2984 = AXIS2_PLACEMENT_2D('',#2985,#2986);
#2985 = CARTESIAN_POINT('',(3.8380562932E-13,-3.354263843246E-15));
#2986 = DIRECTION('',(1.,0.));
#2987 = ( GEOMETRIC_REPRESENTATION_CONTEXT(2) 
PARAMETRIC_REPRESENTATION_CONTEXT() REPRESENTATION_CONTEXT('2D SPACE',''
  ) );
#2988 = ORIENTED_EDGE('',*,*,#2943,.F.);
#2989 = ORIENTED_EDGE('',*,*,#238,.T.);
#2990 = ORIENTED_EDGE('',*,*,#2991,.T.);
#2991 = EDGE_CURVE('',#211,#2966,#2992,.T.);
#2992 = SURFACE_CURVE('',#2993,(#2997,#3003),.PCURVE_S1.);
#2993 = LINE('',#2994,#2995);
#2994 = CARTESIAN_POINT('',(51.,50.823223038293,0.));
#2995 = VECTOR('',#2996,1.);
#2996 = DIRECTION('',(-0.,-0.,-1.));
#2997 = PCURVE('',#255,#2998);
#2998 = DEFINITIONAL_REPRESENTATION('',(#2999),#3002);
#2999 = B_SPLINE_CURVE_WITH_KNOTS('',1,(#3000,#3001),.UNSPECIFIED.,.F.,
  .F.,(2,2),(-6.0000006,6.E-07),.PIECEWISE_BEZIER_KNOTS.);
#3000 = CARTESIAN_POINT('',(-0.783662048798,-6.0000006));
#3001 = CARTESIAN_POINT('',(-0.783662048798,6.E-07));
#3002 = ( GEOMETRIC_REPRESENTATION_CONTEXT(2) 
PARAMETRIC_REPRESENTATION_CONTEXT() REPRESENTATION_CONTEXT('2D SPACE',''
  ) );
#3003 = PCURVE('',#226,#3004);
#3004 = DEFINITIONAL_REPRESENTATION('',(#3005),#3008);
#3005 = B_SPLINE_CURVE_WITH_KNOTS('',1,(#3006,#3007),.UNSPECIFIED.,.F.,
  .F.,(2,2),(-6.0000006,6.E-07),.PIECEWISE_BEZIER_KNOTS.);
#3006 = CARTESIAN_POINT('',(6.0000006,-130.8232230382));
#3007 = CARTESIAN_POINT('',(-6.E-07,-130.8232230382));
#3008 = ( GEOMETRIC_REPRESENTATION_CONTEXT(2) 
PARAMETRIC_REPRESENTATION_CONTEXT() REPRESENTATION_CONTEXT('2D SPACE',''
  ) );
#3009 = ADVANCED_FACE('',(#3010),#226,.T.);
#3010 = FACE_BOUND('',#3011,.T.);
#3011 = EDGE_LOOP('',(#3012,#3013,#3034,#3055));
#3012 = ORIENTED_EDGE('',*,*,#210,.F.);
#3013 = ORIENTED_EDGE('',*,*,#3014,.T.);
#3014 = EDGE_CURVE('',#180,#3015,#3017,.T.);
#3015 = VERTEX_POINT('',#3016);
#3016 = CARTESIAN_POINT('',(50.999999999998,-50.82322303829,0.));
#3017 = SURFACE_CURVE('',#3018,(#3022,#3028),.PCURVE_S1.);
#3018 = LINE('',#3019,#3020);
#3019 = CARTESIAN_POINT('',(51.,-50.82322303829,0.));
#3020 = VECTOR('',#3021,1.);
#3021 = DIRECTION('',(-0.,-0.,-1.));
#3022 = PCURVE('',#226,#3023);
#3023 = DEFINITIONAL_REPRESENTATION('',(#3024),#3027);
#3024 = B_SPLINE_CURVE_WITH_KNOTS('',1,(#3025,#3026),.UNSPECIFIED.,.F.,
  .F.,(2,2),(-6.0000006,6.E-07),.PIECEWISE_BEZIER_KNOTS.);
#3025 = CARTESIAN_POINT('',(6.0000006,-29.1767769617));
#3026 = CARTESIAN_POINT('',(-6.E-07,-29.1767769617));
#3027 = ( GEOMETRIC_REPRESENTATION_CONTEXT(2) 
PARAMETRIC_REPRESENTATION_CONTEXT() REPRESENTATION_CONTEXT('2D SPACE',''
  ) );
#3028 = PCURVE('',#198,#3029);
#3029 = DEFINITIONAL_REPRESENTATION('',(#3030),#3033);
#3030 = B_SPLINE_CURVE_WITH_KNOTS('',1,(#3031,#3032),.UNSPECIFIED.,.F.,
  .F.,(2,2),(-6.0000006,6.E-07),.PIECEWISE_BEZIER_KNOTS.);
#3031 = CARTESIAN_POINT('',(-5.499523258382,-6.0000006));
#3032 = CARTESIAN_POINT('',(-5.499523258382,6.E-07));
#3033 = ( GEOMETRIC_REPRESENTATION_CONTEXT(2) 
PARAMETRIC_REPRESENTATION_CONTEXT() REPRESENTATION_CONTEXT('2D SPACE',''
  ) );
#3034 = ORIENTED_EDGE('',*,*,#3035,.T.);
#3035 = EDGE_CURVE('',#3015,#2966,#3036,.T.);
#3036 = SURFACE_CURVE('',#3037,(#3041,#3048),.PCURVE_S1.);
#3037 = LINE('',#3038,#3039);
#3038 = CARTESIAN_POINT('',(51.,-80.,0.));
#3039 = VECTOR('',#3040,1.);
#3040 = DIRECTION('',(0.,1.,0.));
#3041 = PCURVE('',#226,#3042);
#3042 = DEFINITIONAL_REPRESENTATION('',(#3043),#3047);
#3043 = LINE('',#3044,#3045);
#3044 = CARTESIAN_POINT('',(0.,0.));
#3045 = VECTOR('',#3046,1.);
#3046 = DIRECTION('',(0.,-1.));
#3047 = ( GEOMETRIC_REPRESENTATION_CONTEXT(2) 
PARAMETRIC_REPRESENTATION_CONTEXT() REPRESENTATION_CONTEXT('2D SPACE',''
  ) );
#3048 = PCURVE('',#43,#3049);
#3049 = DEFINITIONAL_REPRESENTATION('',(#3050),#3054);
#3050 = LINE('',#3051,#3052);
#3051 = CARTESIAN_POINT('',(51.,-80.));
#3052 = VECTOR('',#3053,1.);
#3053 = DIRECTION('',(0.,1.));
#3054 = ( GEOMETRIC_REPRESENTATION_CONTEXT(2) 
PARAMETRIC_REPRESENTATION_CONTEXT() REPRESENTATION_CONTEXT('2D SPACE',''
  ) );
#3055 = ORIENTED_EDGE('',*,*,#2991,.F.);
#3056 = ADVANCED_FACE('',(#3057),#198,.F.);
#3057 = FACE_BOUND('',#3058,.T.);
#3058 = EDGE_LOOP('',(#3059,#3060,#3082,#3083));
#3059 = ORIENTED_EDGE('',*,*,#2899,.T.);
#3060 = ORIENTED_EDGE('',*,*,#3061,.F.);
#3061 = EDGE_CURVE('',#3015,#2900,#3062,.T.);
#3062 = SURFACE_CURVE('',#3063,(#3068,#3075),.PCURVE_S1.);
#3063 = CIRCLE('',#3064,72.);
#3064 = AXIS2_PLACEMENT_3D('',#3065,#3066,#3067);
#3065 = CARTESIAN_POINT('',(3.794298208959E-13,2.13162820728E-15,0.));
#3066 = DIRECTION('',(0.,0.,1.));
#3067 = DIRECTION('',(1.,0.,0.));
#3068 = PCURVE('',#198,#3069);
#3069 = DEFINITIONAL_REPRESENTATION('',(#3070),#3074);
#3070 = LINE('',#3071,#3072);
#3071 = CARTESIAN_POINT('',(-0.,0.));
#3072 = VECTOR('',#3073,1.);
#3073 = DIRECTION('',(-1.,0.));
#3074 = ( GEOMETRIC_REPRESENTATION_CONTEXT(2) 
PARAMETRIC_REPRESENTATION_CONTEXT() REPRESENTATION_CONTEXT('2D SPACE',''
  ) );
#3075 = PCURVE('',#43,#3076);
#3076 = DEFINITIONAL_REPRESENTATION('',(#3077),#3081);
#3077 = CIRCLE('',#3078,72.);
#3078 = AXIS2_PLACEMENT_2D('',#3079,#3080);
#3079 = CARTESIAN_POINT('',(3.8380562932E-13,-3.354263843246E-15));
#3080 = DIRECTION('',(1.,0.));
#3081 = ( GEOMETRIC_REPRESENTATION_CONTEXT(2) 
PARAMETRIC_REPRESENTATION_CONTEXT() REPRESENTATION_CONTEXT('2D SPACE',''
  ) );
#3082 = ORIENTED_EDGE('',*,*,#3014,.F.);
#3083 = ORIENTED_EDGE('',*,*,#179,.T.);
#3084 = ADVANCED_FACE('',(#3085),#165,.F.);
#3085 = FACE_BOUND('',#3086,.T.);
#3086 = EDGE_LOOP('',(#3087,#3088,#3109,#3133));
#3087 = ORIENTED_EDGE('',*,*,#146,.F.);
#3088 = ORIENTED_EDGE('',*,*,#3089,.T.);
#3089 = EDGE_CURVE('',#119,#3090,#3092,.T.);
#3090 = VERTEX_POINT('',#3091);
#3091 = CARTESIAN_POINT('',(65.,30.967725134407,0.));
#3092 = SURFACE_CURVE('',#3093,(#3097,#3103),.PCURVE_S1.);
#3093 = LINE('',#3094,#3095);
#3094 = CARTESIAN_POINT('',(65.,30.967725134405,0.));
#3095 = VECTOR('',#3096,1.);
#3096 = DIRECTION('',(-0.,-0.,-1.));
#3097 = PCURVE('',#165,#3098);
#3098 = DEFINITIONAL_REPRESENTATION('',(#3099),#3102);
#3099 = B_SPLINE_CURVE_WITH_KNOTS('',1,(#3100,#3101),.UNSPECIFIED.,.F.,
  .F.,(2,2),(-6.,0.),.PIECEWISE_BEZIER_KNOTS.);
#3100 = CARTESIAN_POINT('',(-6.727796928973,-6.));
#3101 = CARTESIAN_POINT('',(-6.727796928973,0.));
#3102 = ( GEOMETRIC_REPRESENTATION_CONTEXT(2) 
PARAMETRIC_REPRESENTATION_CONTEXT() REPRESENTATION_CONTEXT('2D SPACE',''
  ) );
#3103 = PCURVE('',#134,#3104);
#3104 = DEFINITIONAL_REPRESENTATION('',(#3105),#3108);
#3105 = B_SPLINE_CURVE_WITH_KNOTS('',1,(#3106,#3107),.UNSPECIFIED.,.F.,
  .F.,(2,2),(-6.0000006,6.E-07),.PIECEWISE_BEZIER_KNOTS.);
#3106 = CARTESIAN_POINT('',(6.0000006,-110.9677251344));
#3107 = CARTESIAN_POINT('',(-6.E-07,-110.9677251344));
#3108 = ( GEOMETRIC_REPRESENTATION_CONTEXT(2) 
PARAMETRIC_REPRESENTATION_CONTEXT() REPRESENTATION_CONTEXT('2D SPACE',''
  ) );
#3109 = ORIENTED_EDGE('',*,*,#3110,.F.);
#3110 = EDGE_CURVE('',#3111,#3090,#3113,.T.);
#3111 = VERTEX_POINT('',#3112);
#3112 = CARTESIAN_POINT('',(65.,-30.9677251344,0.));
#3113 = SURFACE_CURVE('',#3114,(#3119,#3126),.PCURVE_S1.);
#3114 = CIRCLE('',#3115,72.);
#3115 = AXIS2_PLACEMENT_3D('',#3116,#3117,#3118);
#3116 = CARTESIAN_POINT('',(3.794298208959E-13,2.13162820728E-15,0.));
#3117 = DIRECTION('',(0.,0.,1.));
#3118 = DIRECTION('',(0.902777777778,-0.430107293533,0.));
#3119 = PCURVE('',#165,#3120);
#3120 = DEFINITIONAL_REPRESENTATION('',(#3121),#3125);
#3121 = LINE('',#3122,#3123);
#3122 = CARTESIAN_POINT('',(-5.838573685386,0.));
#3123 = VECTOR('',#3124,1.);
#3124 = DIRECTION('',(-1.,0.));
#3125 = ( GEOMETRIC_REPRESENTATION_CONTEXT(2) 
PARAMETRIC_REPRESENTATION_CONTEXT() REPRESENTATION_CONTEXT('2D SPACE',''
  ) );
#3126 = PCURVE('',#43,#3127);
#3127 = DEFINITIONAL_REPRESENTATION('',(#3128),#3132);
#3128 = CIRCLE('',#3129,72.);
#3129 = AXIS2_PLACEMENT_2D('',#3130,#3131);
#3130 = CARTESIAN_POINT('',(3.8380562932E-13,-3.354263843246E-15));
#3131 = DIRECTION('',(0.902777777778,-0.430107293533));
#3132 = ( GEOMETRIC_REPRESENTATION_CONTEXT(2) 
PARAMETRIC_REPRESENTATION_CONTEXT() REPRESENTATION_CONTEXT('2D SPACE',''
  ) );
#3133 = ORIENTED_EDGE('',*,*,#3134,.F.);
#3134 = EDGE_CURVE('',#117,#3111,#3135,.T.);
#3135 = SURFACE_CURVE('',#3136,(#3140,#3146),.PCURVE_S1.);
#3136 = LINE('',#3137,#3138);
#3137 = CARTESIAN_POINT('',(65.,-30.9677251344,0.));
#3138 = VECTOR('',#3139,1.);
#3139 = DIRECTION('',(-0.,-0.,-1.));
#3140 = PCURVE('',#165,#3141);
#3141 = DEFINITIONAL_REPRESENTATION('',(#3142),#3145);
#3142 = B_SPLINE_CURVE_WITH_KNOTS('',1,(#3143,#3144),.UNSPECIFIED.,.F.,
  .F.,(2,2),(-6.,0.),.PIECEWISE_BEZIER_KNOTS.);
#3143 = CARTESIAN_POINT('',(-5.838573685386,-6.));
#3144 = CARTESIAN_POINT('',(-5.838573685386,0.));
#3145 = ( GEOMETRIC_REPRESENTATION_CONTEXT(2) 
PARAMETRIC_REPRESENTATION_CONTEXT() REPRESENTATION_CONTEXT('2D SPACE',''
  ) );
#3146 = PCURVE('',#134,#3147);
#3147 = DEFINITIONAL_REPRESENTATION('',(#3148),#3151);
#3148 = B_SPLINE_CURVE_WITH_KNOTS('',1,(#3149,#3150),.UNSPECIFIED.,.F.,
  .F.,(2,2),(-6.0000006,6.E-07),.PIECEWISE_BEZIER_KNOTS.);
#3149 = CARTESIAN_POINT('',(6.0000006,-49.03227486559));
#3150 = CARTESIAN_POINT('',(-6.E-07,-49.03227486559));
#3151 = ( GEOMETRIC_REPRESENTATION_CONTEXT(2) 
PARAMETRIC_REPRESENTATION_CONTEXT() REPRESENTATION_CONTEXT('2D SPACE',''
  ) );
#3152 = ADVANCED_FACE('',(#3153),#134,.T.);
#3153 = FACE_BOUND('',#3154,.T.);
#3154 = EDGE_LOOP('',(#3155,#3156,#3157,#3178));
#3155 = ORIENTED_EDGE('',*,*,#116,.F.);
#3156 = ORIENTED_EDGE('',*,*,#3134,.T.);
#3157 = ORIENTED_EDGE('',*,*,#3158,.T.);
#3158 = EDGE_CURVE('',#3111,#3090,#3159,.T.);
#3159 = SURFACE_CURVE('',#3160,(#3164,#3171),.PCURVE_S1.);
#3160 = LINE('',#3161,#3162);
#3161 = CARTESIAN_POINT('',(65.,-80.,0.));
#3162 = VECTOR('',#3163,1.);
#3163 = DIRECTION('',(0.,1.,0.));
#3164 = PCURVE('',#134,#3165);
#3165 = DEFINITIONAL_REPRESENTATION('',(#3166),#3170);
#3166 = LINE('',#3167,#3168);
#3167 = CARTESIAN_POINT('',(0.,0.));
#3168 = VECTOR('',#3169,1.);
#3169 = DIRECTION('',(0.,-1.));
#3170 = ( GEOMETRIC_REPRESENTATION_CONTEXT(2) 
PARAMETRIC_REPRESENTATION_CONTEXT() REPRESENTATION_CONTEXT('2D SPACE',''
  ) );
#3171 = PCURVE('',#43,#3172);
#3172 = DEFINITIONAL_REPRESENTATION('',(#3173),#3177);
#3173 = LINE('',#3174,#3175);
#3174 = CARTESIAN_POINT('',(65.,-80.));
#3175 = VECTOR('',#3176,1.);
#3176 = DIRECTION('',(0.,1.));
#3177 = ( GEOMETRIC_REPRESENTATION_CONTEXT(2) 
PARAMETRIC_REPRESENTATION_CONTEXT() REPRESENTATION_CONTEXT('2D SPACE',''
  ) );
#3178 = ORIENTED_EDGE('',*,*,#3089,.F.);
#3179 = ADVANCED_FACE('',(#3180,#3183,#3187,#3193,#3199,#3205,#3211,
    #3217,#3223,#3229,#3235,#3241),#43,.F.);
#3180 = FACE_BOUND('',#3181,.F.);
#3181 = EDGE_LOOP('',(#3182));
#3182 = ORIENTED_EDGE('',*,*,#21,.T.);
#3183 = FACE_BOUND('',#3184,.F.);
#3184 = EDGE_LOOP('',(#3185,#3186));
#3185 = ORIENTED_EDGE('',*,*,#3110,.F.);
#3186 = ORIENTED_EDGE('',*,*,#3158,.T.);
#3187 = FACE_BOUND('',#3188,.F.);
#3188 = EDGE_LOOP('',(#3189,#3190,#3191,#3192));
#3189 = ORIENTED_EDGE('',*,*,#3061,.F.);
#3190 = ORIENTED_EDGE('',*,*,#3035,.T.);
#3191 = ORIENTED_EDGE('',*,*,#2965,.F.);
#3192 = ORIENTED_EDGE('',*,*,#2920,.F.);
#3193 = FACE_BOUND('',#3194,.F.);
#3194 = EDGE_LOOP('',(#3195,#3196,#3197,#3198));
#3195 = ORIENTED_EDGE('',*,*,#2871,.F.);
#3196 = ORIENTED_EDGE('',*,*,#2845,.T.);
#3197 = ORIENTED_EDGE('',*,*,#2775,.F.);
#3198 = ORIENTED_EDGE('',*,*,#2730,.F.);
#3199 = FACE_BOUND('',#3200,.F.);
#3200 = EDGE_LOOP('',(#3201,#3202,#3203,#3204));
#3201 = ORIENTED_EDGE('',*,*,#2681,.F.);
#3202 = ORIENTED_EDGE('',*,*,#2655,.T.);
#3203 = ORIENTED_EDGE('',*,*,#2585,.F.);
#3204 = ORIENTED_EDGE('',*,*,#2540,.F.);
#3205 = FACE_BOUND('',#3206,.F.);
#3206 = EDGE_LOOP('',(#3207,#3208,#3209,#3210));
#3207 = ORIENTED_EDGE('',*,*,#2491,.F.);
#3208 = ORIENTED_EDGE('',*,*,#2465,.T.);
#3209 = ORIENTED_EDGE('',*,*,#2395,.F.);
#3210 = ORIENTED_EDGE('',*,*,#2350,.F.);
#3211 = FACE_BOUND('',#3212,.F.);
#3212 = EDGE_LOOP('',(#3213,#3214,#3215,#3216));
#3213 = ORIENTED_EDGE('',*,*,#2301,.F.);
#3214 = ORIENTED_EDGE('',*,*,#2275,.T.);
#3215 = ORIENTED_EDGE('',*,*,#2205,.F.);
#3216 = ORIENTED_EDGE('',*,*,#2160,.F.);
#3217 = FACE_BOUND('',#3218,.F.);
#3218 = EDGE_LOOP('',(#3219,#3220,#3221,#3222));
#3219 = ORIENTED_EDGE('',*,*,#2111,.F.);
#3220 = ORIENTED_EDGE('',*,*,#2085,.T.);
#3221 = ORIENTED_EDGE('',*,*,#2015,.F.);
#3222 = ORIENTED_EDGE('',*,*,#1970,.F.);
#3223 = FACE_BOUND('',#3224,.F.);
#3224 = EDGE_LOOP('',(#3225,#3226,#3227,#3228));
#3225 = ORIENTED_EDGE('',*,*,#1921,.F.);
#3226 = ORIENTED_EDGE('',*,*,#1895,.T.);
#3227 = ORIENTED_EDGE('',*,*,#1825,.F.);
#3228 = ORIENTED_EDGE('',*,*,#1780,.F.);
#3229 = FACE_BOUND('',#3230,.F.);
#3230 = EDGE_LOOP('',(#3231,#3232,#3233,#3234));
#3231 = ORIENTED_EDGE('',*,*,#1731,.F.);
#3232 = ORIENTED_EDGE('',*,*,#1705,.T.);
#3233 = ORIENTED_EDGE('',*,*,#1635,.F.);
#3234 = ORIENTED_EDGE('',*,*,#1590,.F.);
#3235 = FACE_BOUND('',#3236,.F.);
#3236 = EDGE_LOOP('',(#3237,#3238,#3239,#3240));
#3237 = ORIENTED_EDGE('',*,*,#1541,.F.);
#3238 = ORIENTED_EDGE('',*,*,#1515,.T.);
#3239 = ORIENTED_EDGE('',*,*,#1445,.F.);
#3240 = ORIENTED_EDGE('',*,*,#1400,.F.);
#3241 = FACE_BOUND('',#3242,.F.);
#3242 = EDGE_LOOP('',(#3243,#3244));
#3243 = ORIENTED_EDGE('',*,*,#1350,.F.);
#3244 = ORIENTED_EDGE('',*,*,#1305,.F.);
#3245 = ( GEOMETRIC_REPRESENTATION_CONTEXT(3) 
GLOBAL_UNCERTAINTY_ASSIGNED_CONTEXT((#3249)) 
GLOBAL_UNIT_ASSIGNED_CONTEXT((#3246,#3247,#3248)) REPRESENTATION_CONTEXT
('Context #1','3D Context with UNIT and UNCERTAINTY') );
#3246 = ( LENGTH_UNIT() NAMED_UNIT(*) SI_UNIT(.MILLI.,.METRE.) );
#3247 = ( NAMED_UNIT(*) PLANE_ANGLE_UNIT() SI_UNIT($,.RADIAN.) );
#3248 = ( NAMED_UNIT(*) SI_UNIT($,.STERADIAN.) SOLID_ANGLE_UNIT() );
#3249 = UNCERTAINTY_MEASURE_WITH_UNIT(LENGTH_MEASURE(1.E-07),#3246,
  'distance_accuracy_value','confusion accuracy');
#3250 = PRODUCT_RELATED_PRODUCT_CATEGORY('part',$,(#7));
ENDSEC;
END-ISO-10303-21;
